0.0,0.0,0.0,0.0,0.0,0.0,0.0,0.0,0.0,0.0,0.0,0.0,0.0,0.0,0.0,0.0,0.0,0.0,0.0,0.0,0.0,0.0,0.0,0.0,0.0,0.0,0.0,0.0,0.0,0.0,0.0,0.0,0.0,0.0,0.0,0.0,0.0,0.0,0.0,0.0,0.0,0.0,0.0,0.0,0.0,0.0,0.0,0.0,0.0,0.0,0.0,0.0,0.0,0.0,0.0,0.1392059177160263,0.0,0.0,0.0,0.0,0.0,0.0,0.0,0.0,0.0,0.0,0.0,0.0,0.0,0.0,0.0,0.0,0.0,0.0,0.0,0.0,0.0,0.0,0.0,0.0,0.0,0.0,0.0,0.0,0.0,0.0,0.0,0.0,0.0,0.0,0.0,0.0,0.0,0.0,0.0,0.0,0.0,0.0,0.0,0.0
0.41350590396195075,0.0,0.0,0.2991321418988277,0.18136326170100858,0.18206722455346952,0.3060541977741785,0.39334526680834786,0.0,0.02165566217831404,0.03186072963926982,0.40607357595365556,0.39688805809567207,0.0,0.40108013597958425,0.3883681354354781,0.16332646611766144,0.0,0.6506725940506992,0.0,0.2897225418907706,0.30411865109105085,0.0,0.12943083214430562,0.0,0.2800171154062386,0.13232598616217306,0.07252576261085623,0.0,0.0,0.14780253176413127,0.0,0.0,0.16227874498017567,0.30727075055220787,0.0,0.0,0.1728244677869486,0.34436686266423067,0.2642296085201224,0.5626609325408936,0.0,0.2643113098156391,0.0,0.24856610427678266,0.0,0.0,0.0,0.0,0.0,0.07089952318475219,0.0,0.0,0.1852046641482968,0.3289915188628701,0.46657627128295803,0.0,0.16595454167822749,0.1494498446182943,0.0,0.0,0.23179381951882805,0.3440074920654297,0.18909569343205032,0.14012844496990012,0.11636859731419184,0.2663758847390627,0.8274728059768677,0.0,0.42488300825864656,0.25344476103782654,0.47314612399449435,0.0,0.1609201282262802,0.0,0.1634001583704469,0.6833403706550598,0.04542709477766271,0.0,0.0,0.0,0.0,0.0,0.0,0.0,0.4908955435264505,0.18567984237120855,0.25884953737079364,0.2089985312224146,0.0,0.19495983892559224,0.45803682052961503,0.19821941793991701,0.0,0.17691646990626747,0.48597998124322217,0.09935795932447436,0.0,0.42340007190135803,0.18417559036683556
0.29837762790167577,0.0,0.0,0.40404618267680925,0.024519204911928574,0.10626554644310973,0.1484548008303397,0.2648122430978823,0.0,0.7590445171674075,0.022803013221835682,0.0,0.11106260289693168,0.30056920647621155,0.11783498461081508,0.31551365398669956,0.10895725905064833,0.0,0.06192533364771709,0.12136880523749337,0.42160640112655967,0.05487101867927201,0.3706097972108324,0.26349053846835385,0.0,0.0,0.8494401574134827,0.03900099379368349,0.0,0.0,0.5628250891259676,0.07642083321643527,0.0,0.04278236304607698,0.2199164635228344,0.0,0.0,0.17443523843544584,0.0,0.0843036544540086,0.0,0.0,0.0,0.0,0.3534718063422371,0.0,0.0,0.7807859129690363,0.0,0.0,0.009585182361744557,0.0,0.0,0.057670469452642564,0.47711442285216055,0.19965035716694285,0.0,0.08955765807564604,0.0,0.11366725859656222,0.6690028309822083,0.672832711816378,0.0,0.06109534654926832,0.3007545735747954,0.13411640177668577,0.4350835540788417,0.0693822483000277,0.0,0.0,0.0,0.14940959960001363,0.0,0.0,0.0,0.1514310623485282,0.056022498667535586,0.019562962860547685,0.0,0.0,0.0,0.0,0.0,0.33152734800311556,0.0,0.12977506853809037,0.11588394485681015,0.4019277719603464,0.06884596695388887,0.06065696534555672,0.16368962473923043,0.5938943431010465,0.5217586829005249,0.0,0.36016005728487954,0.056526104515280756,0.049853528506325864,0.0,0.3997600204061821,0.234292829699597
0.0,0.0,0.0,0.0,0.0,0.0,0.0,0.0,0.0,0.0,0.0,0.0,0.0,0.0,0.0,0.0,0.0,0.0,0.0,0.0,0.0,0.0,0.0,0.0,0.0,0.0,0.0,0.0,0.0,0.0,0.0,0.0,0.0,0.0,0.0,0.0,0.0,0.0,0.0,0.0,0.0,0.0,0.0,0.0,0.0,0.0,0.0,0.0,0.0,0.0,0.0,0.0,0.0,0.0,0.0,0.0,0.0,0.0,0.0,0.0,0.0,0.0,0.0,0.0,0.0,0.0,0.0,0.0,0.0,0.0,0.0,0.0,0.0,0.0,0.0,0.2241390496492386,0.0,0.0,0.0,0.0,0.0,0.0,0.0,0.0,0.0,0.0,0.0,0.0,0.0,0.0,0.0,0.0,0.0,0.0,0.0,0.0,0.0,0.0,0.0,0.0
0.21798687084826218,0.0,0.0,0.0,0.0,0.5451426663346766,0.1785209712802862,0.3034826978430595,0.0,0.0,0.0,0.0,0.0,0.0,0.3427549943147614,0.275981073011792,0.0,0.0,0.0,0.0,0.1647782874914916,0.0,0.0,0.0,0.0,0.0,0.0,0.0,0.0,0.0,0.0,0.0,0.0,0.10938813774436618,0.0,0.0,0.0,0.0,0.0,0.33831079928217456,0.0,0.0,0.0,0.0,0.05966118628072961,0.0,0.0,0.0,0.0,0.0,0.39092549681663513,0.0,0.0,0.0,0.0,0.3238848505590196,0.0,0.0,0.0,0.0,0.0,0.1370551153814862,0.0,0.0,0.26171271120451856,0.24577032489087536,0.1901960522460957,0.0,0.0,0.0,0.0,0.382018119096756,0.0,0.0,0.0,0.05753647857109209,0.0,0.11135052634752451,0.0,0.0,0.0,0.0,0.0,0.0,0.0,0.016018976967384916,0.7202392611671669,0.4291558028921321,0.0,0.0,0.05934788955495044,0.04142074995628523,0.0,0.0,0.0,0.0,0.4421776831150055,0.0,0.0,0.0
0.0,0.0,0.0,0.0,0.0,0.0,0.0,0.0,0.0,0.0,0.0,0.0,0.0,0.0,0.0,0.0,0.0,0.0,0.0,0.0,0.0,0.0,0.0,0.0,0.0,0.0,0.0,0.0,0.0,0.0,0.0,0.0,0.0,0.0,0.0,0.0,0.0,0.0,0.0,0.0,0.0,0.0,0.0,0.0,0.0,0.0,0.0,0.0,0.0,0.0,0.0,0.0,0.0,0.0,0.0,0.0,0.0,0.0,0.0,0.0,0.0,0.0,0.0,0.0,0.0,0.0,0.0,0.0,0.0,0.0,0.0,0.0,0.0,0.0,0.0,0.0,0.0,0.0,0.0,0.0,0.0,0.0,0.0,0.0,0.0,0.0,0.0,0.0,0.0,0.0,0.0,0.0,0.0,0.0,0.0,0.0,0.0,0.0,0.0,0.0
0.0,0.0,0.0,0.0,0.0,0.0,0.0,0.0,0.0,0.0,0.0,0.0,0.0,0.0,0.0,0.0,0.0,0.0,0.0,0.0,0.0,0.0,0.0,0.0,0.0,0.0,0.0,0.0,0.0,0.0,0.0,0.0,0.0,0.0,0.0,0.0,0.0,0.0,0.0,0.0,0.0,0.0,0.0,0.0,0.334197074174881,0.0,0.0,0.0,0.0,0.0,0.0,0.0,0.0,0.0,0.0,0.0,0.0,0.0,0.0,0.0,0.0,0.0,0.0,0.0,0.0,0.0,0.0,0.0,0.0,0.0,0.0,0.0,0.0,0.0,0.0,0.0,0.0,0.0,0.0,0.0,0.0,0.0,0.0,0.0,0.0,0.08973162566001491,0.0,0.26481029251812593,0.0,0.0,0.0,0.06541333642436542,0.0,0.0,0.0,0.0,0.0,0.0,0.0,0.0
0.603642463684082,0.0,0.0,0.0,0.0,0.0,0.0,0.0,0.0,0.0,0.0,0.0,0.0,0.0,0.0,0.0,0.0,0.0,0.0,0.0,0.0,0.0,0.0,0.0,0.0,0.0,0.0,0.0,0.0,0.0,0.0,0.0,0.0,0.0,0.0,0.0,0.0,0.0,0.0,0.0,0.0,0.0,0.0,0.0,0.0,0.0,0.0,0.0,0.0,0.0,0.0,0.0,0.0,0.0,0.0,0.08403060312950572,0.0,0.0,0.0,0.0,0.0,0.45160767436027527,0.0,0.0,0.0,0.0,0.0,0.0,0.0,0.0,0.0,0.0,0.0,0.0,0.0,0.0,0.0,0.0,0.0,0.0,0.0,0.0,0.0,0.0,0.0,0.0,0.0,0.0,0.0,0.0,0.19555608928203583,0.09800590878661719,0.0,0.0,0.0,0.0,0.0,0.0,0.0,0.0
0.13094515739086154,0.0,0.0,0.04554662278739006,0.0,0.1277009656870857,0.0,0.09119408972688331,0.0,0.0,0.0,0.0,0.0660355134765056,0.0,0.0,0.09074956926276112,0.2659616768360138,0.0,0.0,0.0,0.04337242474157366,0.6016312631675262,0.0,0.0,0.0,0.5370209813117981,0.26371827721595764,0.0,0.0,0.0,0.0,0.0,0.0,0.1873469294134189,0.0,0.0,0.0,0.10052387372657498,0.0,0.0,0.0,0.0,0.0,0.0,0.18204449747137386,0.0,0.0,0.0,0.0,0.0,0.0,0.0,0.0,0.02858417086656501,0.06009941045971745,0.8516223741017029,0.0,0.0,0.0,0.0,0.0,0.20200000841137045,0.0,0.026185450012687756,0.2760042380908434,0.0,0.05006280917086332,0.0,0.0,0.0,0.0,0.0,0.36100348830223083,0.0,0.0,0.025353348429316053,0.0,0.04108824745675088,0.0,0.0,0.0,0.0,0.0,0.0,0.0,0.45067611466743496,0.0,0.5566456045532749,0.0,0.0,0.07215850320089374,0.3647011027709671,0.0,0.0,0.0,0.0,0.0,0.0,0.21425401941298805,0.027761194494886485
0.0,0.0,0.0,0.19184725834243288,0.0,0.0,0.0,0.0,0.0,0.0,0.0,0.0,0.0,0.0,0.0,0.0,0.0,0.0,0.0,0.0,0.0,0.0,0.0,0.0,0.0,0.0,0.0,0.0,0.0,0.0,0.36478015780448914,0.0,0.0,0.0,0.0,0.0,0.0,0.0,0.0,0.0,0.0,0.0,0.0,0.0,0.0,0.0,0.0,0.0,0.0,0.0,0.0,0.0,0.0,0.0,0.0,0.0,0.0,0.0,0.0,0.0,0.0,0.0,0.0,0.0,0.0,0.0,0.0,0.0,0.0,0.0,0.0,0.0,0.0,0.0,0.0,0.04300046216268486,0.0,0.0,0.0,0.0,0.0,0.0,0.0,0.0,0.0,0.0,0.0,0.0,0.0,0.0,0.0,0.5894582867622375,0.6873887777328491,0.0,0.0,0.0,0.0,0.0,0.0,0.0
0.0,0.0,0.0,0.0,0.0,0.0,0.0,0.0,0.0,0.0,0.0,0.0,0.0,0.0,0.0,0.0,0.0,0.0,0.0,0.0,0.0,0.0,0.0,0.0,0.0,0.0,0.0,0.0,0.0,0.0,0.0,0.0,0.0,0.0,0.0,0.0,0.0,0.0,0.0,0.0,0.0,0.0,0.0,0.0,0.0,0.0,0.0,0.0,0.0,0.0,0.0,0.0,0.0,0.4208148419857025,0.0,0.0,0.0,0.0,0.0,0.0,0.0,0.0,0.0,0.0,0.0,0.0,0.0,0.0,0.0,0.0,0.0,0.0,0.0,0.0,0.0,0.0,0.0,0.0,0.0,0.0,0.0,0.0,0.0,0.0,0.0,0.1340523448404678,0.0,0.0,0.0,0.0,0.7734056115150452,0.38859270391680983,0.0,0.0,0.0,0.0,0.0,0.0,0.0,0.0
0.16516463123489178,0.0,0.0,0.5159978006390702,0.0,0.0,0.7170871842261821,0.22994324236302327,0.0,0.0,0.0,0.0,0.7481164932250977,0.0,0.11049297198128016,0.20910576850076268,0.0,0.0,0.0,0.0,0.0,0.0,0.0,0.0,0.0,0.0,0.0,0.17860251665115356,0.0,0.0,0.0,0.0,0.0,0.08288137428513309,0.0,0.0,0.0,0.15230321150610493,0.0,0.0985800251364708,0.0,0.0,0.0,0.0,0.23964843889669393,0.0,0.0,0.0,0.0,0.0,0.0,0.0,0.0,0.32383014145941047,0.0,0.043010001542431106,0.0,0.1413447037275688,0.0,0.0,0.0,0.10384413291842606,0.0,0.3747574758382797,0.0,0.0,0.0,0.0,0.0,0.0,0.0,0.289448082447052,0.0,0.0,0.0,0.11565525665633847,0.0,0.0,0.0,0.0,0.0,0.0,0.0,0.0,0.0,0.18976537855410308,0.0,0.18989206701593456,0.0,0.0,0.12727424797007178,0.18436524580596653,0.0,0.0,0.0,0.0,0.0,0.0,0.0,0.0
0.0,0.0,0.0,0.6897292137145996,0.0,0.0,0.0,0.0,0.0,0.0,0.0,0.0,0.0,0.0,0.0,0.0,0.0,0.0,0.0,0.0,0.0,0.0,0.0,0.0,0.0,0.0,0.0,0.0,0.0,0.0,0.0,0.0,0.0,0.0,0.0,0.0,0.0,0.0,0.0,0.0,0.0,0.0,0.0,0.0,0.0,0.0,0.0,0.0,0.0,0.0,0.0,0.0,0.0,0.4328605830669403,0.0,0.0,0.0,0.0,0.0,0.0,0.0,0.0,0.0,0.39653587341308594,0.0,0.0,0.0,0.0,0.0,0.0,0.0,0.0,0.0,0.0,0.0,0.15459525047730693,0.0,0.0,0.0,0.0,0.0,0.0,0.0,0.0,0.0,0.13652638477231527,0.0,0.0,0.0,0.0,0.0,0.09952618457790165,0.0,0.0,0.0,0.0,0.0,0.0,0.0,0.0
0.09100142200324512,0.0,0.0,0.0,0.0,0.0,0.02718154627617886,0.0,0.0,0.0,0.006983122565890301,0.0,0.0,0.0,0.0,0.0,0.0,0.0,0.0,0.0,0.7006995347911301,0.0,0.0,0.0,0.0,0.0,0.0,0.0,0.0,0.0,0.0,0.0,0.0,0.0,0.06734652144860132,0.0,0.0,0.027873172097035694,0.0,0.0,0.0,0.0,0.0,0.0,0.009083993237048105,0.0,0.0,0.0,0.0,0.0,0.0,0.0,0.0,0.0029386016191319205,0.0,0.012667936463425126,0.0,0.19527137279510498,0.0,0.0,0.0,0.04605233053301126,0.0,0.0,0.0,0.0,0.7437009811401367,0.2308361828327179,0.0,0.0,0.0,0.0,0.0,0.0,0.0,0.2249780427056578,0.0,0.0,0.0,0.0,0.0,0.0,0.0,0.0,0.0,0.0033751482895804327,0.0,0.5149637730221022,0.0,0.0,0.0204639592071702,0.012040764403098066,0.0,0.0,0.0,0.0,0.0,0.0,0.0,0.04625737186524548
0.0,0.0,0.0,0.0,0.0,0.0,0.0,0.0,0.0,0.0,0.0,0.0,0.0,0.0,0.0,0.0,0.0,0.0,0.0,0.0,0.0,0.0,0.0,0.0,0.0,0.0,0.0,0.0,0.0,0.0,0.0,0.0,0.0,0.0,0.0,0.0,0.0,0.0,0.0,0.0,0.0,0.0,0.0,0.0,0.0,0.0,0.0,0.0,0.0,0.0,0.0,0.0,0.0,0.0,0.0,0.0,0.0,0.0,0.0,0.0,0.0,0.0,0.0,0.0,0.0,0.0,0.0,0.0,0.0,0.0,0.0,0.0,0.0,0.0,0.0,0.0,0.0,0.0,0.0,0.0,0.0,0.0,0.0,0.0,0.0,0.0,0.0,0.0,0.0,0.0,0.0,0.0,0.0,0.0,0.0,0.0,0.0,0.0,0.0,0.0
0.8036028832044337,0.0,0.0,0.0,0.0,0.0,0.0,0.4612414538860321,0.0,0.0,0.0,0.0,0.0,0.0,0.0,0.0,0.0,0.0,0.0,0.0,0.0,0.0,0.0,0.0,0.0,0.0,0.0,0.0,0.0,0.0,0.0,0.0,0.0,0.0,0.0,0.0,0.0,0.0,0.0,0.0,0.0,0.0,0.0,0.0,0.0,0.0,0.0,0.0,0.0,0.0,0.0,0.0,0.0,0.0,0.0,0.1118662768357179,0.0,0.0,0.0,0.0,0.0,0.2083001803080231,0.0,0.0,0.0,0.0,0.0,0.0,0.0,0.0,0.0,0.0,0.0,0.0,0.0,0.0,0.0,0.0,0.0,0.0,0.0,0.0,0.0,0.0,0.0,0.0,0.0,0.0,0.0,0.0,0.0901985749367129,0.04520438785816116,0.0,0.0,0.0,0.0,0.0,0.0,0.0,0.0
0.0,0.0,0.0,0.0,0.0,0.10689333796665323,0.0,0.0,0.0,0.0,0.0,0.0,0.0,0.0,0.0,0.0,0.0,0.0,0.0,0.0,0.0,0.5036013126373291,0.0,0.0,0.0,0.0,0.0,0.0,0.0,0.0,0.0,0.0,0.0,0.0,0.0,0.0,0.0,0.0,0.0,0.0,0.0,0.0,0.0,0.0,0.0,0.0,0.0,0.0,0.0,0.0,0.0,0.0,0.0,0.0,0.0,0.40586528182029724,0.0,0.0,0.0,0.0,0.0,0.0,0.0,0.0,0.0,0.0,0.0,0.0,0.0,0.0,0.0,0.0,0.0,0.0,0.0,0.0,0.0,0.15448935329914093,0.0,0.0,0.0,0.0,0.0,0.0,0.0,0.0,0.0,0.0,0.0,0.0,0.0,0.0,0.0,0.0,0.0,0.0,0.0,0.0,0.0,0.0
0.33585698798525415,0.0,0.4698806405067444,0.43745847407012306,0.027288880536908613,0.07045951206159294,0.5907726384831707,0.26408975295899023,0.0,0.38258847296524207,0.025660478383084776,0.7324029207229614,0.5567015551029934,0.4419302296133427,0.1771352730716552,0.2330453063352102,0.12126500987866978,0.0,0.0689203845797886,0.1350785573565638,0.6374784027566317,0.061069218151876783,0.4124736718919507,0.12380910298297708,0.0,0.0,0.399135485237597,0.17421552900634257,0.0,0.0,0.27391868767946226,0.08505328764391357,0.0,0.08252997293160258,0.24747438434620436,0.0,0.0,0.22530363666111458,0.0,0.16602684627899356,0.0,0.0,0.0,0.0,0.19778084135740892,0.0,0.0,0.40735616167256217,0.0,0.0,0.010667919181460804,0.0,0.0,0.25177246989220947,0.2410583681433094,0.162633531588577,0.0,0.22416919693996532,0.0,0.12650704832971302,0.31435147872274527,0.3689674069619693,0.0,0.2969361670736318,0.14544538033687812,0.06689395338623778,0.6966849876687146,0.6828680223851749,0.0,0.0,0.0,0.2882208773141015,0.0,0.0,0.0,0.2996671919896269,0.062350768673324515,0.021772784165189123,0.0,0.0,0.0,0.0,0.0,0.47535365198326907,0.0,0.16812935370358995,0.06580819704769714,0.5274347121539271,0.03234938704859946,0.0675087421061121,0.19324853164243747,0.3983223483605905,0.2629870228062549,0.0,0.16923223840196494,0.06291126155497259,0.030397368700541483,0.0,0.21768259705486329,0.12735747134282357
0.46520578848354127,0.0,0.0,0.0,0.0,0.0,0.0,0.26701272322558367,0.0,0.0,0.0,0.0,0.0,0.0,0.0,0.5789000988006592,0.0,0.0,0.0,0.0,0.3057493948532675,0.0,0.0,0.0,0.0,0.0,0.0,0.0,0.0,0.0,0.0,0.0,0.0,0.0,0.0,0.0,0.0,0.11792217872383277,0.0,0.0,0.0,0.0,0.0,0.0,0.27627948607690733,0.0,0.0,0.0,0.0,0.0,0.0,0.0,0.0,0.0,0.42366454005241394,0.06475939871265898,0.0,0.0,0.0,0.0,0.0,0.15257477183975954,0.0,0.0,0.0,0.0,0.35291256368183177,0.0,0.0,0.0,0.0,0.0,0.0,0.0,0.0,0.10676008212555163,0.0,0.0,0.0,0.0,0.0,0.0,0.0,0.0,0.0,0.0741808032981807,0.0,0.21277043570997367,0.0,0.0,0.11594327046753705,0.11218369709507134,0.0,0.0,0.0,0.0,0.0,0.0,0.0,0.19569965174392134
0.0,0.0,0.0,0.0,0.0,0.0,0.0,0.0,0.0,0.0,0.0,0.0,0.0,0.0,0.0,0.0,0.0,0.0,0.0,0.0,0.0,0.0,0.0,0.0,0.0,0.0,0.0,0.0,0.0,0.0,0.0,0.0,0.0,0.0,0.0,0.0,0.0,0.0,0.0,0.5530698895454407,0.0,0.0,0.0,0.0,0.0,0.0,0.0,0.0,0.0,0.0,0.0,0.0,0.0,0.0,0.0,0.0,0.0,0.0,0.0,0.0,0.0,0.0,0.0,0.0,0.0,0.0,0.0,0.0,0.0,0.0,0.0,0.0,0.0,0.0,0.0,0.0,0.0,0.0,0.0,0.0,0.0,0.0,0.0,0.0,0.0,0.0,0.0,0.0,0.0,0.0,0.0,0.0,0.0,0.0,0.0,0.0,0.0,0.0,0.0,0.0
0.0,0.0,0.0,0.0,0.0,0.0,0.0,0.0,0.0,0.0,0.0,0.0,0.0,0.0,0.0,0.0,0.0,0.0,0.0,0.0,0.0,0.0,0.0,0.0,0.0,0.0,0.0,0.0,0.0,0.0,0.0,0.0,0.0,0.0,0.0,0.0,0.0,0.0,0.0,0.0,0.0,0.0,0.0,0.0,0.0,0.0,0.0,0.0,0.0,0.0,0.0,0.0,0.0,0.0,0.0,0.0,0.0,0.0,0.0,0.0,0.0,0.0,0.0,0.0,0.0,0.0,0.0,0.0,0.0,0.0,0.0,0.0,0.0,0.0,0.0,0.0,0.0,0.0,0.0,0.0,0.0,0.0,0.0,0.0,0.0,0.0,0.0,0.7246555685997009,0.0,0.0,0.0,0.0,0.0,0.0,0.0,0.0,0.0,0.0,0.0,0.0
0.0,0.0,0.0,0.0,0.0,0.21225786209106445,0.0,0.0,0.0,0.0,0.0,0.0,0.0,0.0,0.0,0.0,0.0,0.0,0.0,0.0,0.0,0.0,0.0,0.0,0.0,0.0,0.0,0.0,0.0,0.0,0.0,0.0,0.0,0.0,0.0,0.0,0.0,0.0,0.0,0.0,0.0,0.0,0.0,0.0,0.0,0.0,0.0,0.0,0.0,0.0,0.0,0.0,0.0,0.0,0.0,0.0,0.0,0.0,0.0,0.0,0.0,0.0,0.0,0.0,0.0,0.0,0.0,0.0,0.0,0.0,0.0,0.0,0.0,0.0,0.0,0.0,0.0,0.0,0.0,0.0,0.0,0.0,0.0,0.0,0.0,0.0,0.0,0.0,0.0,0.0,0.0,0.0,0.0,0.0,0.0,0.0,0.0,0.0,0.0,0.0
0.12966597240031696,0.0,0.0,0.27643140209370026,0.06615908455863106,0.08612963877039091,0.10556482085365934,0.06469339615414758,0.0,0.10879036341037887,0.017473500609759746,0.0,0.24753209948539734,0.0,0.17136447926060283,0.11498729544830193,0.2939945459365845,0.0,0.16709038485695782,0.3274840712547302,0.14390164805969954,0.1480560392418795,0.0,0.0,0.0,0.0,0.0,0.10523465404099022,0.0,0.0,0.03968456593244572,0.2062029492786479,0.0,0.007237019054740704,0.16851766133182589,0.0,0.0,0.10944246363105577,0.0,0.22747281666180552,0.0,0.0,0.0,0.0,0.06180924920592537,0.0,0.0,0.16984750336363386,0.0,0.0,0.02586327300001662,0.0,0.0,0.11449999730906608,0.07079027104760387,0.13101916329281144,0.0,0.08328192276455748,0.0,0.3067033290863037,0.0,0.03456121831388463,0.0,0.14417421708786143,0.017314673390648336,0.01625993970645765,0.07155149278972016,0.0,0.0,0.0,0.0,0.02527396904425147,0.0,0.0,0.0,0.1847415057193147,0.1511630266904831,0.052785876163491466,0.0,0.0,0.0,0.0,0.0,0.0,0.0,0.09765445307231385,0.04765037018200456,0.1325722507161061,0.0,0.16366800284842498,0.0853100040610305,0.10092374777754229,0.0747812749337728,0.0,0.0,0.15252188404270436,0.02925407072714522,0.0,0.12521688188546878,0.032699530126264434
0.0,0.0,0.0,0.0,0.0,0.0,0.0,0.0,0.0,0.0,0.0,0.0,0.0,0.0,0.0,0.0,0.0,0.0,0.0,0.0,0.0,0.0,0.0,0.0,0.0,0.0,0.0,0.0,0.0,0.0,0.0,0.0,0.0,0.0,0.0,0.0,0.0,0.0,0.0,0.0,0.0,0.0,0.0,0.0,0.0,0.0,0.0,0.0,0.0,0.0,0.0,0.0,0.0,0.0,0.0,0.0,0.0,0.0,0.0,0.0,0.0,0.0,0.0,0.0,0.6282986998558044,0.0,0.0,0.0,0.0,0.0,0.0,0.0,0.0,0.0,0.0,0.0,0.0,0.0,0.0,0.0,0.0,0.0,0.0,0.0,0.0,0.0,0.0,0.7791092991828918,0.0,0.0,0.0,0.0,0.0,0.0,0.0,0.0,0.0,0.0,0.0,0.0
0.7815856675334505,0.0,0.0,0.07458740949024135,0.0,0.6434087157249451,0.12048635691152954,0.06059439950261227,0.0,0.0,0.030953757717903214,0.0,0.0,0.0,0.18889105545454063,0.13137240591038574,0.0,0.0,0.0,0.0,0.5611944000576075,0.0,0.0,0.0,0.0,0.0,0.3817682534678326,0.31349205891702425,0.0,0.0,0.0,0.0,0.0,0.0,0.2985237461312984,0.0,0.0,0.3201518633822387,0.0,0.0,0.0,0.0,0.0,0.0,0.0970018747747904,0.0,0.0,0.0,0.0,0.0,0.0,0.0,0.0,0.013025800662923161,0.08700211152548958,0.108801350122687,0.0,0.24809528454248767,0.0,0.0,0.0,0.24650300575826498,0.0,0.13708931953696973,0.0,0.0,0.668599256065945,0.0,0.0,0.0,0.0,0.0,0.0,0.46426403522491455,0.0,0.30778717568345626,0.0,0.0,0.0,0.0,0.0,0.0,0.0,0.0,0.0,0.2956077966731765,0.0,0.43677306716368014,0.0,0.4875639081001282,0.20880534806407347,0.28597847670824994,0.0,0.0,0.0,0.1341057676226587,0.0,0.0,0.1520622470093531,0.5788953799784149
0.22595331072807312,0.0,0.0,0.08481348843416114,0.0,0.0,0.0,0.0,0.0,0.0,0.0,0.0,0.12296635657548904,0.0,0.0,0.0,0.0,0.0,0.0,0.0,0.0,0.0,0.0,0.0,0.0,0.0,0.0,0.0,0.0,0.0,0.0,0.0,0.0,0.0,0.0,0.0,0.0,0.0,0.0,0.0,0.0,0.0,0.0,0.0,0.26600927114486694,0.0,0.0,0.0,0.0,0.0,0.0,0.0,0.0,0.05322728880488348,0.0,0.03145403798087587,0.0,0.0,0.0,0.0,0.0,0.0,0.0,0.04876057160508651,0.0,0.0,0.0,0.0,0.0,0.0,0.0,0.0,0.0,0.0,0.0,0.019010014695069567,0.0,0.0,0.0,0.0,0.0,0.0,0.0,0.0,0.0,0.08821141157456562,0.0,0.21077980134423413,0.0,0.0,0.0,0.06430511761436268,0.0,0.0,0.0,0.0,0.0,0.0,0.4064989387989044,0.0
0.27653227633288396,0.0,0.0,0.0,0.0,0.0,0.0,0.15872037277116835,0.0,0.0,0.0,0.0,0.0,0.0,0.0,0.34411558508872986,0.0,0.0,0.0,0.0,0.16446499347504911,0.0,0.0,0.0,0.0,0.0,0.0,0.0,0.0,0.0,0.0,0.0,0.0,0.0,0.0,0.0,0.0,0.06343126325298586,0.0,0.0,0.0,0.0,0.0,0.0,0.14861289879816386,0.0,0.0,0.0,0.0,0.0,0.0,0.0,0.0,0.0,0.22789247334003448,0.038494929305020895,0.0,0.0,0.0,0.0,0.0,0.6814818114693953,0.0,0.0,0.0,0.0,0.18983443127025712,0.0,0.0,0.0,0.0,0.0,0.0,0.0,0.0,0.057427084094805736,0.0,0.0,0.0,0.0,0.0,0.0,0.0,0.0,0.0,0.03990243492146296,0.0,0.11445088333704745,0.0,0.0,0.0653181525459756,0.06182360777973969,0.0,0.0,0.0,0.0,0.0,0.0,0.4159838855266571,0.10526837497938368
0.0,0.0,0.0,0.0,0.0,0.0,0.0,0.0,0.0,0.0,0.0,0.0,0.0,0.0,0.6186529397964478,0.0,0.0,0.0,0.0,0.0,0.0,0.0,0.0,0.0,0.0,0.0,0.0,0.0,0.0,0.0,0.0,0.0,0.0,0.0,0.0,0.0,0.0,0.8527495265007019,0.0,0.0,0.0,0.0,0.0,0.0,0.0,0.0,0.0,0.0,0.0,0.0,0.0,0.0,0.0,0.0,0.0,0.0,0.0,0.7913925647735596,0.0,0.0,0.0,0.0,0.0,0.4372975826263428,0.0,0.0,0.0,0.0,0.0,0.0,0.0,0.0,0.0,0.0,0.0,0.0,0.0,0.0,0.0,0.0,0.0,0.0,0.0,0.0,0.0,0.13035840704549173,0.0,0.0,0.0,0.0,0.46084147233765194,0.2265656985673497,0.0,0.0,0.0,0.0,0.0,0.0,0.0,0.0
0.45261296066463913,0.0,0.23254937080504057,0.3491409798007108,0.703422316915929,0.47397453921729316,0.3129871757997712,0.2684691296132967,0.0,0.22976104945167333,0.16324677288082856,0.36247468762751467,0.28080180060310034,0.21871638875242158,0.3830735010541941,0.26517102965860145,0.3432300799133484,0.4949115812778473,0.11108303762878131,0.6141448431909106,0.7629755302462012,0.17285111878097764,0.3158667800514456,0.22593617054961151,0.5595674514770508,0.4999504476889314,0.17842542779081977,0.27339897522086304,0.0,0.0,0.5006018670654963,0.06513266162575806,0.0,0.3361971653992979,0.4244566988254717,0.0,0.0,0.2643785526126854,0.0,0.35488982899141386,0.0,0.0,0.0,0.0,0.444163275104896,0.0,0.6238066554069519,0.836323347586966,0.42448917031288147,0.47167232632637024,0.2749857187122681,0.0,0.0,0.19024469606982647,0.43917492161470334,0.35519159741728695,0.0,0.2590749656909749,0.0,0.09687739298954963,0.5844004631437438,0.3792549204956357,0.0,0.23090469821472037,0.2585640554302461,0.3186734525999998,0.3608335451215015,0.3403411127353595,0.0,0.0,0.0,0.2974697050220231,0.0,0.258353647548315,0.0,0.2658654343100141,0.04774737850355362,0.21371363152857353,0.0,0.0,0.16865454652182077,0.0,0.0,0.781390534573437,0.0,0.3503926453407481,0.6184317732377542,0.7953992528390065,0.06013967820489167,0.32452217854496257,0.3269177109248619,0.8742995447826258,0.15793516695320245,0.0,0.3146140711753706,0.12321781901693371,0.3451159004286163,0.0,0.3132277720592067,0.3267197889531895
0.3696449850688065,0.0,0.0,0.08420449933397962,0.0,0.008708804244305318,0.10058033251278331,0.10611831775372711,0.05436722955221329,0.3814256935770048,0.1409121095377417,0.0,0.015990370627441623,0.0,0.007623356353281116,0.03777539281850581,0.01445959953663513,0.0,0.03220686233320347,0.14843620032567273,0.18220904890434275,0.032709024990416946,0.0,0.04234662056355461,0.0,0.10798547695483597,0.01433763211451419,0.0,0.0,0.0,0.13913652469370652,0.14077983796596527,0.0,0.01581268444491091,0.19352298121553702,0.0,0.2094922810792923,0.0911722917833307,0.0,0.08656597168047088,0.0,0.0,0.0,0.0,0.08769051567398338,0.0,0.0,0.8422200386996641,0.0,0.0,0.0,0.0,0.0,0.06621950826224764,0.023431329101639253,0.10185248846772563,0.0,0.09171278888206635,0.04205108611042707,0.0,0.0,0.19052274521212667,0.0,0.006340755582951519,0.044852055122602194,0.0030427674787271734,0.023292634938234053,0.6633172035217285,0.0,0.119550421833992,0.0,0.01965179824392733,0.01962675951767713,0.0,0.1591406348296882,0.029175762315205165,0.0,0.002233854181379319,0.0,0.0,0.0,0.0,0.0,0.0,0.0,0.06597198860586677,0.0023333034231261714,0.21305371780081103,0.009660952711380408,0.0,0.3425158943512061,0.25492609369213576,0.26218774130380157,0.0,0.05054020498089229,0.0,0.005474395147577966,0.0,0.04367609681152778,0.14374587687551277
0.0,0.0,0.0,0.5259256958961487,0.0,0.0,0.0,0.0,0.0,0.0,0.0,0.0,0.0,0.0,0.0,0.0,0.0,0.0,0.0,0.0,0.0,0.0,0.0,0.0,0.0,0.0,0.0,0.0,0.0,0.0,0.0,0.0,0.0,0.0,0.0,0.0,0.0,0.0,0.0,0.0,0.0,0.0,0.0,0.0,0.0,0.0,0.0,0.0,0.0,0.0,0.0,0.0,0.0,0.0,0.0,0.0,0.0,0.0,0.0,0.0,0.0,0.0,0.0,0.0,0.0,0.0,0.0,0.0,0.0,0.0,0.0,0.0,0.0,0.0,0.0,0.11788048566427722,0.0,0.0,0.0,0.0,0.0,0.0,0.0,0.0,0.0,0.0,0.0,0.0,0.0,0.0,0.0,0.0,0.0,0.0,0.0,0.0,0.0,0.0,0.0,0.0
0.35118200954384093,0.0,0.0,0.10121646187588887,0.0,0.0,0.0,0.0,0.0,0.5275887846946716,0.0,0.0,0.0,0.0,0.0,0.0,0.0,0.0,0.0,0.0,0.0,0.0,0.0,0.0,0.0,0.0,0.0,0.0,0.0,0.0,0.19245392013680096,0.0,0.0,0.0,0.0,0.0,0.0,0.0,0.0,0.0,0.0,0.0,0.0,0.0,0.0,0.0,0.0,0.8236909508705139,0.0,0.0,0.0,0.0,0.0,0.0,0.0,0.04888661392390869,0.0,0.0,0.0,0.0,0.0,0.0,0.0,0.0,0.0,0.0,0.0,0.0,0.0,0.0,0.0,0.0,0.0,0.0,0.0,0.02268656157372012,0.0,0.0,0.0,0.0,0.0,0.0,0.0,0.0,0.0,0.0,0.0,0.0,0.0,0.0,0.0,0.31099158114109215,0.36265860985682963,0.0,0.0,0.0,0.0,0.0,0.0,0.0
0.16540455916981112,0.0,0.0,0.0,0.7587822079658508,0.413644556017817,0.13545853675626382,0.2302772715487898,0.0,0.0,0.0,0.0,0.0,0.0,0.26007639137747735,0.2094095279366722,0.0,0.0,0.0,0.0,0.32825191429665335,0.0,0.0,0.0,0.0,0.0,0.0,0.0,0.0,0.0,0.0,0.0,0.0,0.08300177268294279,0.0,0.0,0.0,0.13155480265136235,0.0,0.2567042152580202,0.0,0.0,0.0,0.0,0.3534891626557663,0.0,0.0,0.0,0.0,0.0,0.2966273116246736,0.0,0.0,0.0,0.472643107175827,0.34189899060031836,0.0,0.0,0.0,0.0,0.0,0.13968300061540478,0.0,0.0,0.19858294886049366,0.18648614977318292,0.3788861942424965,0.0,0.0,0.0,0.0,0.28986855189119787,0.0,0.0,0.0,0.11461740208839448,0.0,0.0844907982401343,0.0,0.0,0.0,0.0,0.0,0.0,0.0,0.09491153474821004,0.546504736852116,0.3441885032372637,0.0,0.0,0.116126749013169,0.5125067515484588,0.0,0.0,0.0,0.0,0.3355165587072282,0.0,0.0,0.21832389244101247
0.15896541693948052,0.0,0.0,0.0,0.0,0.0,0.0,0.2633436620235443,0.0,0.0,0.0,0.0,0.0,0.0,0.0,0.0,0.0,0.0,0.0,0.0,0.0,0.0,0.0,0.0,0.0,0.0,0.0,0.0,0.0,0.0,0.0,0.0,0.0,0.0,0.0,0.0,0.0,0.0,0.0,0.0,0.0,0.0,0.0,0.0,0.0,0.0,0.0,0.0,0.0,0.0,0.0,0.0,0.0,0.0,0.0,0.26365614139651056,0.0,0.0,0.0,0.0,0.0,0.11892801876397119,0.0,0.0,0.0,0.0,0.0,0.0,0.0,0.0,0.0,0.0,0.0,0.0,0.0,0.0,0.0,0.0,0.0,0.0,0.0,0.0,0.0,0.0,0.0,0.0,0.0,0.0,0.0,0.0,0.0514984566825345,0.02580923491981323,0.0,0.0,0.0,0.0,0.0,0.0,0.0,0.0
0.0,0.0,0.0,0.0,0.0,0.0,0.4036072790622711,0.0,0.0,0.0,0.10368943214416504,0.0,0.0,0.0,0.0,0.0,0.0,0.0,0.0,0.0,0.8372609615325928,0.0,0.0,0.0,0.0,0.0,0.0,0.0,0.0,0.0,0.0,0.0,0.0,0.0,0.0,0.0,0.0,0.0,0.0,0.0,0.0,0.0,0.0,0.0,0.1348843717782957,0.0,0.0,0.0,0.0,0.0,0.0,0.0,0.0,0.043634052003334034,0.0,0.0,0.0,0.0,0.0,0.0,0.0,0.0,0.0,0.0,0.0,0.0,0.0,0.0,0.0,0.0,0.0,0.0,0.0,0.0,0.0,0.0,0.0,0.0,0.0,0.0,0.0,0.0,0.0,0.0,0.0,0.05011614879257478,0.0,0.7136051797766583,0.0,0.0,0.08019398867510574,0.06669425553312275,0.0,0.0,0.0,0.0,0.0,0.0,0.0,0.0
0.14974367290835544,0.0,0.0,0.43607087272120315,0.2817546731892667,0.4180913611744396,0.5597620068046321,0.20171806270099002,0.0,0.0535689380598939,0.046531809057104315,0.742039680480957,0.5567735958203004,0.8381040096282959,0.2517777922380347,0.21078607051162207,0.35861516601134014,0.0,0.08227617039058695,0.1612548517966701,0.6230134007395494,0.18059906833496459,0.4924051761627197,0.07291804922934553,0.0,0.30439531803131104,0.0,0.18434824275039347,0.0,0.0,0.019540885678907,0.10153539956482498,0.0,0.25274435624091174,0.4487613452488448,0.0,0.0,0.19026567928173094,0.0,0.10383447535933853,0.0,0.0,0.0,0.0,0.28110620994919056,0.0,0.0,0.08363378981456825,0.0,0.4928993880748749,0.11014508559692276,0.0,0.0,0.2605866191987264,0.03485749588580206,0.2699321423413185,0.0,0.1951535805309231,0.0,0.15102230678843398,0.0,0.3417373140620139,0.0,0.3013957450281086,0.11955309494172542,0.06924693756924849,0.6592357686445632,0.19346473039939127,0.0,0.0,0.348211407661438,0.22584409695714808,0.0,0.0,0.2722040116786957,0.1908452092611307,0.07443345678681723,0.08677575624085561,0.0,0.0,0.0,0.0,0.0,0.0,0.0,0.19712485455332499,0.20293077764823403,0.5597124907243539,0.0,0.08059097177477921,0.17825821777337228,0.20978236738358164,0.03682268685743717,0.0,0.0,0.07510256518071776,0.12458562859765551,0.0,0.18539381453844367,0.054869906727390755
0.27760491625969247,0.0,0.0,0.026413834108720457,0.0,0.04157100299561423,0.04383687128477465,0.46550009018554916,0.2595190107822418,0.02953059355276788,0.576850950717926,0.0,0.03008205290690013,0.0,0.03638967657426812,0.09132000918217183,0.06902211127846858,0.0,0.0,0.7085521221160889,0.026864829850946566,0.15613475027290702,0.0,0.2021392881178592,0.0,0.1393671538393466,0.06843990642828235,0.0,0.0,0.0,0.010772174576238898,0.0,0.0,0.07548098843281892,0.0,0.0,0.0,0.02608785626951973,0.0,0.3911683634317029,0.0,0.0,0.0,0.0,0.06189416202647381,0.0,0.0,0.0,0.0,0.0,0.0,0.0,0.0,0.25576877663679765,0.01559693955110179,0.27920546892082604,0.0,0.20880629122257233,0.0,0.0,0.0,0.2519582373383764,0.0,0.011928613123496303,0.21409884360190723,0.014524484926370597,0.03100884624848975,0.0,0.0,0.0,0.0,0.09380678916990348,0.09368726817313355,0.0,0.7596491575241089,0.030843038739831755,0.0,0.010663181334751953,0.0,0.0,0.0,0.0,0.0,0.0,0.0,0.19998807270495425,0.011137896876701733,0.17528637067139458,0.046116031872905916,0.0,0.460143038269826,0.33800271679124855,0.02029899860796267,0.0,0.2412509173154831,0.0,0.026131727237749258,0.0,0.05560299117417789,0.007204557733446358
0.0,0.0,0.0,0.0,0.0,0.0,0.0,0.0,0.0,0.0,0.0,0.0,0.0,0.0,0.0,0.0,0.0,0.0,0.0,0.0,0.0,0.0,0.0,0.0,0.0,0.0,0.0,0.0,0.0,0.0,0.0,0.0,0.0,0.0,0.0,0.0,0.0,0.0,0.0,0.0,0.0,0.0,0.0,0.0,0.0,0.0,0.0,0.0,0.0,0.0,0.0,0.0,0.0,0.0,0.0,0.0,0.0,0.0,0.0,0.0,0.0,0.0,0.0,0.0,0.0,0.0,0.0,0.0,0.0,0.0,0.0,0.0,0.0,0.0,0.0,0.0,0.0,0.0,0.0,0.0,0.0,0.0,0.0,0.0,0.0,0.0,0.0,0.0,0.0,0.0,0.5404183268547058,0.2708388649148752,0.0,0.0,0.0,0.0,0.0,0.0,0.0,0.0
0.404113481676747,0.0,0.0,0.09617896982130314,0.0,0.017952069159175684,0.09335068045506047,0.23055226435934917,0.0,0.0628854414468707,0.0,0.0,0.02756550550480436,0.0,0.07749186860713174,0.14431369476429393,0.0,0.0,0.0,0.0,0.033239092135803894,0.0,0.0,0.37585158787622674,0.0,0.0,0.0,0.0,0.0,0.0,0.1467245962423302,0.0,0.0,0.057200322286595696,0.0,0.0,0.0,0.0,0.0,0.0,0.0,0.0,0.0,0.0,0.031197524280315456,0.0,0.0,0.0,0.0,0.0,0.0,0.0,0.0,0.011932020785344567,0.0,0.10795848801121612,0.0,0.0,0.0,0.0,0.0,0.10411917192582106,0.0,0.010930711801420825,0.26908330644921674,0.030929911542452688,0.03836636610755275,0.0,0.0,0.0,0.0,0.1997616924672343,0.0,0.0,0.0,0.06626072967645219,0.0,0.0,0.0,0.0,0.0,0.0,0.0,0.0,0.0,0.01213992712469345,0.023718167419478155,0.2789892635731271,0.09820415620578782,0.0,0.045085899193232415,0.06851369782381446,0.043226746733355095,0.0,0.5137441754341125,0.0,0.055647550740173024,0.0,0.12230433523654938,0.0
0.0,0.0,0.0,0.0,0.0,0.0,0.0,0.0,0.0,0.0,0.0,0.0,0.0,0.0,0.0,0.0,0.0,0.0,0.0,0.0,0.0,0.0,0.0,0.0,0.0,0.0,0.0,0.0,0.0,0.0,0.0,0.0,0.0,0.0,0.0,0.0,0.0,0.0,0.0,0.0,0.0,0.0,0.0,0.0,0.0,0.0,0.0,0.0,0.0,0.0,0.0,0.0,0.0,0.0,0.0,0.0,0.0,0.0,0.0,0.0,0.0,0.0,0.0,0.0,0.0,0.0,0.0,0.0,0.0,0.0,0.0,0.0,0.0,0.0,0.0,0.0,0.0,0.0,0.0,0.0,0.0,0.0,0.0,0.0,0.0,0.0,0.0,0.0,0.0,0.0,0.0,0.0,0.0,0.0,0.0,0.0,0.0,0.0,0.0,0.0
0.66750317412387,0.0,0.0,0.43186651810227444,0.0,0.07405981193027601,0.49934241974104976,0.6115799342095191,0.0,0.03848794349470874,0.0,0.7217020988464355,0.6029982667956982,0.0,0.12717056363107598,0.5128780143889748,0.0,0.0,0.1536144509222659,0.0,0.36765807937785017,0.0,0.0,0.2300334440491809,0.0,0.3757941221104488,0.0,0.12889781112639298,0.0,0.0,0.26268490171634434,0.0,0.0,0.20552874680599126,0.0,0.0,0.0,0.13668649937002514,0.6120326519012451,0.3534139447028329,0.0,0.0,0.0,0.0,0.21802824593365602,0.0,0.0,0.0,0.0,0.0,0.0,0.0,0.0,0.2610141813535404,0.09617406873480569,0.2474507663028912,0.0,0.22074630962738728,0.200567644147025,0.0,0.0,0.28345603861140223,0.0,0.29547714560180777,0.16468776962846954,0.12759885289787404,0.4243709310163787,0.0,0.0,0.5702099204063416,0.0,0.7177716605672992,0.0,0.0,0.0,0.14827549229599513,0.0,0.0,0.0,0.0,0.0,0.0,0.0,0.0,0.0,0.1576684823701504,0.09784738476898834,0.2139872148876418,0.060104150150352434,0.0,0.1934660695105541,0.22176878031640668,0.026456180436278804,0.0,0.3144282100897584,0.0,0.03405811805131719,0.0,0.22761415847860755,0.044424845553203356
0.4351288594782584,0.0,0.0,0.21536456055186814,0.0,0.3113364742918577,0.06856136234118693,0.2367145549347796,0.0,0.0,0.01761387640159775,0.0,0.20765896528882877,0.0,0.5532974110616669,0.5132117959919302,0.0,0.0,0.7636271684137341,0.0,0.6140296315785893,0.0,0.0,0.3858401644910714,0.5427648904192779,0.0,0.20675597338030058,0.43303605677593554,0.0,0.0,0.0,0.0,0.0,0.0,0.16987147134828764,0.0,0.0,0.47290336768217656,0.0,0.0,0.0,0.0,0.0,0.0,0.26461413288746144,0.0,0.0,0.0,0.6369388103485107,0.0,0.0,0.0,0.0,0.09729956140869399,0.37063988322899494,0.49176462024594925,0.8208684921264648,0.3427015156113364,0.0,0.0,0.0,0.23529903253167866,0.0,0.1701300050393941,0.4086319493205215,0.4684510021110313,0.7124767754047053,0.4589755707729992,0.0,0.0,0.0,0.0,0.0,0.25143358997628473,0.0,0.4132834272717598,0.0,0.3254019148030096,0.0,0.0,0.25306329050113874,0.0,0.0,0.0,0.0,0.24971713083105967,0.35922505890913026,0.4699815055178781,0.7398004531860352,0.26463257115236094,0.41112060458646754,1.0279215947225366,0.0,0.0,0.0,0.07278790226830549,0.7173761129379272,0.0,0.0823450129123047,0.4386090360125632
0.0,0.0,0.0,0.0,0.0,0.17817271456843287,0.0,0.0,0.0,0.0,0.0,0.0,0.0,0.0,0.0,0.0,0.0,0.0,0.0,0.0,0.5994788408279419,0.8394163250923157,0.0,0.0,0.0,0.0,0.0,0.0,0.0,0.0,0.0,0.0,0.0,0.0,0.0,0.0,0.0,0.0,0.0,0.0,0.0,0.0,0.0,0.0,0.0,0.0,0.0,0.0,0.0,0.0,0.0,0.0,0.0,0.0,0.0,0.0,0.0,0.0,0.0,0.0,0.0,0.0,0.0,0.0,0.0,0.0,0.0,0.0,0.0,0.0,0.0,0.0,0.0,0.0,0.0,0.0,0.0,0.0,0.0,0.0,0.0,0.0,0.0,0.0,0.0,0.0,0.0,0.43441568026366184,0.0,0.0,0.0,0.0,0.0,0.0,0.0,0.0,0.0,0.0,0.0,0.0
0.0,0.0,0.0,0.06401890704734897,0.0,0.0,0.1384356948195995,0.0,0.0,0.0,0.03556506368685319,0.0,0.09281745034775213,0.0,0.2609274720372312,0.0,0.0,0.0,0.0,0.0,0.26926822162325015,0.0,0.0,0.0,0.0,0.0,0.0,0.0,0.0,0.0,0.0,0.0,0.0,0.0,0.3429960310459137,0.0,0.0,0.40382924723311575,0.0,0.0,0.0,0.0,0.0,0.0,0.04626480417007688,0.0,0.0,0.0,0.0,0.0,0.0,0.0,0.0,0.05514332233190934,0.0,0.0,0.0,0.0,0.0,0.0,0.0,0.10955027846421483,0.0,0.32442751309365714,0.0,0.0,0.12918566940812326,0.0,0.0,0.0,0.0,0.0,0.0,0.0,0.0,0.1648721609299389,0.0,0.0,0.0,0.0,0.0,0.0,0.0,0.0,0.0,0.11560180691419633,0.0,0.23178591308635477,0.3306690454483032,0.0,0.24574294595401797,0.20398987224125073,0.7877902984619141,0.0,0.0,0.0,0.0,0.0,0.0,0.6701813340187073
0.0,0.0,0.0,0.0,0.0,0.0,0.0,0.0,0.0,0.0,0.0,0.0,0.0,0.0,0.0,0.0,0.0,0.0,0.0,0.0,0.0,0.0,0.0,0.0,0.0,0.0,0.0,0.0,0.0,0.0,0.0,0.0,0.0,0.0,0.0,0.0,0.0,0.0,0.0,0.0,0.0,0.0,0.0,0.0,0.0,0.0,0.0,0.0,0.0,0.0,0.0,0.0,0.0,0.0,0.0,0.0,0.0,0.0,0.0,0.0,0.0,0.0,0.0,0.0,0.0,0.0,0.0,0.0,0.0,0.0,0.0,0.0,0.0,0.0,0.0,0.0,0.0,0.0,0.0,0.0,0.0,0.0,0.0,0.0,0.0,0.26849913597106934,0.0,0.7923776507377625,0.0,0.0,0.0,0.1957328219759802,0.0,0.0,0.0,0.0,0.0,0.0,0.0,0.0
0.1520082080147402,0.0,0.0,0.074288199699871,0.0,0.007355508560272738,0.29265841474551135,0.09446427256095331,0.0,0.20758129735577627,0.034047466910160085,0.0,0.011294425723911587,0.0,0.031750774678803675,0.0591297085473178,0.0,0.0,0.0,0.0,0.6696532170610126,0.0,0.0,0.1539978231758678,0.0,0.0,0.0,0.0,0.0,0.0,0.12644011282363826,0.3446153998374939,0.0,0.023436711194618265,0.3283600479441535,0.0,0.0,0.0,0.4097304046154022,0.0,0.0,0.0,0.0,0.0,0.09780558594060874,0.0,0.0,0.2838565863767677,0.0,0.0,0.0,0.0,0.0,0.019216591112071073,0.0,0.0423449380446353,0.0,0.0,0.0,0.0,0.0,0.04266079044138729,0.0,0.004478644969130506,0.11025161202668785,0.01267292517100774,0.015719866708870243,0.0,0.0,0.0,0.0,0.08184843908125745,0.0,0.0,0.0,0.034967174068110035,0.0,0.0,0.0,0.0,0.0,0.0,0.0,0.7933277487754822,0.0,0.0323668452055479,0.009718054333518637,0.5497231265374934,0.04023722865711161,0.0,0.04480556568508298,0.16511702445202767,0.14268905426958614,0.0,0.21049660886942512,0.0,0.02280049348062722,0.0,0.05011180476268917,0.0
0.23371313522417836,0.0,0.0,0.06797385238709384,0.0,0.0,0.0,0.40683513879776,0.0,0.0,0.19114111363887787,0.0,0.09855150548287561,0.0,0.0,0.0,0.0,0.0,0.0,0.0,0.0,0.0,0.0,0.20237000286579132,0.0,0.8014509677886963,0.0,0.0,0.0,0.0,0.0,0.0,0.0,0.0,0.0,0.0,0.0,0.0,0.0,0.0,0.0,0.0,0.0,0.0,0.21319338779981933,0.0,0.0,0.3947022557258606,0.0,0.0,0.0,0.0,0.0,0.12309407965835789,0.0,0.032534251471171505,0.0,0.0,0.0,0.0,0.0,0.1837298708804962,0.0,0.03907920730282661,0.1271488096903921,0.0,0.0,0.0,0.0,0.0,0.0,0.0,0.0,0.0,0.0,0.015235594675040843,0.0,0.0,0.0,0.0,0.0,0.0,0.0,0.0,0.0,0.09632003565515251,0.0,0.48788676513678453,0.0,0.0,0.1336827464378363,0.7328493133316305,0.0,0.0,0.0,0.0,0.0,0.0,0.32578896790545997,0.0
0.4263516664505005,0.0,0.0,0.0,0.0,0.0,0.0,0.0,0.0,0.0,0.0,0.0,0.0,0.0,0.0,0.0,0.0,0.0,0.0,0.0,0.0,0.0,0.0,0.0,0.0,0.0,0.0,0.0,0.0,0.0,0.0,0.0,0.0,0.0,0.0,0.0,0.0,0.0,0.0,0.0,0.0,0.0,0.0,0.0,0.0,0.0,0.0,0.0,0.0,0.0,0.0,0.0,0.0,0.0,0.0,0.059350674997999064,0.0,0.0,0.0,0.0,0.0,0.0,0.0,0.0,0.0,0.0,0.0,0.0,0.0,0.0,0.0,0.0,0.0,0.0,0.0,0.0,0.0,0.0,0.0,0.0,0.0,0.0,0.0,0.0,0.0,0.0,0.0,0.0,0.0,0.0,0.0,0.0,0.0,0.0,0.0,0.0,0.0,0.0,0.0,0.0
0.2291708382690947,0.0,0.0,0.04969500688216666,0.0,0.4198784575422275,0.05412551651362606,0.09521421281002579,0.0,0.0,0.013905210245084853,0.0,0.0,0.0,0.0,0.20643030241065932,0.0,0.0,0.13735270500183105,0.0,0.2149339203467791,0.0,0.0,0.0,0.0,0.0,0.368820284271159,0.0,0.0,0.0,0.0,0.0,0.0,0.0,0.1341044111973888,0.0,0.0,0.09509438988048492,0.0,0.0,0.0,0.0,0.0,0.0,0.11084777558733676,0.0,0.0,0.0,0.0,0.0,0.0,0.0,0.0,0.005851518852063354,0.1422428373900847,0.5875538237835862,0.0,0.0,0.0,0.0,0.0,0.3640030209585026,0.0,0.0,0.0,0.7390618920326233,0.11848828415638059,0.4596547782421112,0.0,0.0,0.0,0.0,0.0,0.44851815700531006,0.0,0.04698265116175336,0.0,0.5108841061592102,0.0,0.0,0.3973117768764496,0.0,0.0,0.0,0.0,0.10376321293269675,0.566739211799117,0.5334272960941727,0.0,0.0,0.23092261248925341,0.19002747861193386,0.0,0.0,0.0,0.0,0.0,0.0,0.15342329491216292,0.1578154269519988
0.08459965759051499,0.0,0.0,0.0,0.0,0.07952323606592332,0.0,0.1401486188930381,0.0,0.0,0.0,0.0,0.0,0.0,0.0,0.0,0.7439494132995605,0.0,0.0,0.0,0.0,0.37465390107342955,0.0,0.0,0.0,0.0,0.0,0.0,0.0,0.0,0.0,0.0,0.0,0.5321890711784363,0.0,0.0,0.0,0.0,0.0,0.0,0.0,0.0,0.0,0.0,0.0,0.0,0.0,0.0,0.0,0.0,0.0,0.0,0.0,0.0,0.0,0.29463899725961407,0.0,0.0,0.0,0.0,0.0,0.6728564961948961,0.0,0.0,0.0,0.0,0.0,0.0,0.0,0.0,0.0,0.0,0.0,0.0,0.0,0.0,0.0,0.11493226374792442,0.0,0.0,0.0,0.0,0.0,0.0,0.0,0.0,0.0,0.0,0.0,0.0,0.02740691582900097,0.013735392759801466,0.0,0.0,0.0,0.0,0.0,0.0,0.0,0.0
0.0,0.0,0.0,0.0,0.0,0.0,0.0,0.0,0.0,0.0,0.0,0.0,0.0,0.0,0.8767783045768738,0.0,0.0,0.0,0.0,0.0,0.42150816161469606,0.0,0.0,0.0,0.0,0.0,0.0,0.0,0.0,0.0,0.0,0.0,0.0,0.0,0.0,0.0,0.0,0.0,0.0,0.8654099106788635,0.0,0.0,0.0,0.0,0.0,0.0,0.0,0.0,0.0,0.0,0.0,0.0,0.0,0.0,0.0,0.0,0.0,0.0,0.0,0.0,0.0,0.0,0.0,0.0,0.0,0.0,0.48652762174606323,0.0,0.0,0.0,0.0,0.0,0.0,0.0,0.0,0.14718016358518504,0.0,0.2848382294178009,0.0,0.0,0.0,0.0,0.0,0.0,0.0,0.0,0.0,0.3054482365243122,0.0,0.0,0.0,0.0,0.0,0.0,0.0,0.0,0.0,0.0,0.0,0.0
0.4056676174042888,0.0,0.0,0.7902202904839848,0.6791939735412598,0.3801676239377892,0.1301444052596305,0.22665042930532503,0.0,0.05989558758023783,0.03492927890693044,0.0,0.0365156000104194,0.0,0.408145654524003,0.2360100484905858,0.0,0.0,0.03240491904090703,0.0,0.6006526001975714,0.0,0.0,0.3790516651430148,0.0,0.0834429973445392,0.08701387753733643,0.0,0.0,0.0,0.021848721889311754,0.0,0.0,0.0742415911627731,0.14493896131929918,0.0,0.0,0.0224351315489599,0.0,0.2297786560563797,0.0,0.0,0.0,0.0,0.08757468931924003,0.0,0.10411491245031357,0.23645284597996108,0.2359248697757721,0.0,0.2655142415414815,0.0,0.0,0.03050492289544378,0.03355862288779206,0.2853790658365164,0.0,0.0,0.0,0.0,0.0,0.17808979441441136,0.0,0.17924963326752888,0.28487239570885126,0.18769123434794371,0.6343379148830685,0.10844399369858149,0.0,0.0,0.0,0.2592752157554088,0.0,0.10581658778354708,0.0,0.1967361532459302,0.0,0.19615887266200932,0.0,0.0,0.09373572921995699,0.0,0.0,0.2737371623516083,0.0,0.09931815664274418,0.5051059054417002,0.47392204610748134,0.09353509339258714,0.0,0.10913149458814159,0.2229614742449545,0.0411715547383705,0.0,0.48931849002838135,0.0,0.35332623602861624,0.0,0.0701158607434769,0.03723258405225818
0.14781249432753718,0.0,0.0,0.2897161817396303,0.14499145226855603,0.09497755925270135,0.18904817851889466,0.14978925063078063,0.0,0.012786256306806899,0.029038591790548185,0.0,0.43168250801501973,0.0,0.08712920534024822,0.05038242536547417,0.24545915067513135,0.0,0.006917664843062206,0.0,0.4815750410818109,0.7184359553185544,0.0,0.08091834373521785,0.0,0.017813057591699964,0.018575353968287647,0.0,0.0,0.0,0.004664172593325665,0.0,0.0,0.40091548880306294,0.2390821020735895,0.0,0.0,0.1911062040529396,0.0,0.04905217410605845,0.0,0.0,0.8569592833518982,0.0,0.07258953269305754,0.0,0.022226010458067602,0.0504769518977263,0.05036424177427001,0.32994064688682556,0.0566808555122507,0.21347576379776,0.0,0.1990782125350074,0.0071639526529724,0.10425632363798595,0.0,0.0,0.0,0.0,0.0,0.28493311650898895,0.0,0.20635197802837602,0.674497857526398,0.04006752961057166,0.13541577088554152,0.023150164384084158,0.0,0.0,0.0,0.05534897471721491,0.8026769757270813,0.022589276899565434,0.0,0.06912444840031018,0.0,0.07979599061638742,0.0,0.0,0.02001030639037033,0.0,0.0,0.5613115182721611,0.0,0.09643756004436216,0.10782786896292611,0.3999328753030467,0.019967475503877355,0.0,0.16050797795253965,0.16912041523603585,0.008789129094514927,0.0,0.10445763839917532,0.0,0.07542658810599649,0.0,0.014968036926551107,0.007948254318720115
0.0,0.0,0.0,0.0,0.0,0.0,0.0,0.0,0.0,0.0,0.0,0.0,0.0,0.0,0.0,0.0,0.0,0.0,0.0,0.0,0.0,0.0,0.0,0.0,0.0,0.0,0.0,0.0,0.0,0.0,0.0,0.0,0.0,0.0,0.0,0.0,0.0,0.0,0.0,0.0,0.0,0.0,0.0,0.0,0.0,0.0,0.0,0.0,0.0,0.0,0.0,0.0,0.0,0.0,0.0,0.0,0.0,0.0,0.0,0.0,0.0,0.0,0.0,0.0,0.0,0.0,0.0,0.0,0.0,0.0,0.0,0.0,0.0,0.0,0.0,0.0,0.0,0.0,0.0,0.0,0.0,0.0,0.0,0.0,0.0,0.31855422258377075,0.0,0.0,0.0,0.0,0.0,0.23222241186431347,0.0,0.0,0.0,0.0,0.0,0.0,0.0,0.0
0.0,0.0,0.0,0.0,0.0,0.0,0.0,0.0,0.0,0.0,0.0,0.0,0.0,0.0,0.0,0.0,0.0,0.0,0.0,0.0,0.7216780399309357,0.0,0.0,0.0,0.0,0.0,0.0,0.0,0.0,0.0,0.0,0.0,0.0,0.0,0.0,0.0,0.0,0.27833856170555116,0.0,0.0,0.0,0.0,0.0,0.0,0.6521185040473938,0.0,0.0,0.0,0.0,0.0,0.0,0.0,0.0,0.0,0.0,0.0,0.0,0.0,0.0,0.0,0.0,0.07550732679985961,0.0,0.0,0.0,0.0,0.8330000042915344,0.0,0.0,0.0,0.0,0.0,0.0,0.0,0.0,0.2519920173454775,0.0,0.0,0.0,0.0,0.0,0.0,0.0,0.0,0.0,0.17509325488747152,0.0,0.5022144069070559,0.0,0.0,0.15041925981605925,0.20302589517432146,0.0,0.0,0.0,0.0,0.0,0.0,0.0,0.46192124485969543
0.0,0.0,0.0,0.0,0.0,0.0,0.0,0.0,0.0,0.0,0.0,0.0,0.0,0.0,0.0,0.0,0.0,0.0,0.0,0.0,0.0,0.0,0.0,0.0,0.0,0.0,0.0,0.0,0.0,0.0,0.0,0.0,0.0,0.0,0.0,0.0,0.0,0.0,0.0,0.0,0.0,0.0,0.0,0.0,0.0,0.0,0.0,0.0,0.0,0.0,0.0,0.0,0.0,0.0,0.0,0.0,0.0,0.0,0.0,0.0,0.0,0.0,0.0,0.0,0.0,0.0,0.0,0.0,0.0,0.0,0.0,0.0,0.0,0.0,0.0,0.0,0.0,0.0,0.0,0.0,0.0,0.0,0.0,0.0,0.0,0.0,0.0,0.0,0.0,0.0,0.0,0.0,0.0,0.0,0.0,0.0,0.0,0.0,0.0,0.0
0.48047320822960493,0.0,0.0,0.0493177988032603,0.0,0.42542705005110193,0.07966655430603288,0.2600014553246902,0.0,0.0,0.020466875116988015,0.0,0.0,0.0,0.12489629459327634,0.5636992363416967,0.0,0.0,0.8236908912658691,0.0,0.4024873708809563,0.0,0.0,0.4700389504432678,0.6612080931663513,0.0,0.2524282589069139,0.20728348649931908,0.0,0.0,0.0,0.0,0.0,0.0,0.19738631694435177,0.0,0.0,0.2229604234466738,0.0,0.0,0.0,0.0,0.0,0.0,0.2917073207785644,0.0,0.0,0.0,0.0,0.0,0.0,0.0,0.0,0.008612764818296419,0.40649512285673256,0.06688471388956556,0.0,0.16404261001590162,0.0,0.0,0.0,0.15921433308360872,0.0,0.09064456756451239,0.29532486144509207,0.0,0.47835117045057984,0.0,0.0,0.0,0.0,0.0,0.0,0.3069751374567815,0.0,0.2144828350578283,0.0,0.0,0.0,0.0,0.0,0.0,0.0,0.0,0.0,0.2565603195468741,0.0,0.34357257688956094,0.0,0.3223812019716199,0.18716596287045872,0.25824228832688156,0.0,0.0,0.0,0.08867181889238797,0.0,0.0,0.10054478838764509,0.4014792967020868
0.0,0.0,0.0,0.0,0.0,0.0,0.0,0.0,0.0,0.0,0.0,0.0,0.0,0.0,0.0,0.0,0.0,0.0,0.0,0.0,0.0,0.0,0.0,0.0,0.0,0.0,0.0,0.0,0.0,0.0,0.0,0.0,0.0,0.0,0.0,0.0,0.0,0.0,0.0,0.0,0.0,0.0,0.0,0.0,0.0,0.0,0.0,0.0,0.0,0.0,0.0,0.0,0.0,0.0,0.0,0.0,0.0,0.0,0.0,0.0,0.0,0.0,0.0,0.0,0.0,0.0,0.0,0.0,0.0,0.0,0.0,0.0,0.0,0.0,0.0,0.0,0.0,0.0,0.0,0.0,0.0,0.0,0.0,0.0,0.0,0.0,0.0,0.0,0.0,0.0,0.0,0.0,0.0,0.0,0.0,0.0,0.0,0.0,0.0,0.0
0.0,0.0,0.0,0.0,0.0,0.0,0.3160337507724762,0.0,0.0,0.0,0.0,0.0,0.0,0.0,0.0,0.0,0.0,0.0,0.0,0.0,0.359494897403492,0.0,0.0,0.0,0.0,0.0,0.0,0.0,0.0,0.0,0.0,0.0,0.0,0.0,0.0,0.0,0.0,0.13865087635664855,0.0,0.109847791492939,0.0,0.0,0.0,0.0,0.3240622555096655,0.0,0.0,0.0,0.0,0.0,0.0,0.0,0.0,0.0,0.498137503862381,0.0,0.0,0.0,0.0,0.0,0.0,0.03761303129540313,0.0,0.0,0.0,0.0,0.4149485428551376,0.0,0.0,0.0,0.0,0.0,0.0,0.0,0.0,0.12552667451372196,0.0,0.0,0.0,0.0,0.0,0.0,0.0,0.0,0.0,0.08701043560518108,0.0,0.24955185234714816,0.0,0.0,0.0749294746175987,0.10098166573869535,0.0,0.0,0.0,0.0,0.0,0.0,0.0,0.23010029589541237
0.30319746992832386,0.0,0.0,0.14968544630516784,0.2157103568315506,0.11759291907915602,0.17038052594900605,0.14229895273339244,0.0,0.35470877911392407,0.03387873005389965,0.0,0.0,0.0,0.2806760995647671,0.22611412277222653,0.0,0.0,0.2877562940120697,0.0,0.2945333925615221,0.0,0.0,0.0,0.0,0.0,0.0,0.34311546064561327,0.0,0.0,0.1293907244198149,0.672320544719696,0.0,0.023596154225976038,0.32673271859369635,0.0,0.0,0.32652439573201597,0.0,0.7579451379230664,0.0,0.0,0.0,0.0,0.13644183429358525,0.0,0.0,0.5537843487699483,0.0,0.0,0.08432667841286756,0.0,0.0,0.014256672434308053,0.1219121379498107,0.1055264544971923,0.0,0.27153902441379324,0.0,0.0,0.0,0.073468558748876,0.0,0.15004356150205073,0.056454142321279245,0.05301520448081685,0.14258006973334,0.0,0.0,0.0,0.0,0.08240526478647903,0.0,0.0,0.0,0.40643854166382,0.0,0.02401946177180549,0.0,0.0,0.0,0.0,0.0,0.0,0.0,0.24994474228594216,0.15536306803046193,0.3126420474419464,0.0,0.533636212348938,0.2304891942589008,0.25750365472342296,0.24382283412623143,0.0,0.0,0.14677807913871632,0.09538230580768614,0.0,0.12050135306316238,0.05631380652528348
0.4953028405485546,0.0,0.0,0.615315075986336,0.03665037541908496,0.06652554160700519,0.20969248340750743,0.2774346079303587,0.0,0.12616475296770663,0.030947704037489376,0.0,0.16601215683029796,0.0,0.17613525556807225,0.2149265203399877,0.1628651688822913,0.0,0.0925636346811871,0.18141747630470206,0.6013738016064554,0.08201911283202218,0.5539734363555908,0.39385564046344257,0.0,0.0,0.0,0.05829720292277911,0.0,0.0,0.8628937435401067,0.11423095639855017,0.0,0.0639494499347115,0.29846536332131807,0.0,0.0,0.249908959843401,0.0,0.12601389792362572,0.0,0.0,0.0,0.0,0.528240646647973,0.0,0.0,0.09409100509477,0.0,0.0,0.01432756621922198,0.0,0.0,0.0848833721861195,0.7192537262101297,0.1857110544437197,0.0,0.04613597294018281,0.0,0.1699054971556393,0.0,0.17960052423144907,0.0,0.09132300151790107,0.4495565035700033,0.0414190916477889,0.6463133065175218,0.0,0.0,0.0,0.0,0.22333178976336363,0.0,0.0,0.0,0.22768006462508708,0.08374030134563881,0.02924197320933004,0.0,0.0,0.0,0.0,0.0,0.49555447697639465,0.0,0.19353123577955844,0.05125135500854047,0.4977065744490691,0.10290833426341628,0.0906677259593986,0.21324453686902756,0.2775269500781699,0.0867242353354387,0.0,0.5383535623550415,0.08449307222256588,0.07451915925846314,0.0,0.06936682634782528,0.3322385765809577
0.0,0.0,0.0,0.0,0.0,0.0,0.0,0.0,0.0,0.0,0.0,0.0,0.0,0.0,0.0,0.0,0.0,0.0,0.0,0.0,0.0,0.0,0.0,0.0,0.0,0.0,0.0,0.0,0.0,0.0,0.0,0.0,0.0,0.0,0.0,0.0,0.0,0.0,0.0,0.0,0.0,0.0,0.0,0.0,0.0,0.0,0.0,0.0,0.0,0.0,0.0,0.0,0.0,0.0,0.0,0.0,0.0,0.0,0.0,0.0,0.0,0.0,0.0,0.0,0.0,0.0,0.0,0.0,0.0,0.0,0.0,0.0,0.0,0.0,0.0,0.0,0.0,0.0,0.0,0.0,0.0,0.0,0.0,0.0,0.0,0.0,0.0,0.0,0.0,0.0,0.0,0.0,0.0,0.0,0.0,0.0,0.0,0.0,0.0,0.0
0.025369220760156245,0.0,0.0,0.09858980646586465,0.0,0.3466260395515865,0.28554283223025045,0.042026898845594296,0.0,0.0,0.07335787946040284,0.0,0.14293987336697,0.0,0.40183111765328405,0.0,0.0,0.0,0.0,0.0,0.5525669911730713,0.6449488266481751,0.0,0.0,0.0,0.0,0.0,0.0,0.0,0.0,0.0,0.0,0.0,0.15958955883979797,0.7074769139289856,0.0,0.0,0.0,0.0,0.0,0.0,0.0,0.7683300971984863,0.0,0.09542757908295861,0.0,0.0,0.0,0.0,0.0,0.0,0.0,0.0,0.09274312138267689,0.0,0.042076767290872515,0.0,0.0,0.0,0.0,0.0,0.6570205106739964,0.0,0.056680787531127354,0.0,0.0,0.19894732247912472,0.0,0.0,0.0,0.0,0.0,0.0,0.0,0.0,0.25390490383832126,0.0,0.0,0.0,0.0,0.0,0.0,0.0,0.0,0.0,0.054971082436381644,0.0,0.4760354281072947,0.5092338919639587,0.0,0.06495401160641597,0.06552979071647351,0.5329347848892212,0.0,0.0,0.0,0.0,0.0,0.0,0.0
0.0,0.0,0.0,0.0,0.0,0.0,0.0,0.0,0.0,0.0,0.0,0.0,0.0,0.0,0.0,0.0,0.0,0.0,0.0,0.0,0.0,0.0,0.0,0.0,0.0,0.0,0.0,0.0,0.0,0.0,0.0,0.0,0.0,0.0,0.0,0.0,0.0,0.0,0.0,0.0,0.0,0.0,0.0,0.0,0.0,0.0,0.0,0.0,0.0,0.0,0.0,0.0,0.0,0.0,0.0,0.0,0.0,0.0,0.0,0.0,0.0,0.0,0.0,0.0,0.0,0.0,0.0,0.0,0.0,0.0,0.0,0.0,0.0,0.0,0.0,0.0,0.0,0.0,0.0,0.0,0.0,0.0,0.0,0.0,0.0,0.29809999465942383,0.0,0.0,0.0,0.0,0.0,0.21731151191488607,0.0,0.0,0.0,0.0,0.0,0.0,0.0,0.0
0.0,0.0,0.0,0.0,0.0,0.0,0.0,0.0,0.0,0.0,0.0,0.0,0.0,0.0,0.0,0.0,0.0,0.0,0.0,0.0,0.0,0.0,0.0,0.0,0.0,0.0,0.0,0.0,0.0,0.0,0.0,0.0,0.0,0.0,0.0,0.0,0.0,0.0,0.0,0.0,0.0,0.0,0.0,0.0,0.0,0.0,0.0,0.0,0.0,0.0,0.0,0.0,0.0,0.0,0.0,0.0,0.0,0.0,0.0,0.0,0.0,0.0,0.0,0.0,0.0,0.0,0.0,0.0,0.0,0.0,0.0,0.0,0.0,0.0,0.0,0.0,0.0,0.0,0.0,0.0,0.0,0.0,0.0,0.0,0.0,0.0,0.0,0.0,0.0,0.0,0.0,0.0,0.0,0.0,0.0,0.0,0.0,0.0,0.0,0.0
0.0,0.0,0.0,0.0,0.0,0.5804112674081097,0.0,0.0,0.0,0.0,0.0,0.0,0.0,0.0,0.0,0.0,0.0,0.0,0.0,0.0,0.0,0.0,0.0,0.0,0.0,0.0,0.0,0.0,0.0,0.0,0.0,0.0,0.0,0.0,0.0,0.0,0.0,0.0,0.0,0.0,0.0,0.0,0.0,0.0,0.0,0.0,0.0,0.0,0.0,0.0,0.0,0.0,0.0,0.0,0.0,0.7518340384191511,0.0,0.0,0.0,0.0,0.0,0.0,0.0,0.0,0.0,0.0,0.0,0.0,0.0,0.0,0.0,0.0,0.0,0.0,0.0,0.0,0.0,0.0,0.0,0.0,0.0,0.0,0.0,0.0,0.0,0.0,0.7668359279632568,0.49561923752931136,0.0,0.0,0.0,0.0,0.0,0.0,0.0,0.0,0.0,0.0,0.0,0.0
0.0,0.0,0.0,0.0,0.0,0.0,0.0,0.0,0.0,0.0,0.0,0.0,0.0,0.0,0.0,0.0,0.0,0.0,0.0,0.0,0.8663601875305176,0.0,0.0,0.0,0.0,0.0,0.0,0.0,0.0,0.0,0.0,0.0,0.0,0.0,0.0,0.0,0.0,0.0,0.0,0.0,0.0,0.0,0.0,0.0,0.0,0.0,0.0,0.0,0.0,0.0,0.0,0.0,0.0,0.0,0.0,0.0,0.0,0.0,0.0,0.0,0.0,0.0,0.0,0.0,0.0,0.0,0.0,0.0,0.0,0.0,0.0,0.0,0.0,0.0,0.0,0.30251142382621765,0.0,0.0,0.0,0.0,0.0,0.0,0.0,0.0,0.0,0.0,0.0,0.6278127343070707,0.0,0.0,0.0,0.0,0.0,0.0,0.0,0.0,0.0,0.0,0.0,0.0
0.3942251205444336,0.0,0.0,0.0,0.0,0.0,0.11775253750351933,0.0,0.0,0.0,0.030251421073579365,0.0,0.0,0.0,0.0,0.0,0.0,0.0,0.0,0.0,0.24427112167590082,0.0,0.0,0.0,0.0,0.0,0.0,0.0,0.0,0.0,0.0,0.0,0.0,0.0,0.2917502820491791,0.0,0.0,0.12074871345985994,0.0,0.0,0.0,0.0,0.0,0.0,0.039352553510344106,0.0,0.0,0.0,0.0,0.0,0.0,0.0,0.0,0.012730246978921252,0.0,0.054878469692098975,0.0,0.0,0.0,0.0,0.0,0.19950221827391945,0.0,0.0,0.0,0.0,0.0,0.0,0.0,0.0,0.0,0.0,0.0,0.0,0.0,0.0,0.0,0.0,0.0,0.0,0.0,0.0,0.0,0.0,0.0,0.01462140054545232,0.0,0.2081945124715952,0.0,0.0,0.08865143651244657,0.05216151235624856,0.0,0.0,0.0,0.0,0.0,0.0,0.0,0.20039047300815582
0.17400971301023946,0.0,0.0,0.0,0.7982577681541443,0.5054069372152679,0.1823935616683152,0.24225742105359918,0.0,0.0,0.22939372878382258,0.0,0.0,0.0,0.2736068367853879,0.220304035395179,0.0,0.0,0.0,0.0,0.6183537273901275,0.33093035221099854,0.0,0.0,0.0,0.0,0.0,0.0,0.0,0.0,0.0,0.0,0.0,0.08731993069835585,0.0988282710313797,0.0,0.0,0.0,0.0,0.27005922357743334,0.0,0.0,0.0,0.0,0.06095539465788666,0.0,0.0,0.0,0.0,0.0,0.3120593146033972,0.0,0.0,0.0965322857306754,0.0,0.25854359794618154,0.0,0.0,0.0,0.0,0.0,0.10940531051853392,0.0,0.4983607530593872,0.2089142047436891,0.1961880710259091,0.6182286326966335,0.0,0.0,0.0,0.0,0.3049489311446205,0.0,0.0,0.0,0.18702122392719434,0.0,0.08888642264496416,0.0,0.0,0.0,0.0,0.0,0.0,0.0,0.3289939900493499,0.5749365851562924,0.41528240594275395,0.0,0.0,0.22478931094856208,0.3302993116540253,0.0,0.0,0.0,0.0,0.35297177045095474,0.0,0.0,0.0
0.2742398057461533,0.0,0.0,0.05589592409498498,0.0,0.0,0.11116282371624386,0.07193318004416259,0.0,0.0,0.0,0.0,0.08104038945074166,0.0,0.0,0.15595558343274263,0.0,0.0,0.26939982175827026,0.0,0.12172133618309766,0.0,0.0,0.0,0.0,0.6590452194213867,0.0,0.0,0.0,0.0,0.0,0.0,0.0,0.0,0.0,0.0,0.0,0.046945784362959896,0.0,0.03863824876773814,0.0,0.0,0.0,0.0,0.4066981947346081,0.0,0.0,0.0,0.0,0.0,0.0,0.0,0.0,0.03507919022961995,0.16866432044232127,0.03817580383315806,0.0,0.401248961687088,0.35174351930618286,0.0,0.0,0.04522096811219782,0.0,0.03213542161258648,0.0,0.0,0.14049737965228234,0.0,0.0,0.0,0.0,0.0,0.0,0.0,0.0,0.0550305216683805,0.0,0.0,0.0,0.0,0.0,0.0,0.0,0.0,0.0,0.1202622652794862,0.0,0.31981128781472024,0.0,0.0,0.03943733361736962,0.10743444573822318,0.0,0.0,0.0,0.0,0.0,0.0,0.2679011823152848,0.07790963286213162
0.15672184583061594,0.0,0.0,0.0,0.7155928611755371,0.45898507715886083,0.1277483326182959,0.21838268581216275,0.0,0.0,0.0,0.0,0.0,0.0,0.24527302706390508,0.19749008566680304,0.6444262862205505,0.0,0.0,0.0,0.35743674620824145,0.3245339236386684,0.0,0.0,0.0,0.0,0.0,0.0,0.0,0.0,0.0,0.0,0.0,0.6193554015302346,0.0,0.0,0.0,0.0,0.0,0.24209279282491414,0.0,0.0,0.0,0.0,0.04269311899175401,0.0,0.0,0.0,0.0,0.0,0.27974349477348426,0.0,0.0,0.0,0.0,0.7754032586459263,0.0,0.0,0.0,0.0,0.0,0.0986232968601815,0.0,0.0,0.18727974781684847,0.17587148998070282,0.41257291292099074,0.0,0.0,0.0,0.0,0.2733694388653447,0.0,0.0,0.0,0.12480801931985902,0.0,0.17923864194960704,0.0,0.0,0.0,0.0,0.0,0.0,0.0,0.011463065561196003,0.5153980736295678,0.29539974507046285,0.0,0.0,0.04270606400433408,0.02975923824549563,0.0,0.0,0.0,0.0,0.31641919340823677,0.0,0.0,0.0
0.5706191930468392,0.0,0.0,0.0,0.0,0.0,0.46731022000312805,0.794419643132672,0.0,0.0,0.0,0.0,0.0,0.0,0.0,0.7224292755126953,0.0,0.0,0.0,0.0,0.0,0.0,0.0,0.0,0.0,0.0,0.0,0.0,0.0,0.0,0.0,0.0,0.0,0.2863427996635437,0.0,0.0,0.0,0.0,0.0,0.0,0.0,0.0,0.0,0.0,0.15617370825706534,0.0,0.0,0.0,0.0,0.0,0.0,0.0,0.0,0.0,0.0,0.14859314727123413,0.0,0.0,0.0,0.0,0.0,0.3587660075012658,0.0,0.0,0.0,0.0,0.0,0.0,0.0,0.0,0.0,0.0,0.0,0.0,0.0,0.0,0.0,0.0,0.0,0.0,0.0,0.0,0.0,0.0,0.0,0.0419325057284199,0.0,0.12374855605573812,0.0,0.0,0.15535359865985585,0.10842613971876647,0.0,0.0,0.0,0.0,0.0,0.0,0.0,0.0
0.08249693898138304,0.0,0.0,0.0,0.0,0.0,0.0,0.13666523471178138,0.0,0.0,0.0,0.0,0.0,0.0,0.0,0.0,0.0,0.0,0.0,0.0,0.0,0.0,0.0,0.0,0.0,0.0,0.0,0.0,0.0,0.0,0.0,0.0,0.0,0.5189615488052368,0.0,0.0,0.0,0.2321193367242813,0.0,0.0,0.0,0.0,0.0,0.0,0.0,0.0,0.0,0.0,0.0,0.0,0.0,0.0,0.0,0.0,0.0,0.13682739949114564,0.0,0.0,0.0,0.0,0.0,0.06171906881408876,0.0,0.0,0.7645472884178162,0.0,0.0,0.0,0.0,0.0,0.0,0.0,0.0,0.0,0.0,0.0,0.0,0.0,0.0,0.0,0.0,0.0,0.0,0.0,0.0,0.0,0.0,0.0,0.0,0.0,0.15216726242420767,0.07626093821066253,0.0,0.0,0.0,0.0,0.0,0.0,0.0,0.0
0.22739483602675525,0.0,0.0,0.0,0.0,0.0,0.0,0.1305171085958814,0.0,0.0,0.0,0.0,0.0,0.0,0.0,0.28296916397312977,0.0,0.0,0.0,0.0,0.13524095891931479,0.0,0.0,0.0,0.0,0.0,0.8223084807395935,0.0,0.0,0.0,0.0,0.0,0.0,0.0,0.0,0.0,0.0,0.05216006571695601,0.0,0.0,0.0,0.0,0.0,0.0,0.12220564702902509,0.0,0.0,0.0,0.0,0.0,0.0,0.0,0.0,0.0,0.18739791352423207,0.031654706832989786,0.0,0.0,0.0,0.0,0.0,0.5603882730410645,0.0,0.0,0.0,0.0,0.1561024627699099,0.0,0.0,0.0,0.0,0.0,0.0,0.0,0.0,0.04722277827530458,0.0,0.0,0.0,0.0,0.0,0.0,0.0,0.0,0.0,0.19364540979808237,0.0,0.09411393199619195,0.0,0.0,0.053711670784798216,0.16808372620852965,0.0,0.0,0.0,0.0,0.0,0.0,0.3420670769195784,0.08656307749922283
0.0,0.0,0.0,0.0,0.0,0.0,0.0,0.0,0.0,0.0,0.0,0.0,0.0,0.0,0.0,0.0,0.0,0.0,0.0,0.0,0.0,0.0,0.0,0.2678801417350769,0.0,0.0,0.0,0.0,0.0,0.0,0.0,0.0,0.0,0.0,0.0,0.0,0.0,0.0,0.0,0.4391801357269287,0.0,0.0,0.0,0.0,0.0,0.0,0.0,0.0,0.0,0.0,0.0,0.0,0.0,0.0,0.0,0.0,0.0,0.0,0.0,0.0,0.0,0.0,0.0,0.0,0.16830874476933744,0.0,0.0,0.0,0.0,0.0,0.0,0.0,0.0,0.0,0.0,0.0,0.0,0.0,0.0,0.0,0.0,0.0,0.0,0.0,0.0,0.0,0.0,0.2087079094922295,0.0,0.0,0.0,0.0,0.0,0.0,0.0,0.0,0.0,0.0,0.0,0.0
0.0,0.0,0.0,0.0,0.0,0.0,0.0,0.0,0.0,0.0,0.0,0.0,0.0,0.0,0.0,0.0,0.0,0.0,0.0,0.0,0.0,0.0,0.0,0.0,0.0,0.0,0.0,0.0,0.0,0.0,0.0,0.0,0.0,0.0,0.0,0.0,0.0,0.0,0.0,0.0,0.0,0.0,0.0,0.0,0.0,0.0,0.0,0.0,0.0,0.0,0.0,0.0,0.0,0.0,0.0,0.0,0.0,0.0,0.0,0.0,0.0,0.0,0.0,0.0,0.0,0.0,0.0,0.0,0.0,0.0,0.0,0.0,0.0,0.0,0.0,0.0,0.0,0.0,0.0,0.0,0.0,0.0,0.0,0.0,0.0,0.0,0.0,0.0,0.0,0.0,0.0,0.0,0.0,0.0,0.0,0.0,0.0,0.0,0.0,0.0
0.24261421463760952,0.0,0.0,0.39554815987759895,0.0,0.12329364567995071,0.3526559867233727,0.13925252812265101,0.0,0.0,0.046855249409070154,0.0,0.0,0.0,0.5641603439427492,0.3019080937964844,0.0,0.0,0.52152019739151,0.0,0.35436758053065665,0.0,0.0,0.0,0.0,0.0,0.0,0.0,0.0,0.0,0.0,0.0,0.0,0.0,0.45188066363334656,0.0,0.0,0.061498797924890186,0.0,0.0,0.0,0.0,0.0,0.0,0.1320566598756635,0.0,0.0,0.0,0.0,0.0,0.0,0.0,0.0,0.019717384376278537,0.22094961455591822,0.5059395746148829,0.0,0.0,0.0,0.0,0.0,0.079570825126836,0.0,0.0,0.0,0.0,0.18405102987329275,0.0,0.0,0.0,0.0,0.0,0.0,0.0,0.0,0.1443353277491216,0.0,0.0,0.0,0.0,0.0,0.0,0.0,0.0,0.0,0.5251918163305962,0.0,0.24267768882675195,0.0,0.0,0.09670487012235901,0.42679149654254733,0.0,0.0,0.0,0.7111828923225403,0.0,0.0,0.5838644387711867,0.10206132100693963
0.0,0.0,0.0,0.0,0.0,0.0,0.0,0.0,0.0,0.0,0.0,0.0,0.0,0.0,0.0,0.0,0.0,0.0,0.0,0.0,0.0,0.0,0.0,0.0,0.0,0.0,0.0,0.0,0.0,0.0,0.0,0.0,0.0,0.0,0.0,0.0,0.0,0.0,0.0,0.0,0.0,0.0,0.0,0.0,0.0,0.0,0.0,0.0,0.0,0.0,0.0,0.0,0.0,0.0,0.0,0.0,0.0,0.0,0.0,0.0,0.0,0.0,0.0,0.0,0.0,0.0,0.0,0.0,0.0,0.0,0.0,0.0,0.0,0.0,0.0,0.0,0.0,0.0,0.0,0.0,0.0,0.0,0.0,0.0,0.0,0.0,0.0,0.0,0.0,0.0,0.0,0.0,0.0,0.0,0.0,0.0,0.0,0.0,0.0,0.0
0.4227246480586747,0.0,0.0,0.5803453713760255,0.46629169014582317,0.25771636222265065,0.13795508762680259,0.41339629375109815,0.16959759696614007,0.04108368327687849,0.4134579097687968,0.0,0.03625261868827621,0.0,0.2655589923362725,0.2303933533338766,0.04510646127647306,0.0,0.02224717099570259,0.46304406322271063,0.4226932344181422,0.10203521649291586,0.0,0.2767698505740608,0.40387022495269775,0.14836416038095432,0.25864904976389885,0.12661010835570297,0.0,0.0,0.014986512468929387,0.0,0.0,0.08270966331188498,0.22007079023931764,0.0,0.65350741147995,0.16175095701528205,0.0,0.21937944643720472,0.0,0.0,0.0,0.0,0.13015545084553587,0.0,0.07147872388018461,0.16233359170859635,0.16197111658926566,0.0,0.1822853106317244,0.6865368485450745,0.0,0.18968155463020575,0.06836950914510631,0.22587402254301026,0.0,0.11959858118907127,0.0,0.0,0.0,0.354463617192716,0.0,0.18286235772567688,0.25275587709603053,0.12883882665323393,0.45582774958557426,0.07445079767746604,0.0,0.0,0.0,0.17788494889424347,0.061225324112452406,0.26014940704444306,0.49643635456650514,0.1855447328686881,0.0,0.1416387622837455,0.0,0.0,0.06435303213474372,0.0,0.0,0.18793064877054455,0.0,0.31453380142770104,0.3467599199982063,0.36845641490064496,0.06415775030283193,0.19691254524321522,0.446097437238698,0.4683909208996939,0.028240462832456997,0.0,0.3356341706960615,0.05416132653721738,0.24253887661877682,0.0,0.14588750280711155,0.2640683801296292
0.3579842394685012,0.0,0.0,0.232103676758738,0.09823927758045692,0.1935332657980588,0.2652903836596068,0.24350746062346995,0.0,0.06591294245443566,0.01622422533240818,0.2587266479783068,0.2842627718179461,0.29222135523502146,0.29570952440427156,0.18189290053504967,0.1250381916990747,0.0,0.02868719602683683,0.0562246580244192,0.24219265659412656,0.06296939746945202,0.17168669550552096,0.3689931665372814,0.0,0.6707391537229235,0.0,0.06427662045860702,0.0,0.0,0.11702242455895412,0.03540230296514361,0.0,0.13108908924228024,0.1564694202380312,0.34866955876350403,0.0,0.0663398504429995,0.7511290907859802,0.13663066689912728,0.0,0.0,0.0,0.0,0.27163691626176334,0.0,0.0,0.02916055659236515,0.0,0.17185901215486776,0.038404238395047446,0.0,0.0,0.12987354397293854,0.012153747710103262,0.2478526046034512,0.0,0.5524133907689365,0.0,0.052656881071369815,0.0,0.19736033744905854,0.0,0.1408283972475938,0.34516803039727645,0.1064265325708715,0.2586735382655474,0.06745526218465601,0.0,0.0,0.12141071786573221,0.22879178007217316,0.0,0.0,0.3235779423734497,0.11806419572827467,0.02595268053510191,0.030256064639868505,0.0,0.0,0.0,0.0,0.0,0.0,0.0,0.12765476065676257,0.13385275750852954,0.5008781639098906,0.07376399856225778,0.028099618569034274,0.09601854460529136,0.16091439763084026,0.39682048746749793,0.0,0.3858881953904181,0.2149184384047501,0.19147729741190894,0.0,0.287244725120396,0.019131466168033955
0.0,0.0,0.0,0.12507811188697815,0.0,0.6297717690467834,0.0,0.0,0.0,0.0,0.0,0.0,0.0,0.0,0.0,0.0,0.0,0.0,0.0,0.0,0.0,0.0,0.0,0.0,0.0,0.0,0.0,0.0,0.0,0.0,0.0,0.0,0.0,0.0,0.0,0.0,0.0,0.0,0.0,0.0,0.0,0.0,0.0,0.0,0.0,0.0,0.0,0.0,0.0,0.0,0.0,0.0,0.0,0.0,0.0,0.0,0.0,0.0,0.0,0.0,0.0,0.0,0.0,0.0,0.0,0.0,0.0,0.0,0.0,0.0,0.0,0.0,0.0,0.0,0.0,0.028034889130268414,0.0,0.0,0.0,0.0,0.0,0.0,0.0,0.0,0.0,0.0,0.0,0.0,0.0,0.0,0.37793436646461487,0.1894075565892468,0.0,0.0,0.0,0.0,0.0,0.0,0.0,0.0
0.20508242611236627,0.0,0.0,0.5951353195656239,0.0,0.22045708167270472,0.02271875336574469,0.0784386337728099,0.0,0.0,0.0058366009676301045,0.0,0.3444739476178421,0.0,0.1833427311035758,0.17005980948145924,0.0,0.0,0.25303839816134654,0.0,0.40266600082792947,0.5525894032512682,0.0,0.12785346201332876,0.1798526350695549,0.26950910687446594,0.06851144443055716,0.14349247209250798,0.0,0.0,0.0,0.0,0.0,0.0,0.05628925577984805,0.0,0.0,0.8605334200984132,0.0,0.0,0.0,0.3313637971878052,0.6583019495010376,0.0,0.15937546494972843,0.0,0.0,0.0,0.21105846277336582,0.0,0.0,0.0,0.0,0.15156532213115664,0.12281663909600447,0.17143014157113812,0.27200610054285335,0.11355887551498832,0.0,0.0,0.0,0.14249346090523618,0.0,0.16568530571690582,0.13540583437910275,0.15522770285594387,0.23608900970622618,0.15208788794778122,0.0,0.0,0.0,0.0,0.0,0.08331598911510338,0.0,0.13545225420003426,0.0,0.10782641410130794,0.0,0.0,0.08385601286929796,0.0,0.0,0.0,0.0,0.13963174719096194,0.11903417956514241,0.35689245958727006,0.2451430873289837,0.08768965363661836,0.5165933125999246,0.3598890417174061,0.0,0.0,0.0,0.024119275684960566,0.23771247279493934,0.0,0.13684132209921107,0.5400684122839495
0.25653013014757675,0.0,0.35015031695365906,0.4452914053376111,0.4117237113157125,0.25513633653088474,0.10318434901661859,0.21881498196007454,0.0,0.26594435578784653,0.01715578894173489,0.0,0.041654916469081225,0.10524440291415527,0.20630194794840265,0.3189059032217701,0.03815141879098645,0.0,0.03019166602607168,0.6082474476925077,0.19857901544281664,0.019213104582117238,0.1297691379595043,0.0987777702496104,0.0,0.021909450727479195,0.6693798533439007,0.013656210338365966,0.0,0.0,0.19713345443856722,0.026758778972597524,0.5376754403114319,0.04490947356384625,0.11506013488556799,0.0,0.0,0.08164812528206605,0.0,0.31223721880289756,0.0,0.0,0.0,0.0,0.18684528774863304,0.0,0.027337231606233026,0.3354773568605699,0.061946292370063105,0.0,0.16095329639728376,0.2625678777694702,0.0,0.025250182043067424,0.22861049049272666,0.2560647826254956,0.0,0.031358642360814884,0.0,0.03980062662483979,0.23425155331131542,0.5232787519336998,0.0,0.06575277624538974,0.8331889118944594,0.1438386013324932,0.1956747377835688,0.052768125515494514,0.0,0.0,0.0,0.15683814510654864,0.0,0.8315080278043386,0.0,0.0808032623668174,0.01961629566497353,0.0833870161885818,0.0,0.0,0.024611991492457824,0.0,0.0,0.18795899176739567,0.0,0.2106149799280597,0.3292444676187349,0.26406532750160105,0.02436360345897386,0.021239055641193803,0.10692318493654315,0.3340695060050348,0.18280716566995778,0.0,0.12745549529905262,0.01979263341218122,0.1958607137435421,0.0,0.3036066875779012,0.11617427198818955
0.0,0.0,0.0,0.0,0.0,0.0,0.32068688264619905,0.0,0.0,0.0,0.04291727720694638,0.0,0.0,0.0,0.0,0.0,0.0,0.0,0.0,0.0,0.8269396241386531,0.0,0.0,0.0,0.0,0.0,0.0,0.0,0.0,0.0,0.0,0.0,0.0,0.0,0.4139021337032318,0.0,0.0,0.0,0.0,0.0,0.0,0.0,0.0,0.0,0.10717261790662314,0.0,0.0,0.0,0.0,0.0,0.0,0.0,0.0,0.018060227226297732,0.0,0.0,0.0,0.0,0.0,0.0,0.0,0.0,0.0,0.0,0.0,0.0,0.0,0.0,0.0,0.0,0.0,0.0,0.0,0.0,0.0,0.0,0.0,0.0,0.0,0.0,0.0,0.0,0.0,0.0,0.0,0.03452891695144539,0.0,0.6841675907280845,0.0,0.0,0.033192463022799074,0.03765453973601138,0.0,0.0,0.0,0.0,0.0,0.0,0.0,0.0
0.40571065404445883,0.0,0.0,0.07064569472929626,0.29701867514370406,0.33038755126383745,0.11129088062877097,0.22368352638500275,0.04475652493332193,0.13173823128078693,0.0889087618997382,0.0,0.024584832845073325,0.0,0.15625395309048373,0.22361840255066978,0.4172001423433208,0.0,0.08605176486025455,0.12219656134037979,0.38072208941868363,0.19930364652878216,0.0,0.26851263410243104,0.0,0.042418531798815266,0.22269153807796518,0.0,0.0,0.23332327604293823,0.04805549279548974,0.03284721299501303,0.0,0.3368315367581889,0.11232175234235814,0.0,0.17245952347928917,0.0597149323586113,0.0,0.16902310624283665,0.0,0.0,0.0,0.0,0.10868784130121507,0.0,0.0,0.19650953857841585,0.5717918276786804,0.5447905659675598,0.11611217314437126,0.0,0.0,0.04805593166990448,0.08872783775411106,0.48261676646778,0.0,0.04720303032107222,0.009811497172448542,0.0,0.0,0.4491696779145452,0.0,0.19518066312738436,0.2819351973156743,0.517320691863969,0.33090102151236817,0.2589521649318218,0.3720836639404297,0.027893896074622226,0.0,0.1345064516967815,0.016157261625214987,0.2564590167411396,0.1310087317180513,0.13919126065462328,0.0,0.27666138704503296,0.0,0.0,0.22717962705844919,0.0,0.0,0.0,0.0,0.2081659277614957,0.38747510962721354,0.45254847054051633,0.06900271606432638,0.0,0.1444767078121115,0.25213972067038526,0.09055538178078752,0.0,0.36098007290950346,0.0,0.1704355350512733,0.0,0.10478825930600365,0.09287682008626182
0.0,0.0,0.0,0.0,0.0,0.0,0.0,0.0,0.0,0.0,0.0,0.0,0.0,0.0,0.0,0.0,0.0,0.0,0.0,0.0,0.0,0.0,0.0,0.0,0.0,0.0,0.0,0.0,0.0,0.0,0.0,0.0,0.0,0.0,0.0,0.0,0.0,0.0,0.0,0.0,0.0,0.0,0.0,0.0,0.0,0.0,0.0,0.0,0.0,0.0,0.0,0.0,0.0,0.0,0.0,0.0,0.0,0.0,0.0,0.0,0.0,0.0,0.0,0.0,0.0,0.0,0.0,0.0,0.0,0.0,0.0,0.0,0.0,0.0,0.0,0.0,0.0,0.0,0.0,0.0,0.0,0.0,0.0,0.0,0.0,0.0,0.0,0.0,0.0,0.0,0.0,0.7289886474609375,0.0,0.0,0.0,0.0,0.0,0.0,0.0,0.0
0.0,0.0,0.0,0.0,0.0,0.7568910717964172,0.0,0.0,0.0,0.0,0.0,0.0,0.0,0.0,0.0,0.0,0.0,0.0,0.0,0.0,0.0,0.0,0.0,0.0,0.0,0.0,0.0,0.0,0.0,0.0,0.0,0.0,0.0,0.0,0.0,0.0,0.0,0.0,0.0,0.0,0.0,0.0,0.0,0.0,0.0,0.0,0.0,0.0,0.0,0.0,0.0,0.0,0.0,0.0,0.0,0.120181605219841,0.0,0.0,0.0,0.0,0.0,0.0,0.0,0.0,0.0,0.0,0.0,0.0,0.0,0.0,0.0,0.0,0.0,0.0,0.0,0.0,0.0,0.0,0.0,0.0,0.0,0.0,0.0,0.0,0.0,0.0,0.0,0.646317183971405,0.0,0.0,0.0,0.0,0.0,0.0,0.0,0.0,0.0,0.0,0.0,0.0
0.0,0.0,0.0,0.0,0.0,0.0,0.0,0.0,0.0,0.0,0.0,0.0,0.0,0.0,0.0,0.0,0.0,0.0,0.0,0.0,0.0,0.0,0.0,0.0,0.0,0.0,0.0,0.0,0.0,0.0,0.0,0.0,0.0,0.0,0.0,0.0,0.0,0.0,0.0,0.0,0.0,0.0,0.0,0.0,0.0,0.0,0.0,0.0,0.0,0.0,0.0,0.0,0.0,0.0,0.0,0.0,0.0,0.0,0.0,0.0,0.0,0.0,0.0,0.0,0.0,0.0,0.0,0.0,0.0,0.0,0.0,0.0,0.0,0.0,0.0,0.0,0.0,0.0,0.0,0.0,0.0,0.0,0.0,0.0,0.0,0.0,0.0,0.0,0.0,0.0,0.0,0.0,0.0,0.0,0.0,0.0,0.0,0.0,0.0,0.0
0.0,0.0,0.0,0.19360417289908582,0.0,0.0,0.0,0.0,0.0,0.0,0.0,0.0,0.28069591522216797,0.0,0.7890895009040833,0.0,0.0,0.0,0.0,0.0,0.338469301300762,0.0,0.0,0.0,0.0,0.0,0.0,0.0,0.0,0.0,0.0,0.0,0.0,0.0,0.0,0.0,0.0,0.0,0.0,0.0,0.0,0.0,0.0,0.0,0.0,0.0,0.0,0.0,0.0,0.0,0.0,0.0,0.0,0.12150219752757607,0.0,0.0,0.0,0.0,0.0,0.0,0.0,0.0,0.0,0.1113059999061079,0.0,0.0,0.39067965745925903,0.0,0.0,0.0,0.0,0.0,0.0,0.0,0.0,0.4986017385038691,0.0,0.0,0.0,0.0,0.0,0.0,0.0,0.0,0.0,0.03832239852563889,0.0,0.2452736639876472,0.0,0.0,0.0,0.027936593468664516,0.0,0.0,0.0,0.0,0.0,0.0,0.0,0.0
0.0,0.0,0.0,0.15297975968090682,0.0,0.0,0.24711910563893902,0.0,0.0,0.0,0.06348656494800764,0.0,0.0,0.0,0.38741804369930755,0.0,0.0,0.0,0.0,0.0,0.5126349070835516,0.0,0.0,0.0,0.0,0.0,0.0,0.6429763436317444,0.0,0.0,0.0,0.0,0.0,0.0,0.6122761368751526,0.0,0.0,0.5482977725831226,0.0,0.0,0.0,0.0,0.0,0.0,0.08258648207724675,0.0,0.0,0.0,0.0,0.0,0.0,0.0,0.0,0.026716088796810877,0.0,0.0,0.0,0.5088466976754518,0.0,0.0,0.0,0.0,0.0,0.2811720007560865,0.0,0.0,0.0,0.0,0.0,0.0,0.0,0.0,0.0,0.0,0.0,0.6522304751254352,0.0,0.0,0.0,0.0,0.0,0.0,0.0,0.0,0.0,0.4219040702153287,0.0,0.43692342272775103,0.0,0.0,0.34541103046413657,0.4106040907288645,0.0,0.0,0.0,0.2750526964664459,0.0,0.0,0.2258117988896302,0.0
0.0,0.0,0.0,0.0,0.0,0.0,0.0,0.0,0.0,0.0,0.0,0.0,0.0,0.0,0.0,0.0,0.0,0.0,0.0,0.0,0.0,0.0,0.0,0.0,0.0,0.0,0.0,0.0,0.0,0.0,0.0,0.0,0.0,0.0,0.0,0.0,0.0,0.0,0.0,0.0,0.0,0.0,0.0,0.0,0.0,0.0,0.0,0.0,0.0,0.0,0.0,0.0,0.0,0.0,0.0,0.0,0.0,0.0,0.0,0.0,0.0,0.0,0.0,0.0,0.0,0.0,0.0,0.0,0.0,0.0,0.0,0.0,0.0,0.0,0.0,0.0,0.0,0.0,0.0,0.0,0.0,0.0,0.0,0.0,0.0,0.0,0.0,0.0,0.0,0.0,0.0,0.5011652112007141,0.0,0.0,0.0,0.0,0.0,0.0,0.0,0.0
0.0,0.0,0.0,0.0,0.0,0.0,0.0,0.0,0.0,0.0,0.0,0.0,0.0,0.0,0.0,0.0,0.0,0.0,0.0,0.0,0.0,0.0,0.0,0.0,0.0,0.0,0.0,0.0,0.0,0.0,0.0,0.0,0.0,0.0,0.0,0.0,0.0,0.0,0.0,0.0,0.0,0.0,0.0,0.0,0.0,0.0,0.0,0.0,0.0,0.0,0.0,0.0,0.0,0.0,0.0,0.0,0.0,0.0,0.0,0.0,0.0,0.0,0.0,0.0,0.0,0.0,0.0,0.0,0.0,0.0,0.0,0.0,0.0,0.0,0.0,0.0,0.0,0.0,0.0,0.0,0.0,0.0,0.0,0.0,0.0,0.0,0.0,0.0,0.0,0.0,0.0,0.0,0.0,0.0,0.0,0.0,0.0,0.0,0.0,0.0
0.0,0.0,0.0,0.0,0.0,0.0,0.0,0.0,0.0,0.0,0.0,0.0,0.0,0.0,0.0,0.0,0.0,0.0,0.0,0.0,0.0,0.0,0.0,0.0,0.0,0.0,0.0,0.0,0.0,0.0,0.0,0.0,0.0,0.0,0.0,0.0,0.0,0.0,0.0,0.0,0.0,0.0,0.0,0.0,0.0,0.0,0.0,0.0,0.0,0.0,0.0,0.0,0.0,0.0,0.0,0.0,0.0,0.0,0.0,0.0,0.0,0.0,0.0,0.0,0.0,0.0,0.0,0.0,0.0,0.0,0.0,0.0,0.0,0.0,0.0,0.0,0.0,0.0,0.0,0.0,0.0,0.0,0.0,0.0,0.0,0.0,0.0,0.0,0.0,0.0,0.0,0.0,0.0,0.0,0.0,0.0,0.0,0.0,0.0,0.0
0.34391108329856657,0.0,0.0,0.05915906274697587,0.07571023855747683,0.048560950746397984,0.2870842836676536,0.5128273161534429,0.0,0.30836543226164537,0.022065753736795955,0.0,0.0,0.0,0.1905217189442035,0.4662381951258443,0.06818076382472249,0.0,0.0,0.0,0.19590645899905829,0.034335922158745966,0.0,0.0,0.0,0.0,0.0,0.0,0.0,0.0,0.1124855910418525,0.5844806432723999,0.0,0.24204508766662938,0.2128061971264028,0.0,0.0,0.08807557730129977,0.0,0.18805139556168213,0.0,0.0,0.0,0.0,0.0959427276433214,0.0,0.0,0.4814314168224527,0.0,0.0,0.21729748324024484,0.0,0.0,0.009285596672045215,0.0,0.17023808774154836,0.0,0.0,0.0,0.0,0.0,0.37711609125558354,0.0,0.0,0.8398127749254966,0.018607329927836758,0.13497194968693055,0.7294121384620667,0.0,0.0,0.10580071806907654,0.6453755556832373,0.0,0.0,0.0,0.054090412778640816,0.0,0.07242783249381844,0.0,0.0,0.0,0.0,0.0,0.0,0.0,0.02871850550402924,0.05452948628142706,0.21825759815467363,0.0,0.0,0.16494993830824728,0.28323668768911686,0.2119669375773941,0.0,0.0,0.0,0.033477377873429456,0.0,0.521497905254364,0.14616724344430398
0.7866045027863764,0.0,0.0,0.06049145752835021,0.0,0.034943596477772676,0.1817065475753168,0.44876861944864505,0.0,0.12240613996982574,0.0,0.0,0.0536560934856567,0.0,0.15083746407762444,0.28090575361238734,0.0,0.0,0.0,0.0,0.06469969631814695,0.0,0.0,0.7315928936004639,0.0,0.0,0.0,0.0,0.0,0.0,0.04465133105443142,0.0,0.0,0.11134008913728621,0.0,0.0,0.0,0.0,0.0,0.0,0.0,0.0,0.0,0.0,0.060725796558089684,0.0,0.0,0.0,0.0,0.0,0.0,0.0,0.0,0.023225607911295614,0.0,0.21014055861556286,0.0,0.0,0.0,0.0,0.0,0.20266735255507398,0.0,0.02127656589426907,0.5237690650640312,0.06020488994608453,0.07467990478944753,0.0,0.0,0.0,0.0,0.38883495330810547,0.0,0.0,0.0,0.1005731422927981,0.0,0.0,0.0,0.0,0.0,0.0,0.0,0.0,0.0,0.0236302963716041,0.04616727264973148,0.5430509520373284,0.19115380942821503,0.0,0.0877594362118752,0.13336150773080893,0.08414060694085457,0.0,0.0,0.0,0.10831762850284576,0.0,0.0,0.0
0.0,0.0,0.0,0.5561834573745728,0.0,0.0,0.0,0.0,0.0,0.0,0.0,0.0,0.0,0.0,0.7932704091072083,0.0,0.0,0.0,0.0,0.0,0.0,0.0,0.0,0.0,0.0,0.0,0.0,0.0,0.0,0.0,0.0,0.0,0.0,0.0,0.0,0.0,0.0,0.0,0.0,0.0,0.0,0.0,0.0,0.0,0.0,0.0,0.0,0.0,0.0,0.0,0.0,0.0,0.0,0.0,0.0,0.0,0.0,0.0,0.0,0.0,0.0,0.0,0.0,0.0,0.0,0.0,0.0,0.0,0.0,0.0,0.0,0.0,0.0,0.0,0.0,0.12466243156656454,0.0,0.0,0.0,0.0,0.0,0.0,0.0,0.0,0.0,0.0,0.0,0.0,0.0,0.0,0.0,0.0,0.0,0.0,0.0,0.0,0.0,0.0,0.8209764957427979,0.0
0.0,0.0,0.0,0.0,0.0,0.32260304218952346,0.0,0.0,0.0,0.0,0.0,0.0,0.0,0.0,0.0,0.0,0.0,0.0,0.0,0.0,0.0,0.0,0.0,0.0,0.0,0.0,0.0,0.0,0.0,0.0,0.0,0.0,0.0,0.0,0.0,0.0,0.0,0.0,0.0,0.0,0.0,0.0,0.0,0.0,0.0,0.0,0.0,0.0,0.0,0.0,0.0,0.0,0.0,0.0,0.0,0.6808577360598814,0.0,0.0,0.0,0.0,0.0,0.0,0.0,0.0,0.5918722748756409,0.5558180212974548,0.0,0.0,0.0,0.0,0.0,0.0,0.0,0.0,0.0,0.0,0.0,0.0,0.0,0.0,0.0,0.0,0.0,0.0,0.0,0.0,0.42622122814033503,0.2754741039204951,0.0,0.0,0.0,0.0,0.0,0.0,0.0,0.0,0.0,0.0,0.0,0.0
0.15066847468887062,0.0,0.0,0.22865518762812442,0.0,0.07210970864298183,0.23131316182515882,0.09958330959218564,0.0,0.2445558415723994,0.035028658033241275,0.18598277866840363,0.24830848706405106,0.0,0.6849415993463626,0.21546449757941774,0.0,0.0,0.3050170937677734,0.0,0.3066765635802866,0.0,0.0,0.0,0.0,0.0,0.0,0.11043935597133547,0.0,0.0,0.0892091184807895,0.463534951210022,0.0,0.4434637759426838,0.3378228360296065,0.0,0.0,0.18819572018009775,0.0,0.018334186996081914,0.0,0.0,0.0,0.0,0.26540876310072914,0.0,0.0,0.3818095447239003,0.0,0.0,0.0,0.0,0.0,0.1222235356862446,0.12922492673924774,0.29296125258197603,0.0,0.0874008851740953,0.0,0.0,0.0,0.05473001562401455,0.0,0.1467580861869006,0.630613014869752,0.0,0.3015334711454484,0.0,0.0,0.0,0.0,0.05383235865374392,0.8248188495635986,0.0,0.0,0.5048363007980343,0.5848615169525146,0.0,0.0,0.0,0.0,0.0,0.0,0.0,0.0,0.3314583593088241,0.0,0.21709734048221696,0.8549957871437073,0.12010140717029572,0.14826989948930525,0.26629100542574646,0.7465610448276072,0.0,0.0,0.4489777211260422,0.0,0.0,0.36860015615664526,0.05969173902629626
0.0,0.0,0.0,0.0,0.0,0.0,0.0,0.0,0.0,0.0,0.0,0.0,0.0,0.0,0.0,0.0,0.0,0.0,0.0,0.0,0.0,0.0,0.0,0.0,0.0,0.0,0.0,0.0,0.0,0.0,0.0,0.0,0.0,0.0,0.0,0.0,0.0,0.0,0.0,0.0,0.0,0.0,0.0,0.0,0.0,0.0,0.0,0.0,0.0,0.0,0.0,0.0,0.0,0.0,0.0,0.0,0.0,0.0,0.0,0.0,0.0,0.0,0.0,0.0,0.0,0.0,0.0,0.0,0.0,0.0,0.0,0.0,0.0,0.0,0.0,0.0,0.0,0.0,0.0,0.0,0.0,0.0,0.0,0.0,0.0,0.0,0.0,0.0,0.0,0.0,0.0,0.0,0.0,0.0,0.0,0.0,0.0,0.0,0.0,0.0
0.0,0.0,0.0,0.0,0.0,0.0,0.0,0.0,0.0,0.0,0.0,0.0,0.0,0.0,0.0,0.0,0.0,0.0,0.0,0.0,0.0,0.0,0.0,0.0,0.0,0.0,0.0,0.0,0.0,0.0,0.0,0.0,0.0,0.0,0.0,0.0,0.0,0.6025671362876892,0.0,0.0,0.0,0.0,0.0,0.0,0.0,0.0,0.0,0.0,0.0,0.0,0.0,0.0,0.0,0.0,0.0,0.0,0.0,0.0,0.0,0.0,0.0,0.16346363723278046,0.0,0.0,0.0,0.0,0.0,0.0,0.0,0.0,0.0,0.0,0.0,0.0,0.0,0.0,0.0,0.0,0.0,0.0,0.0,0.0,0.0,0.0,0.0,0.0,0.0,0.0,0.0,0.0,0.3256383236102245,0.16319859922716465,0.0,0.0,0.0,0.0,0.0,0.0,0.0,0.0
