0.0,0.0,0.0,0.1599454910901169,0.0,0.767903048879556,0.0,0.0,0.21349175819382632,0.37662944342817695,0.28704750915089944,0.08332573891721651,0.0,0.0,0.0,0.40740120244984335,0.4181444610239671,0.0,0.5721595359037395,0.0,0.26976799847791294,0.24581176297881852,0.30424370209316554,0.0,0.0,0.0,0.20952800411195396,0.0,0.0977059154671932,0.737687393118599,0.0,0.0,0.11858632026192896,0.0,0.0,0.0,0.0,0.0,0.06305113616341959,0.4079864697237258,0.0,0.0,0.0,0.0,0.20979786961650523,0.13275484684954095,0.0,0.14640441162119253,0.0,0.5429698491099686,0.0,0.0,0.0,0.23133367739371138,0.6064860833152719,0.0,0.0,0.509788720877114,0.186673375624755,0.36051810669165185,0.0,0.1950170266567073,0.0,0.26904345866156903,0.5343887076968592,0.4268020833653504,0.2647315237915998,0.08020870218264935,0.0,0.0,0.4774353543980228,0.42874398235207295,0.0,0.0,0.0,0.23918676344314632,0.0,0.2989728186922989,0.06609844576431355,0.0,0.21788108952169702,0.12573511691747394,0.0,0.03169435511515323,0.0,0.13296927504492487,0.0,0.0,0.02773276232654517,0.0,0.6617682583303295,0.0,0.0,0.0,0.0,0.3703203590101845,0.1399482982452934,0.0,0.07112595219997017,0.4535755141508513
0.0,0.0,0.0,0.0,0.0,0.0,0.0,0.0,0.0,0.0,0.08981901146425911,0.02225743653811938,0.0,0.0,0.0,0.2847102805210092,0.0,0.0,0.44978729067334966,0.0,0.598821917807432,0.5519041977199636,0.0,0.0,0.0,0.0,0.0,0.0,0.0,0.0,0.0,0.0,0.2662536859570964,0.0,0.0,0.0,0.0,0.0,0.0,0.0,0.0,0.0,0.0,0.0,0.0,0.019162885039766504,0.0,0.0,0.0,0.0,0.0,0.0,0.0,0.005249862633592815,0.0,0.0,0.0,0.0,0.11146902903703923,0.0,0.688772212485292,0.0,0.0,0.0,0.16226516643912284,0.3164516718406401,0.0,0.11578595089263005,0.0,0.0,0.0,0.0,0.0,0.0,0.0,0.0,0.0,0.4315847428189155,0.8005698400995761,0.0,0.24169696687978368,0.41394238025002367,0.0,0.0,0.0,0.1265732260348589,0.0,0.0,0.01656017671887551,0.0,0.047974688755444084,0.0,0.0,0.0,0.0,0.0,0.0,0.0,0.0,0.0
0.0,0.0,0.0,0.0,0.0,0.0,0.8109827403733135,0.0,0.22244286627893572,0.13127995217568283,0.2346016109752415,0.00691297258192514,0.0,0.0,0.0,0.17516961903424985,0.0,0.0,0.10083587063621836,0.0,0.782425664180433,0.17141680175761467,0.0,0.0,0.0,0.0,0.07913175904919342,0.0,0.14883239011180907,0.0,0.0,0.0,0.08269615540431118,0.0,0.0,0.0,0.0,0.0,0.08818112440099099,0.5705956756652648,0.0,0.0,0.0,0.6552898919873023,0.31957858668111566,0.3163996039655411,0.0,0.22301329863504069,0.0,0.0,0.0,0.0,0.0,0.7024613551854597,0.0,0.0,0.0,0.0,0.05177100768455727,0.5491660483496428,0.0,0.15390141999078832,0.0,0.2754238025435193,0.050398195887205045,0.07094393395724397,0.0,0.18243038355052946,0.0,0.0,0.0,0.0,0.0,0.0,0.0,0.04183590701557631,0.0,0.6799976124911966,0.04081783485878292,0.0,0.07506904500492802,0.0909727279840906,0.0,0.0,0.0,0.05878604590278162,0.0,0.0,0.01592977887927556,0.0,0.06400110760885688,0.0,0.0,0.0,0.0,0.6363402742948767,0.05285381809953204,0.0,0.0526346706702236,0.0
0.0,0.0,0.0,0.0,0.0,0.0,0.0,0.0,0.0,0.0,0.12382308487106841,0.5209633503845938,0.0,0.0,0.0,0.19880307931896668,0.0,0.0,0.31407049390968045,0.0,0.8255265332198702,0.0,0.0,0.0,0.0,0.0,0.0,0.0,0.0,0.0,0.0,0.0,0.18490755658454516,0.0,0.0,0.0,0.0,0.0,0.0,0.0,0.0,0.0,0.0,0.0,0.0,0.19327965097378516,0.0,0.0,0.0,0.0,0.0,0.0,0.0,0.042665506166665715,0.0,0.0,0.0,0.0,0.0,0.0,0.0,0.0,0.0,0.0,0.12042217247737352,0.22096696579564515,0.0,0.01845579648318698,0.0,0.0,0.0,0.0,0.0,0.0,0.0,0.12496596145590233,0.0,0.0,0.0,0.0,0.0,0.0,0.0,0.0,0.0,0.0,0.0,0.0,0.1345841541451383,0.0,0.07639014137272297,0.0,0.0,0.0,0.0,0.0,0.15787701681630215,0.0,0.44468869810088113,0.0
0.22312223485345503,0.0,0.0,0.03568739542676026,0.0,0.17133624441678844,0.0,0.03234278393709716,0.3032299528606335,0.7253691969295522,0.5528389371212895,0.5123617024253609,0.05300576520830945,0.0,0.0,0.35267260138740275,0.09329732663526097,0.033625869404682436,0.5571546400870364,0.021604017286613066,0.1322305911033956,0.07810625638998693,0.06788353475111589,0.013859318437739404,0.03228815098455805,0.03597528020779856,0.06657715567281748,0.0,0.023927585703484373,0.16459445977584106,0.27157589944355853,0.04878478359927635,0.037680595193979614,0.0,0.0,0.10908371711134787,0.0,0.0,0.02869925090401945,0.09103085291472916,0.05526327791656639,0.04711984173188253,0.0,0.0786281607247764,0.04681056953632842,0.309046430307742,0.0,0.03266607951332562,0.005710186184318732,0.12114864619145946,0.0,0.0,0.0,0.05161568709695307,0.19270988884475587,0.0,0.014278853110920146,0.1619844715933404,0.0593151375712961,0.0804396056701777,0.06796922220508901,0.8503609848641781,0.0,0.08548808693130004,0.11923400274177295,0.3919908832136317,0.8178866831694319,0.019448381538286225,0.0,0.0,0.10652644327133819,0.0956623155223648,0.04321505264182606,0.0,0.02966988103230036,0.07600117441162225,0.2227119219970365,0.0724926010430137,0.01474803293927353,0.0,0.06923133390560234,0.5026572111482959,0.0,0.007071715345532022,0.0384197901287075,0.04225075384022419,0.0,0.0,0.03026543190933482,0.0,0.1496591531549702,0.0,0.036925439275170176,0.0,0.016201755041996453,0.1815177494952114,0.044468326216883076,0.04652793965303319,0.018967988800639518,0.1441228237866683
0.0,0.0,0.0,0.0,0.0,0.0,0.0,0.0,0.0,0.11223166864618282,0.2005616991054258,0.006436884657724077,0.0,0.0,0.0,0.07512228994157735,0.0,0.0,0.0862049218737427,0.0,0.0,0.1596115373283377,0.0,0.0,0.0,0.0,0.07368205207326647,0.0,0.12723730633672506,0.0,0.0,0.0,0.07700097283280978,0.0,0.0,0.0,0.0,0.0,0.08210819875688374,0.5312994528658496,0.0,0.0,0.0,0.0,0.27320879884852706,0.04668421092447341,0.0,0.19065481226414008,0.0,0.0,0.0,0.0,0.0,0.3012537555766309,0.0,0.0,0.0,0.0,0.041179712134179466,0.4694838850004337,0.0,0.13157083687437998,0.0,0.0,0.04692733408657338,0.06065020558272966,0.0,0.03948634124555373,0.0,0.0,0.0,0.0,0.0,0.0,0.0,0.038954719524656484,0.0,0.1248149671145192,0.03489530305887854,0.0,0.0698991321512885,0.11787566330862448,0.0,0.0,0.0,0.0467596161645759,0.0,0.0,0.013618421054825598,0.0,0.023812536605604864,0.0,0.0,0.0,0.0,0.0,0.049213840615620286,0.0,0.04499755537735263,0.0
0.0,0.0,0.0,0.0,0.0,0.0,0.0,0.0,0.0,0.16187761544129994,0.28928064593242653,0.008524191992967622,0.0,0.0,0.0,0.10835281439652814,0.0,0.0,0.12433787504503654,0.0,0.0,0.21136923540284921,0.0,0.0,0.0,0.0,0.097575145696402,0.0,0.18352103281914262,0.0,0.0,0.0,0.10197030255692528,0.0,0.0,0.0,0.0,0.0,0.10873366350608059,0.7035854738444949,0.0,0.0,0.0,0.8080195291032428,0.3940633638318942,0.3901434496866053,0.0,0.27499142402510646,0.0,0.0,0.0,0.0,0.0,0.4345140741800763,0.0,0.0,0.0,0.0,0.05453317732292527,0.6771612033282599,0.0,0.18977151094478786,0.0,0.0,0.06214459738564303,0.08747896894154232,0.0,0.22494977324246462,0.0,0.0,0.0,0.0,0.0,0.0,0.0,0.051586679879670805,0.0,0.8384859241001583,0.0503313237467835,0.0,0.09256552731365411,0.11217591134210059,0.0,0.0,0.0,0.0619224930846047,0.0,0.0,0.01964256214866266,0.0,0.07891796510909188,0.0,0.0,0.0,0.0,0.0,0.06517255604626337,0.0,0.06490233151693794,0.0
0.0,0.0,0.0,0.5266262487193724,0.0,0.0,0.0,0.0,0.0,0.00926072604453231,0.06520848669051123,0.2743529749333147,0.0,0.0,0.0,0.11456063483319662,0.0,0.0,0.18098369143941095,0.6679702442631498,0.4347439414078886,0.03156523613671678,0.0,0.42851346577629557,0.0,0.0,0.009684398117616315,0.0,0.009669902614982302,0.0410666318452649,0.0,0.0,0.09737717288398409,0.0,0.0,0.21827864959974794,0.0,0.0,0.0,0.0,0.0,0.0,0.0,0.15733648612282847,0.0,0.13300416540995585,0.0,0.32756262004659475,0.0,0.0,0.0,0.0,0.0,0.025959219004099733,0.0,0.0,0.0,0.0,0.0239711440601041,0.0,0.0,0.010856485432687397,0.0,0.0,0.06341747695439647,0.12733261459245052,0.35199350332745827,0.33407393389895884,0.0,0.0,0.0,0.5700684762328285,0.0,0.0,0.0,0.06581035549913151,0.0,0.02929657847973466,0.08770299665965106,0.0,0.027978596130365508,0.03199912671481749,0.0,0.0,0.0,0.013866187138346042,0.0,0.0,0.07087554823452395,0.0,0.6842195207172308,0.0,0.0,0.0,0.0,0.0,0.08314218112497446,0.0,0.2341847409287685,0.058244642308830655
0.0,0.0,0.0,0.0,0.0,0.0,0.0,0.0,0.0,0.0,0.0,0.0,0.0,0.0,0.0,0.0,0.0,0.0,0.0,0.0,0.0,0.0,0.0,0.0,0.0,0.0,0.0,0.0,0.0,0.0,0.0,0.0,0.0,0.0,0.0,0.0,0.0,0.0,0.0,0.0,0.0,0.0,0.0,0.0,0.0,0.0,0.0,0.0,0.0,0.0,0.0,0.0,0.0,0.0,0.0,0.0,0.0,0.0,0.0,0.0,0.0,0.0,0.0,0.0,0.0,0.0,0.0,0.0,0.0,0.0,0.0,0.0,0.0,0.0,0.0,0.0,0.0,0.0,0.0,0.0,0.0,0.0,0.0,0.0,0.0,0.0,0.0,0.0,0.0,0.0,0.0,0.0,0.0,0.0,0.0,0.0,0.0,0.0,0.0,0.0
0.0,0.0,0.0,0.0,0.0,0.0,0.0,0.0,0.0,0.0,0.7621483507452843,0.0,0.0,0.0,0.0,0.486197377666775,0.0,0.0,0.7680980147012602,0.0,0.0,0.0,0.0,0.0,0.0,0.0,0.0,0.0,0.0,0.0,0.0,0.0,0.0,0.0,0.0,0.0,0.0,0.0,0.0,0.0,0.0,0.0,0.0,0.0,0.0,0.0,0.0,0.0,0.0,0.0,0.0,0.0,0.0,0.0,0.0,0.0,0.0,0.0,0.0,0.0,0.0,0.0,0.0,0.0,0.0,0.5404018875807072,0.0,0.0,0.0,0.0,0.0,0.0,0.0,0.0,0.0,0.0,0.0,0.0,0.0,0.0,0.0,0.3338430362029079,0.0,0.0,0.0,0.0,0.0,0.0,0.0,0.0,0.0,0.0,0.0,0.0,0.0,0.0,0.0,0.0,0.0,0.0
0.0,0.0,0.0,0.0,0.0,0.0,0.0,0.0,0.0,0.0,0.0,0.0,0.0,0.0,0.0,0.0,0.0,0.0,0.0,0.0,0.0,0.0,0.0,0.0,0.0,0.0,0.0,0.0,0.0,0.0,0.0,0.0,0.0,0.0,0.0,0.0,0.0,0.0,0.0,0.0,0.0,0.0,0.0,0.0,0.0,0.0,0.0,0.0,0.0,0.0,0.0,0.0,0.0,0.0,0.0,0.0,0.0,0.0,0.0,0.0,0.0,0.0,0.0,0.0,0.0,0.0,0.0,0.0,0.0,0.0,0.0,0.0,0.0,0.0,0.0,0.0,0.0,0.0,0.0,0.0,0.0,0.0,0.0,0.0,0.0,0.0,0.0,0.0,0.0,0.0,0.0,0.0,0.0,0.0,0.0,0.0,0.0,0.0,0.0,0.0
0.0,0.0,0.0,0.0,0.0,0.0,0.0,0.0,0.0,0.0,0.0,0.0,0.0,0.0,0.0,0.0,0.0,0.0,0.0,0.0,0.0,0.0,0.0,0.0,0.0,0.0,0.0,0.0,0.0,0.0,0.0,0.0,0.0,0.0,0.0,0.0,0.0,0.0,0.0,0.0,0.0,0.0,0.0,0.0,0.0,0.37100431504653675,0.0,0.0,0.0,0.0,0.0,0.0,0.0,0.0,0.0,0.0,0.0,0.0,0.0,0.0,0.0,0.0,0.0,0.0,0.0,0.0,0.0,0.0,0.0,0.0,0.0,0.0,0.0,0.0,0.0,0.0,0.0,0.0,0.0,0.0,0.0,0.0,0.0,0.0,0.0,0.0,0.0,0.0,0.0,0.0,0.0,0.0,0.0,0.0,0.0,0.0,0.0,0.0,0.0,0.0
0.0,0.0,0.0,0.273306836150758,0.0,0.0,0.0,0.0,0.17145275136256966,0.6754743796642866,0.51481168443183,0.1870271724104228,0.0,0.0,0.0,0.6917868240207017,0.0,0.0,0.6123448952555014,0.0,0.35729606071033215,0.32556706163864924,0.0,0.0,0.0,0.0,0.4858728594173606,0.0,0.13363840501959823,0.019070396787903992,0.0,0.0,0.15706245856730153,0.0,0.0,0.0,0.0,0.0,0.5414364039691367,0.0,0.0,0.8889569190578497,0.0,0.0,0.28695348217143934,0.30784418203991415,0.0,0.2002463409030576,0.0,0.0,0.0,0.0,0.0,0.31640933434162694,0.8032646187347039,0.0,0.0,0.6751931392591213,0.42517600015896934,0.49310284365673657,0.0,0.7918685562789729,0.0,0.3563364390218143,0.6688494140478132,0.4308204563908248,0.16345766559360583,0.2603801195687346,0.0,0.0,0.0,0.26472665396564204,0.0,0.0,0.0,0.3167925359363456,0.0,0.30216789541512934,0.04072724912258934,0.0,0.28857409117690924,0.46808172903039724,0.0,0.0,0.0,0.48278789577359954,0.0,0.0,0.0631654349202017,0.0,0.19878447548479916,0.0,0.6966306236699996,0.0,0.0,0.4904733186357091,0.3245250205442821,0.8777901699971918,0.12153646114995141,0.600741175214047
0.0,0.0,0.0,0.16485357808232243,0.0,0.03159154852310523,0.0,0.21880051369572942,0.1498029815587052,0.22322753761919056,0.170132499637397,0.18023383116932856,0.20742012327974885,0.0,0.7092251302493117,0.29796496429436686,0.6215369545895417,0.22748064957918301,0.4707271327199406,0.14615223257823903,0.2746637581099251,0.2502727639613497,0.13745689644991174,0.09375896643739084,0.2184309191022794,0.24337452846121974,0.2726790365364201,0.02995235696821777,0.31985151703752135,0.2388582809982921,0.0,0.33003144481367397,0.1798937429565742,0.0,0.7984093723464241,0.047759480661234976,0.3387558130031112,0.0,0.27778764194354494,0.13563910199055168,0.37385877542797075,0.24125848621143728,0.0,0.1429339221139536,0.0697493587313902,0.1727667090988511,0.1959814521198652,0.17189525212210746,0.15241214924168014,0.2453130494108911,0.0,0.11467512339042696,0.04415064669542226,0.17871004618456485,0.6174926152272294,0.0,0.096597139001127,0.5190403854726447,0.2349904706748165,0.11985777929376719,0.0,0.26169292760455604,0.0,0.27392606931814806,0.20880139755002414,0.3311840757149305,0.1196053473005209,0.1335897972388648,0.2258014861039647,0.031909354151293604,0.21570465261732744,0.19370595604850008,0.29235194273347953,0.02262201484338307,0.20071819493907023,0.24352753368862995,0.0,0.23228515189864288,0.20448309352873575,0.43379917014911806,0.2218352036074213,0.185039848019516,0.0,0.5193904300567993,0.2599117575219407,0.26683198210041087,0.0,0.0,0.2047471257225338,0.0,0.1497075826135759,0.24661979902371367,0.14449520984207964,0.4025362212081817,0.14337802623832624,0.37704094660687365,0.18212824243793302,0.2740285188288806,0.17455484403984675,0.4618070193878622
0.0,0.0,0.0,0.11245038539288796,0.0,0.044543752294846,0.0,0.0,0.1858375507683976,0.3147484883124772,0.2398850412669259,0.058582529526317706,0.0,0.0,0.0,0.4201274765737985,0.8763605914120031,0.029595053417329223,0.66372032326952,0.0,0.38727302008231634,0.3528819739838775,0.0,0.0,0.013365912322500168,0.0,0.30079380579642795,0.0,0.10810419121299003,0.003776547543463035,0.0,0.0,0.17023991966210222,0.0,0.3326397550092847,0.0,0.0,0.0,0.003657407266802612,0.023666071222843612,0.0,0.340171936838488,0.0,0.004256685147141373,0.012169745060681197,0.22523368500957797,0.0,0.1521471419859249,0.21489953294252728,0.0,0.0,0.0,0.0,0.17303694499590377,0.8706581153013631,0.0,0.012567211734220145,0.731841503261719,0.2679842025557324,0.020912573879881286,0.0,0.36898428502182934,0.0,0.3862328866179004,0.10375070977610877,0.4669660754949707,0.010109061100575068,0.08786726678788646,0.31837772869750036,0.044991854899553,0.0,0.01637205517508721,0.03573180654688349,0.0,0.0,0.34337126999860185,0.0,0.3275196295102917,0.2883190186124037,0.0,0.31278531194945147,0.2181104436444069,0.0,0.73233506245643,0.0,0.19088777399599677,0.0,0.0,0.16554172453801871,0.0,0.20194773192639692,0.0,0.0,0.5675718527721648,0.20216151419779083,0.5316237828097456,0.2009067065872639,0.010128611808183103,0.2461205005221488,0.6511430569663045
0.0,0.0,0.0,0.0,0.0,0.0,0.0,0.0,0.0,0.0,0.0,0.0,0.0,0.0,0.0,0.0,0.0,0.0,0.0,0.0,0.0,0.0,0.0,0.0,0.0,0.0,0.0,0.0,0.0,0.0,0.0,0.0,0.0,0.0,0.0,0.0,0.0,0.0,0.0,0.0,0.0,0.0,0.0,0.0,0.0,0.0,0.0,0.0,0.0,0.0,0.0,0.0,0.0,0.0,0.0,0.0,0.0,0.0,0.0,0.0,0.0,0.0,0.0,0.0,0.0,0.0,0.0,0.0,0.0,0.0,0.0,0.0,0.0,0.0,0.0,0.0,0.0,0.0,0.0,0.0,0.0,0.0,0.0,0.0,0.0,0.0,0.0,0.0,0.0,0.0,0.0,0.0,0.0,0.0,0.0,0.0,0.0,0.0,0.0,0.0
0.0,0.0,0.0,0.0,0.0,0.0,0.0,0.0,0.0,0.0,0.0,0.0,0.0,0.0,0.0,0.0,0.0,0.0,0.0,0.0,0.0,0.0,0.0,0.0,0.0,0.0,0.0,0.0,0.0,0.0,0.0,0.0,0.0,0.0,0.0,0.0,0.0,0.0,0.0,0.0,0.0,0.0,0.0,0.0,0.0,0.25701028459835085,0.0,0.0,0.0,0.0,0.0,0.0,0.0,0.0,0.0,0.0,0.0,0.0,0.0,0.0,0.0,0.0,0.0,0.0,0.0,0.0,0.0,0.0,0.0,0.0,0.0,0.0,0.0,0.0,0.0,0.0,0.0,0.0,0.0,0.0,0.3531411459434778,0.0,0.0,0.0,0.0,0.0,0.0,0.0,0.0,0.0,0.0,0.0,0.0,0.0,0.0,0.0,0.0,0.0,0.0,0.0
0.0,0.0,0.0,0.0,0.0,0.0,0.0,0.0,0.1341638317514181,0.39680654632363616,0.3095341990212125,0.0,0.0,0.0,0.0,0.19292630226356156,0.0,0.0,0.30478632045164855,0.0,0.0,0.0,0.0,0.0,0.0,0.0,0.43415196493935343,0.0,0.2246306323889148,0.0,0.0,0.0,0.1149335959592307,0.0,0.0,0.0,0.0,0.0,0.0,0.0,0.0,0.0,0.0,0.0,0.0,0.2750743408225063,0.0,0.29709733429728336,0.1698152727472255,0.0,0.0,0.0,0.0,0.1367351320288099,0.0,0.0,0.42463892722225943,0.0,0.24264054047943087,0.0,0.0,0.07308875235868914,0.0,0.09017606983548862,0.0,0.21443500663767429,0.0,0.03389855592199146,0.0,0.0,0.0,0.0,0.08516183917261541,0.0,0.0,0.22953036118584386,0.0,0.086718368479966,0.054377339838269693,0.0,0.40565782606407835,0.19106378486222916,0.0,0.0,0.0,0.2755186462162359,0.0,0.0,0.13081235086252077,0.0,0.1403090612519,0.0,0.0,0.0,0.48182412317762535,0.0,0.28997951338594546,0.0,0.07944076789570063,0.0
0.0,0.0,0.0,0.0,0.0,0.0,0.0,0.0,0.0,0.0,0.0,0.0,0.0,0.0,0.0,0.6329887180555647,0.0,0.0,0.0,0.0,0.0,0.0,0.0,0.0,0.0,0.0,0.0,0.0,0.0,0.0,0.0,0.0,0.0,0.0,0.0,0.0,0.0,0.0,0.0,0.0,0.0,0.0,0.0,0.0,0.0,0.0,0.0,0.0,0.0,0.0,0.0,0.0,0.0,0.0,0.0,0.0,0.0,0.0,0.0,0.0,0.0,0.0,0.0,0.0,0.0,0.703558500656831,0.0,0.0,0.0,0.0,0.0,0.0,0.0,0.0,0.0,0.0,0.0,0.0,0.0,0.0,0.0,0.0,0.0,0.0,0.0,0.0,0.0,0.0,0.0,0.0,0.0,0.0,0.0,0.0,0.0,0.0,0.0,0.0,0.0,0.0
0.0,0.0,0.0,0.7883977665806108,0.0,0.0,0.0,0.0,0.0,0.0,0.09762184356347176,0.410726341913566,0.0,0.0,0.0,0.15673590372442134,0.0,0.0,0.24761247594726138,0.0,0.6508432750435801,0.047255452481325684,0.0,0.0,0.0,0.0,0.0,0.0,0.01447654696901858,0.0,0.0,0.0,0.14578070463513332,0.0,0.0,0.3267790017211547,0.0,0.0,0.0,0.0,0.0,0.0,0.0,0.23554415406091814,0.0,0.15238124515321222,0.0,0.4903850476272863,0.0,0.0,0.0,0.0,0.0,0.03886283741985517,0.0,0.0,0.0,0.0,0.03588654474653599,0.0,0.0,0.0,0.0,0.0,0.09494057182794638,0.17420986232138086,0.0,0.014550508727810905,0.0,0.0,0.0,0.0,0.0,0.0,0.0,0.09852288491043208,0.0,0.043859107095484844,0.08975453936504353,0.0,0.041885991734900124,0.04790501820948075,0.0,0.0,0.0,0.014190544072074032,0.0,0.0,0.10610584654516769,0.0,0.0602258168470319,0.0,0.0,0.0,0.0,0.0,0.12446988745238213,0.0,0.3505915764063742,0.08719646243086979
0.0,0.0,0.0,0.0,0.0,0.0,0.0,0.0,0.0,0.0,0.14999285896736822,0.0,0.0,0.0,0.0,0.0,0.0,0.0,0.0,0.0,0.0,0.0,0.0,0.0,0.0,0.0,0.0,0.0,0.0,0.0,0.0,0.0,0.0,0.0,0.0,0.0,0.0,0.0,0.0,0.0,0.0,0.0,0.0,0.0,0.0,0.0,0.0,0.0,0.0,0.0,0.0,0.0,0.0,0.0,0.0,0.0,0.0,0.0,0.0,0.0,0.0,0.0,0.0,0.0,0.0,0.0,0.0,0.0,0.0,0.0,0.0,0.0,0.0,0.0,0.0,0.0,0.0,0.0,0.0,0.0,0.0,0.0,0.0,0.0,0.0,0.0,0.0,0.0,0.0,0.0,0.0,0.0,0.0,0.0,0.0,0.0,0.0,0.0,0.0,0.0
0.0,0.0,0.0,0.0,0.0,0.0,0.0,0.0,0.0,0.0,0.0,0.040328442200783576,0.0,0.0,0.0,0.07194241126717778,0.0,0.0,0.11365512404103001,0.0,0.0,0.0,0.0,0.0,0.0,0.0,0.0,0.0,0.0,0.0,0.0,0.0,0.4824273615911029,0.0,0.0,0.0,0.0,0.0,0.0,0.0,0.0,0.0,0.0,0.0,0.0,0.03472139751596845,0.0,0.0,0.0,0.0,0.0,0.0,0.0,0.0,0.0,0.0,0.0,0.0,0.0,0.0,0.0,0.0,0.0,0.0,0.2940096616577217,0.07996302866227323,0.0,0.20979356810650657,0.0,0.0,0.0,0.0,0.0,0.0,0.0,0.0,0.0,0.7819921366822106,0.0,0.0,0.4379328294263506,0.291281783333174,0.0,0.0,0.0,0.0,0.0,0.0,0.0,0.0,0.08692575442194128,0.0,0.0,0.0,0.0,0.0,0.0,0.0,0.0,0.0
0.0,0.0,0.0,0.4614241993447784,0.0,0.0,0.0,0.0,0.7017129910168226,0.0,0.5350609343414205,0.24038509683918446,0.0,0.0,0.0,0.09173255170203067,0.0,0.0,0.1449197261900934,0.0,0.38091791962884924,0.0,0.0,0.0,0.0,0.0,0.0,0.0,0.0,0.0,0.0,0.0,0.08532082124982306,0.0,0.0,0.0,0.0,0.0,0.0,0.0,0.0,0.0,0.0,0.0,0.0,0.08918390820021704,0.0,0.0,0.0,0.0,0.0,0.0,0.0,0.019686897022593432,0.0,0.0,0.0,0.0,0.0,0.0,0.0,0.0,0.0,0.0,0.055565704518730885,0.1019595052739006,0.0,0.00851595111552473,0.0,0.0,0.0,0.0,0.0,0.0,0.0,0.05766231871014017,0.0,0.0,0.0,0.0,0.0,0.0,0.0,0.10417423564431838,0.0,0.0,0.0,0.0,0.062100385570914685,0.0,0.03524825982074313,0.0,0.0,0.0,0.0,0.0,0.07284827607940433,0.0,0.20519012647887097,0.0
0.0,0.0,0.0,0.0,0.0,0.0,0.0,0.0,0.0,0.0,0.0,0.0,0.0,0.0,0.0,0.26734430533159187,0.0,0.0,0.4223524017186733,0.0,0.0,0.0,0.0,0.0,0.0,0.0,0.0,0.0,0.0,0.0,0.0,0.0,0.0,0.0,0.0,0.0,0.0,0.0,0.0,0.0,0.0,0.0,0.0,0.0,0.0,0.12902775616701662,0.0,0.0,0.0,0.0,0.0,0.0,0.0,0.0,0.0,0.0,0.0,0.0,0.0,0.0,0.0,0.0,0.0,0.0,0.0,0.29714962250200133,0.0,0.7796112854790923,0.0,0.0,0.0,0.0,0.0,0.0,0.0,0.0,0.0,0.0,0.0,0.0,0.0,0.0,0.0,0.0,0.0,0.0,0.0,0.0,0.0,0.0,0.2735069937580133,0.0,0.0,0.0,0.0,0.0,0.0,0.0,0.0,0.0
0.0,0.0,0.0,0.0,0.0,0.0,0.0,0.0,0.0,0.06371655706010192,0.04856146887852448,0.028075732995937776,0.0,0.0,0.0,0.1387193665708099,0.0,0.0,0.2191498246555366,0.0,0.0,0.0,0.0,0.0,0.0,0.0,0.06663154727681034,0.0,0.0,0.2825506746071944,0.0,0.0,0.004860830587971553,0.0,0.0,0.0,0.0,0.0,0.0,0.0,0.0,0.0,0.0,0.31847322086466723,0.0,0.1537713341642138,0.0,0.0,0.0,0.0,0.0,0.0,0.0,0.0017538611730778338,0.0,0.0,0.0,0.0,0.037239298563314,0.0,0.0,0.07469585756209747,0.0,0.0,0.20468275758907975,0.15418472205385675,0.0,0.005202586683783158,0.0,0.0,0.0,0.0,0.0,0.0,0.0,0.035227211547814406,0.0,0.0,0.0,0.0,0.0,0.04415349729678776,0.0,0.0,0.0,0.042285271479916856,0.0,0.0,0.005532383034309301,0.0,0.02153395723885947,0.0,0.0,0.0,0.0,0.0,0.044504655548849435,0.0,0.0,0.0
0.0,0.0,0.0,0.32188471629252063,0.0,0.0,0.0,0.6112204187984674,0.0,0.005780775138885277,0.03985675854418856,0.16769014023734602,0.0,0.0,0.0,0.07002179920056473,0.0,0.0,0.11062092767728934,0.408277052443437,0.26572437393742604,0.5307026199543852,0.0,0.2619161800125701,0.0,0.0,0.006045241766593158,0.0,0.005910441926069879,0.025634811273682473,0.0,0.0,0.6461515779726646,0.0,0.0,0.13341636762312187,0.0,0.0,0.0,0.0,0.0,0.0,0.0,0.09616727294027448,0.0,0.08302450251446647,0.0,0.20021296180760292,0.0,0.0,0.0,0.0,0.0,0.015866804711366974,0.0,0.0,0.0,0.0,0.014651652711495225,0.0,0.0,0.00677688777134309,0.0,0.0,0.15603169773365524,0.07782829401790144,0.219723084701969,0.20419280978737311,0.0,0.0,0.0,0.3484374927868336,0.0,0.0,0.0,0.04022463304945519,0.0,0.41500527572097684,0.053605862348192514,0.0,0.23241209994060114,0.154584005559901,0.0,0.0,0.0,0.00847529670983779,0.0,0.0,0.04332058227447671,0.0,0.4182089420028725,0.0,0.0,0.0,0.0,0.0,0.050818198767024925,0.0,0.1431384954266925,0.03560031466477041
0.0,0.0,0.0,0.0,0.0,0.0,0.0,0.0,0.0,0.14360334639530464,0.3132302637982871,0.0,0.0,0.0,0.0,0.3087734844414089,0.0,0.0,0.48780250837630934,0.0,0.0,0.0,0.0,0.0,0.0,0.0,0.0,0.0,0.0,0.0,0.0,0.0,0.07295088868007212,0.0,0.0,0.0,0.0,0.0,0.0,0.0,0.0,0.0,0.0,0.0,0.0,0.6335899939113057,0.0,0.0,0.0,0.0,0.0,0.0,0.0,0.026321783670904292,0.0,0.0,0.0,0.0,0.5588838933697451,0.0,0.0,0.16834831639861148,0.0,0.0,0.0,0.34319760140987743,0.0,0.07807993205035187,0.0,0.0,0.0,0.0,0.0,0.0,0.0,0.5286866805218926,0.0,0.0,0.0,0.0,0.0,0.44008504001339444,0.0,0.0,0.0,0.6346133807196359,0.0,0.0,0.08302948468727406,0.0,0.32317960664188117,0.0,0.0,0.0,0.0,0.0,0.6679216882651968,0.0,0.0,0.0
0.0,0.0,0.0,0.0,0.0,0.0,0.0,0.0,0.05237214546617544,0.35600113117187937,0.29467677865530756,0.009457440996831825,0.0,0.0,0.0,0.1730868164221733,0.0,0.0,0.2734437620845234,0.0,0.10914004655686217,0.23451044673994545,0.0,0.0,0.0,0.0,0.4690186685304585,0.0,0.18694436536646977,0.0,0.0,0.0,0.11313425608630275,0.0,0.0,0.0,0.0,0.0,0.5226547981874172,0.7806157006554822,0.0,0.0,0.0,0.0,0.4014140740932318,0.2971655353385019,0.0,0.2801210109593121,0.0,0.0,0.0,0.0,0.0,0.4426193368279728,0.0,0.0,0.0,0.20624523681316775,0.2621269795313966,0.6897927145590481,0.0,0.193311437567874,0.0,0.0,0.06894833710121252,0.19238368326615052,0.0,0.25134792904130243,0.0,0.0,0.0,0.0,0.0,0.0,0.0,0.24796392296816594,0.0,0.1833853253204697,0.05127018539160775,0.0,0.1026998234708618,0.2064080995072558,0.0,0.0,0.0,0.29764552285673657,0.0,0.0,0.03894237835679537,0.0,0.1515772688033724,0.0,0.0,0.0,0.0,0.14982051782036906,0.31326774091275855,0.0,0.06611299527828626,0.0
0.0,0.0,0.0,0.0,0.0,0.0,0.0,0.0,0.0,0.0,0.05888103615832211,0.0,0.0,0.0,0.0,0.03551605521360135,0.0,0.0,0.056108512206506186,0.0,0.0,0.0,0.0,0.0,0.0,0.0,0.0,0.0,0.0,0.0,0.0,0.0,0.09403954853344884,0.0,0.0,0.0,0.0,0.0,0.0,0.0,0.0,0.0,0.0,0.0,0.0,0.017141030576398583,0.0,0.0,0.0,0.0,0.0,0.0,0.0,0.03393089101165558,0.0,0.0,0.0,0.0,0.0,0.0,0.0,0.0,0.0,0.0,0.0,0.03947562072209499,0.0,0.10356950534584743,0.0,0.0,0.0,0.0,0.0,0.0,0.0,0.0993825410570148,0.0,0.38604872166243975,0.0,0.0,0.0,0.0,0.0,0.0,0.0,0.0,0.0,0.0,0.10703166741667221,0.0,0.06075131398084587,0.0,0.0,0.0,0.0,0.0,0.125555942777601,0.0,0.35365064439724614,0.0
0.0,0.0,0.0,0.0,0.0,0.0,0.0,0.0,0.0,0.22550488385377768,0.17186817531416354,0.09936530158694196,0.0,0.0,0.0,0.49095393866484077,0.0,0.0,0.7756124630040311,0.0,0.0,0.0,0.0,0.0,0.0,0.0,0.2358215826928829,0.0,0.0,0.0,0.0,0.0,0.017203394027386923,0.0,0.0,0.0,0.0,0.0,0.0,0.0,0.0,0.0,0.0,0.0,0.0,0.14941419514253815,0.0,0.0,0.0,0.0,0.0,0.0,0.0,0.006207244684572332,0.0,0.0,0.0,0.0,0.1317968842760137,0.0,0.0,0.26436269411120894,0.0,0.0,0.7244107906435983,0.545688741561868,0.0,0.01841293315266673,0.0,0.0,0.0,0.0,0.0,0.0,0.0,0.12467572974931926,0.0,0.0,0.0,0.0,0.0,0.1562675345163147,0.0,0.0,0.0,0.1496555318393856,0.0,0.0,0.019580144489127455,0.0,0.07621272633235175,0.0,0.0,0.0,0.0,0.0,0.15751034964160107,0.0,0.0,0.0
0.8215833411971315,0.0,0.0,0.1314085509792343,0.0,0.6308963526139297,0.0,0.11909298285807184,0.2336452431622177,0.30943247652493766,0.23583345165051015,0.0684590389873266,0.0,0.0,0.0,0.3424098169828322,0.3435405233911446,0.12381757539450175,0.5409414215701313,0.07955056884973336,0.486901051876575,0.28760378424603067,0.24996155730388767,0.05103294683414932,0.1188918127518472,0.1324686037365966,0.24515119275764075,0.0,0.0881064400504995,0.6060716731973804,0.0,0.17963590914817265,0.1387479348174294,0.0,0.0,0.025995455475065852,0.0,0.0,0.05180176311541755,0.335194886958841,0.2034910978102154,0.0,0.0,0.03786385854151969,0.17236643469556856,0.15532534272666293,0.0,0.12028342566573952,0.021026115336517468,0.44609498280107035,0.0,0.0,0.0,0.19005989560454475,0.7095986397894879,0.0,0.052577762386782446,0.5964611437363776,0.21841090351842332,0.2961956706577913,0.0,0.16022274035094766,0.0,0.314785248272986,0.43904485996760284,0.3805839355030563,0.2174990098369105,0.07161306131411035,0.0,0.0,0.3922529336719642,0.3522489135389801,0.15912697971495596,0.0,0.10925078805995682,0.27985242640213565,0.0,0.26693311590441693,0.05430538191898211,0.0,0.25492443934624853,0.1078873724740777,0.0,0.026039554172595986,0.14146980717886662,0.15557622722337752,0.0,0.0,0.11144373256738442,0.0,0.5436977767772385,0.0,0.0,0.0,0.059658294698435324,0.6683868114480318,0.1637417985469101,0.14915355153550383,0.06984415347423574,0.5306907722002087
0.0,0.0,0.0,0.14313443776752421,0.0,0.0,0.0,0.0,0.2176723600235625,0.2479236919775304,0.19339615771373056,0.07456779625478456,0.0,0.0,0.0,0.35532497185239753,0.42633257804375274,0.0,0.5613448734819418,0.0,0.2508004626155415,0.2615390948868765,0.310201411132695,0.0,0.0,0.0,0.17067445769029582,0.0,0.14034863141518156,0.7237440090993282,0.0,0.0,0.12617361549920092,0.0,0.0,0.0,0.0,0.0,0.06351506420391709,0.41098841980687484,0.0,0.0,0.0,0.0,0.21134155495628193,0.10957185721657352,0.0,0.18562563717280484,0.10610013812455,0.5536023005164527,0.0,0.0,0.0,0.23303582244905474,0.24185021904999157,0.0,0.0,0.2032899306433936,0.19861696246238358,0.363170786230492,0.0,0.19133091609234573,0.0,0.10728724236437785,0.524287969855212,0.3949389575383535,0.2699155042043107,0.08177935132593438,0.0,0.0,0.48678450741949447,0.4371396595073575,0.053208894306020764,0.0,0.0,0.09538120119157367,0.0,0.3048273131394881,0.06739278745526599,0.0,0.23182138338669117,0.11309769192290527,0.0,0.03231499490053746,0.0,0.10831229459732909,0.0,0.0,0.08173121457438118,0.0,0.14967391625648901,0.0,0.0,0.0,0.3010424515643072,0.34428293155502615,0.1139971719242493,0.0,0.06365026678424193,0.4825958204615512
0.0,0.0,0.0,0.0,0.0,0.0,0.0,0.0,0.0,0.0,0.0,0.0,0.0,0.0,0.0,0.0,0.0,0.0,0.0,0.0,0.0,0.0,0.0,0.0,0.0,0.0,0.0,0.0,0.0,0.0,0.0,0.0,0.0,0.0,0.0,0.0,0.0,0.0,0.0,0.0,0.0,0.0,0.0,0.0,0.0,0.0,0.0,0.0,0.0,0.0,0.0,0.0,0.0,0.0,0.0,0.0,0.0,0.0,0.0,0.0,0.0,0.0,0.0,0.0,0.0,0.0,0.0,0.0,0.0,0.0,0.0,0.0,0.0,0.0,0.0,0.0,0.0,0.0,0.0,0.0,0.0,0.0,0.0,0.0,0.0,0.0,0.0,0.0,0.0,0.0,0.18018412996984623,0.0,0.0,0.0,0.0,0.0,0.0,0.0,0.0,0.0
0.0,0.0,0.6168115975340209,0.6683402205555833,0.0,0.1668040721642023,0.5002235596621817,0.1828774547030097,0.13720533970955692,0.26468072430848605,0.20172597750577992,0.3481807604974151,0.0,0.0,0.0,0.3461262341312966,0.5280788318015565,0.4941188070262609,0.3565503506763649,0.1221566980881925,0.5517325852866541,0.6781530644826982,0.12049469305135092,0.07836545192713419,0.18256854080979953,0.0,0.21452265098394036,0.1909560759211718,0.11099422009756514,0.4597016779428824,0.0,0.0,0.32715959365330916,0.0,0.0,0.03991824385481203,0.0,0.0,0.09980410932324117,0.35195003025309607,0.0,0.0,0.0,0.40419040512458393,0.19711977858844354,0.35746233031393015,0.8503878875387495,0.14680138039365587,0.08390891998469817,0.0,0.570065510328129,0.0,0.28147481853550904,0.4332863106978567,0.2995688993154145,0.0,0.20982208013597403,0.2518060186340381,0.3254457604306781,0.33873198759398854,0.0,0.12152797406842371,0.0,0.16988459564576286,0.4907777001591414,0.2508540301305306,0.1966966173586675,0.14227215112018707,0.0,0.0,0.6029578954456576,0.3185585525807068,0.2034846905149846,0.1442227464271561,0.16776392332462853,0.11814436872780175,0.0,0.530310363892414,0.08347638980471046,0.0,0.2969854903130584,0.19753363399537727,0.0,0.012552442547821244,0.21723898111636875,0.13613894478185692,0.0,0.0,0.17113137705866793,0.0,0.48301254218470896,0.0,0.050493145547243955,0.0,0.2380783609410024,0.39250206116305997,0.14328433121631903,0.0,0.29720334256731806,0.2240399594791036
0.0,0.0,0.0,0.0,0.0,0.0,0.0,0.0,0.0,0.0,0.022353595256034513,0.007913449357344364,0.0,0.0,0.0,0.16260841991200173,0.0,0.0,0.2568899180565296,0.0,0.0,0.1962250195022561,0.0,0.0,0.0,0.0,0.0,0.0,0.0,0.0,0.0,0.0,0.09466431843663611,0.0,0.0,0.0,0.0,0.0,0.0,0.0,0.0,0.0,0.0,0.0,0.0,0.006813206904716496,0.0,0.0,0.0,0.0,0.0,0.0,0.0,0.013861759081205858,0.0,0.0,0.0,0.0,0.29432328679234965,0.0,0.0,0.0,0.0,0.0,0.057692051592638155,0.18073708558170815,0.0,0.041166746993147145,0.0,0.0,0.0,0.0,0.0,0.0,0.0,0.0,0.0,0.1534464222710777,0.0,0.0,0.08593337799486384,0.23176061608057943,0.0,0.0,0.0,0.33420447121784835,0.0,0.0,0.04372555932233004,0.0,0.017057007856693753,0.0,0.0,0.0,0.0,0.0,0.0,0.0,0.0,0.0
0.0,0.0,0.0,0.0,0.0,0.0,0.0,0.0,0.0,0.0,0.009230045330231723,0.005831888750585058,0.0,0.0,0.0,0.27857688834689687,0.0,0.0,0.09585172631813207,0.0,0.061536565099007616,0.14460981957968477,0.0,0.0,0.0,0.0,0.0,0.0,0.04430072585071311,0.0,0.0,0.0,0.06976373371999274,0.0,0.0,0.0,0.0,0.0,0.0,0.0,0.0,0.0,0.0,0.7208056601565587,0.0,0.34803318073167355,0.0,0.0,0.0,0.0,0.0,0.0,0.0,0.11892697270988482,0.0,0.0,0.0,0.0,0.10981900476322069,0.0,0.0,0.0,0.0,0.0,0.0425166841270073,0.06743729685375391,0.0,0.03600770380449307,0.0,0.0,0.0,0.0,0.0,0.0,0.0,0.004402718705714053,0.0,0.13421641802097942,0.0,0.0,0.12817834534742248,0.14659760253003895,0.0,0.0,0.0,0.0,0.0,0.0,0.016315044112976615,0.0,0.08275748616090281,0.0,0.0,0.0,0.0,0.0,0.005562219399918324,0.0,0.01566698024437043,0.2668361858369217
0.0,0.0,0.0,0.4546830314011535,0.0,0.07723558029395365,0.0,0.08467806662875618,0.10498048877451945,0.4135928409913114,0.31521910164158456,0.23687319540176843,0.61229981986418,0.0,0.0,0.4235809477322888,0.6609273195766587,0.08803736918372129,0.3749386690596937,0.05656242884974154,0.3753529066264957,0.4613588732646554,0.0,0.03628569180632439,0.167846528153691,0.0,0.7358704313377927,0.08841872469342006,0.08182677132043632,0.04742514976030084,0.0,0.0,0.22257214397571173,0.0,0.4287940124188248,0.01848341403444238,0.0,0.0,0.8200232476630407,0.06902104472761829,0.0,0.5443081614061378,0.0,0.05345462443205802,0.1757015654429715,0.466240142110822,0.5785331043693862,0.5074311510649375,0.03189344760409641,0.0,0.0,0.3385185404608061,0.13033177587130226,0.19373737842072328,0.49183878135452846,0.0,0.19237353479576538,0.4134206375418902,0.41126613168173926,0.3019267823455347,0.0,0.48486097436572334,0.0,0.21818473742410024,0.4095363757377384,0.26379128784190586,0.13381599894234372,0.39435425787848516,0.0,0.0,0.0,0.21672071186401612,0.39367859533258936,0.06677970967593495,0.42462009433150866,0.38904489563819095,0.0,0.36270910756659774,0.17339107258515257,0.0,0.23340063102065242,0.32384556821996635,0.0,0.0,0.100588544100249,0.46699322220289335,0.0,0.0,0.07923925982225624,0.0,0.2378183165391393,0.7280164341311205,0.42654680538501216,0.0,0.09049264049311702,0.30031672464883125,0.49150382084357713,0.5374707629678285,0.202192405282341,0.3678337133685568
0.0,0.0,0.0,0.2959478619631331,0.0,0.35827099228788867,0.4204743497606862,0.39279429041176506,0.26892878288551664,0.34569872833984117,0.26966686908448967,0.15417798970747112,0.0,0.0,0.0,0.1680778151815696,0.0,0.4083770134933033,0.2655305069225823,0.2623748981115173,0.24431281250025796,0.1623898349393858,0.0,0.1683176427214862,0.39213078810264296,0.0,0.2993262237470535,0.45942345112535743,0.19569869671375587,0.11079681871265257,0.0,0.0,0.3229482139717811,0.0,0.0,0.0857386072815713,0.0,0.0,0.24011987113049044,0.3586331591977806,0.0,0.0,0.0,0.3397514860936219,0.18441903925020248,0.18965010028138973,0.20363300842297338,0.2588318454201111,0.14794343587648198,0.0,0.0,0.0,0.6045671501442658,0.20334970326032425,0.0,0.0,0.17341277691202647,0.2185916225839948,0.1672886053154167,0.31690694948384646,0.0,0.08881180778943673,0.0,0.07856158865732965,0.11752112302488558,0.1868162453291003,0.13826103836906023,0.144920551857896,0.0,0.0,0.0,0.22391964260799002,0.4370556488239204,0.3097695745825491,0.3603326135854555,0.158249787625983,0.0,0.5401821086287463,0.4329920944965924,0.0,0.22368703161888354,0.1317289931547803,0.0,0.0,0.46659787329145597,0.18995642679015978,0.0,0.0,0.3675654165687676,0.0,0.26875752112600265,0.0,0.10845196477661419,0.0,0.4197662266642964,0.1587891705658915,0.199926476707178,0.0,0.1918328486339676,0.06113809257773024
0.0,0.0,0.0,0.0,0.0,0.0,0.0,0.0,0.0,0.12886641537861135,0.2810857984650828,0.0,0.0,0.0,0.0,0.27708638484227416,0.0,0.0,0.4377430070056179,0.0,0.0,0.0,0.0,0.0,0.0,0.0,0.8973775236676856,0.0,0.0,0.0,0.0,0.0,0.0654644878330801,0.0,0.0,0.0,0.0,0.0,0.0,0.0,0.0,0.0,0.0,0.0,0.0,0.5685694197567515,0.0,0.0,0.0,0.0,0.0,0.0,0.0,0.023620577049112614,0.0,0.0,0.0,0.0,0.5015298442498967,0.0,0.0,0.15107199528341,0.0,0.0,0.0,0.3079778136818852,0.0,0.48090619260166506,0.0,0.0,0.0,0.0,0.0,0.0,0.0,0.4744315441628248,0.0,0.0,0.0,0.0,0.0,0.3949224234104143,0.0,0.0,0.0,0.5694877840765651,0.0,0.0,0.07450879336007,0.0,0.29001411510818803,0.0,0.0,0.0,0.0,0.0,0.5993779106193622,0.0,0.0,0.0
0.0,0.0,0.0,0.0,0.0,0.0,0.0,0.0,0.0,0.2112399477183741,0.3774927642473342,0.012115360975817448,0.0,0.0,0.0,0.14139350141688428,0.0,0.0,0.16225298446808112,0.0,0.0,0.3004172815676488,0.0,0.0,0.0,0.0,0.13868271777021915,0.0,0.23948322485634452,0.0,0.0,0.0,0.14492951652305228,0.0,0.0,0.0,0.0,0.0,0.15454222343725177,0.0,0.0,0.0,0.0,0.0,0.5142275177864919,0.08786798230763647,0.0,0.35884624242645224,0.0,0.0,0.0,0.0,0.0,0.5670131108768447,0.0,0.0,0.0,0.0,0.07750753725051761,0.8836521145806187,0.0,0.24763969954172146,0.0,0.0,0.08832558330983693,0.11415446647945925,0.0,0.07432031226940455,0.0,0.0,0.0,0.0,0.0,0.0,0.0,0.07331970570369165,0.0,0.23492395190934695,0.0656791624208381,0.0,0.13156259012549307,0.14638239871873424,0.0,0.0,0.0,0.0880099083715459,0.0,0.0,0.025632288874696395,0.0,0.04481942617700645,0.0,0.0,0.0,0.0,0.0,0.09262919498629059,0.0,0.08469339679277683,0.0
0.0,0.0,0.0,0.4409514739719781,0.0,0.0,0.0,0.5852491049468076,0.4006940358353762,0.25327204766362116,0.2799769281704763,0.22971955723746673,0.0,0.0,0.0,0.44150277079281314,0.5053167638392512,0.6084667915545838,0.4955386146063262,0.39092898758610883,0.3640171416262789,0.34547671038797595,0.36767064325976956,0.25078712230323147,0.5842605108098186,0.6509798470896381,0.4459851092831055,0.0,0.1366802801745602,0.6388997576019492,0.0,0.882770357432092,0.4811810094617756,0.0,0.0,0.12774738430725033,0.0,0.0,0.056069215929614155,0.3628083942533656,0.0,0.0,0.0,0.18607132670163865,0.18656606000901113,0.2825717026752158,0.0,0.1917057301963008,0.10332695416547084,0.6561650161349608,0.0,0.0,0.0,0.4780148492702585,0.2866564187633199,0.0,0.2583786856161086,0.32569351079936554,0.24925389426107322,0.3205964047695853,0.0,0.16890126118664964,0.0,0.1271637329747788,0.5585034009459883,0.3486404047099901,0.31992119795397067,0.1955164708004246,0.0,0.0,0.5769682746390048,0.5181260111569063,0.7819849685186949,0.0,0.5368823955230161,0.23578638698907856,0.0,0.4586032011860922,0.07987826175344873,0.0,0.26213781404003433,0.19627137466423356,0.0,0.03830180823044135,0.695213740066445,0.28302811795276783,0.0,0.0,0.5476590070358835,0.0,0.400438862086893,0.0,0.0,0.0,0.2931739783234903,0.40806625103986827,0.2978831271335101,0.7329733494022961,0.34322952810139845,0.5457072664846785
0.0,0.0,0.0,0.0,0.0,0.0,0.0,0.0,0.0,0.7598505227679424,0.5791188227405294,0.0,0.0,0.0,0.0,0.7782006182638003,0.0,0.0,0.5836396780077713,0.0,0.3019001045292653,0.0,0.0,0.0,0.0,0.0,0.0,0.0,0.0,0.0,0.0,0.0,0.0,0.0,0.0,0.0,0.0,0.0,0.0,0.0,0.0,0.0,0.0,0.0,0.0,0.0,0.0,0.0,0.0,0.0,0.0,0.0,0.0,0.0,0.0,0.0,0.0,0.0,0.0,0.0,0.0,0.8907839506083436,0.0,0.0,0.0,0.4106246567829832,0.0,0.0,0.0,0.0,0.0,0.0,0.0,0.0,0.0,0.0,0.0,0.0,0.0,0.0,0.0,0.5265516460870657,0.0,0.0,0.0,0.0,0.0,0.0,0.0,0.0,0.22361542075118612,0.0,0.0,0.0,0.0,0.0,0.0,0.0,0.0,0.0
0.0,0.0,0.38390977497840767,0.41598171096055175,0.0,0.10382054109562831,0.3113442013680912,0.11382477690812866,0.08539799073869823,0.1647399590355274,0.1255562880807729,0.21671122584072477,0.0,0.0,0.20750567378580076,0.21543246785683293,0.3286816043964119,0.30754454160143785,0.2219205433942666,0.07603156403452123,0.3434039397321344,0.42208932423990353,0.07499711529481247,0.33129103367175033,0.11363250577752063,0.12637428452376978,0.31684382501723285,0.118852992438446,0.37165665312227664,0.2861229724632638,0.0,0.17137162205255135,0.2036274390488282,0.6224101111478091,0.06902463649114532,0.0248455185944989,0.0,0.0,0.06211908677688662,0.2190572574483043,0.19412933455429748,0.07058760695669132,0.0,0.2515721949784703,0.12268934330066467,0.22248816874184812,0.5292900196017436,0.09137066348746715,0.0522257602139686,0.12738087794008982,0.3548145376448633,0.0,0.17519277308999556,0.26968178080027716,0.186454711919334,0.0,0.1305953842186961,0.15672661204569896,0.2025607319222416,0.2108302140476927,0.0,0.07656633267982665,0.0,0.10573789005817988,0.3054650029049173,0.1561340847754194,0.12242596347260631,0.25827822862853056,0.06606518511176769,0.009336065165804727,0.3752870907217808,0.1982740641188429,0.1518062215699975,0.0897656956337685,0.10441796216307454,0.16751111009222022,0.0,0.3300705325331125,0.059827832222427664,0.5040599750725248,0.18484677203503727,0.13943822741070586,0.0,0.15196368057198797,0.13521173838227585,0.2010733309543269,0.0,0.0,0.10651389941596312,0.0,0.30063189006697055,0.0,0.031427444332262605,0.11777437973134337,0.1481823790951775,0.24429725151424433,0.21162686252191276,0.14229162856550231,0.1849823654808248,0.13944473608093952
0.0,0.0,0.0,0.0,0.0,0.0,0.0,0.0,0.0,0.0,0.0,0.0,0.0,0.0,0.0,0.0,0.0,0.0,0.0,0.0,0.0,0.0,0.0,0.0,0.0,0.0,0.0,0.0,0.0,0.0,0.0,0.0,0.0,0.0,0.0,0.0,0.0,0.0,0.0,0.0,0.0,0.0,0.0,0.0,0.0,0.48283913399914324,0.0,0.0,0.0,0.0,0.0,0.0,0.0,0.0,0.0,0.0,0.0,0.0,0.0,0.0,0.0,0.0,0.0,0.0,0.0,0.0,0.0,0.0,0.0,0.0,0.0,0.0,0.0,0.0,0.0,0.0,0.0,0.0,0.0,0.0,0.0,0.0,0.0,0.0,0.0,0.0,0.0,0.0,0.0,0.0,0.0,0.0,0.0,0.0,0.0,0.0,0.0,0.0,0.0,0.0
0.0,0.0,0.0,0.0,0.0,0.0,0.0,0.0,0.0,0.4107908278181279,0.31308355192287624,0.0,0.0,0.0,0.0,0.1997254232547375,0.0,0.0,0.3155276193045913,0.0,0.0,0.0,0.0,0.0,0.0,0.0,0.0,0.0,0.4657145262999681,0.0,0.0,0.0,0.043795583798717994,0.0,0.0,0.0,0.0,0.0,0.0,0.0,0.0,0.0,0.0,0.0,0.0,0.007982826935180735,0.0,0.0,0.0,0.0,0.0,0.0,0.0,0.015802108834429025,0.0,0.0,0.0,0.0,0.0,0.0,0.0,0.48157613308539793,0.0,0.0,0.0,0.22199213875375762,0.0,0.04823382312126335,0.0,0.0,0.0,0.0,0.0,0.0,0.0,0.04628389303085479,0.0,0.17978849753773138,0.0,0.0,0.0,0.28466465456543777,0.0,0.0,0.0,0.0,0.0,0.0,0.04984620229005124,0.0,0.02829276941269027,0.0,0.0,0.0,0.0,0.0,0.05847322641481636,0.0,0.16470024233114197,0.0
0.0,0.0,0.0,0.0,0.0,0.0,0.0,0.0,0.0,0.0,0.0,0.0,0.0,0.0,0.0,0.0,0.0,0.0,0.0,0.0,0.0,0.0,0.0,0.0,0.0,0.0,0.0,0.0,0.0,0.0,0.0,0.0,0.0,0.0,0.0,0.0,0.0,0.0,0.0,0.0,0.0,0.0,0.0,0.0,0.0,0.0,0.0,0.0,0.0,0.0,0.0,0.0,0.0,0.0,0.0,0.0,0.0,0.0,0.0,0.0,0.0,0.0,0.0,0.0,0.0,0.0,0.0,0.0,0.0,0.0,0.0,0.0,0.0,0.0,0.0,0.0,0.0,0.0,0.0,0.0,0.0,0.0,0.0,0.0,0.0,0.0,0.0,0.0,0.0,0.0,0.0,0.0,0.0,0.0,0.0,0.0,0.0,0.0,0.0,0.0
0.0,0.0,0.0,0.7859239652271377,0.0,0.0,0.0,0.0,0.0,0.006085415195591418,0.0973155298485265,0.4094375820722747,0.0,0.0,0.0,0.17979664869203804,0.0,0.0,0.24683552793434166,0.0,0.6488010863883729,0.7974632216898749,0.0,0.0,0.0,0.0,0.006363818903799086,0.0,0.0,0.02698573570378784,0.0,0.0,0.3847180780057871,0.0,0.0,0.0,0.0,0.0,0.0,0.0,0.0,0.0,0.0,0.0,0.0,0.15190310969103446,0.0,0.0,0.0,0.0,0.0,0.0,0.0,0.033531843784928815,0.0,0.0,0.0,0.0,0.20239957141404227,0.0,0.0,0.007134021793226394,0.0,0.0,0.5771221666615968,0.17366323394232275,0.23130223306444342,0.16730265471202893,0.0,0.0,0.0,0.37460382167801176,0.0,0.0,0.0,0.09821374394584441,0.0,0.6236099686547447,0.057631458484473264,0.0,0.3492353250381,0.23228650935644507,0.0,0.0,0.0,0.009111759219616001,0.0,0.0,0.10577291208248742,0.0,0.06932009216914418,0.0,0.0,0.0,0.0,0.0,0.12407933107449967,0.0,0.349491504903138,0.0
0.0,0.0,0.0,0.0,0.0,0.0,0.0,0.0,0.0,0.0,0.0019355168409921353,0.0,0.0,0.0,0.0,0.014079674057882756,0.0,0.0,0.022243167462973366,0.0,0.0,0.0,0.0,0.0,0.0,0.0,0.0,0.0,0.0,0.0,0.0,0.0,0.0033264667680466117,0.0,0.0,0.0,0.0,0.0,0.0,0.0,0.0,0.0,0.0,0.0,0.0,0.0,0.0,0.0,0.0,0.0,0.0,0.0,0.0,0.0012002395068957305,0.0,0.0,0.0,0.0,0.02548438726557711,0.0,0.0,0.0,0.0,0.0,0.0,0.015649369550108348,0.0,0.0,0.0,0.0,0.0,0.0,0.0,0.0,0.0,0.0,0.0,0.0,0.18302870325944529,0.0,0.0,0.0200673122316455,0.0,0.0,0.0,0.028937554561939773,0.0,0.0,0.0037860377930625526,0.0,0.000599376520474085,0.0,0.0,0.0,0.0,0.0,0.0,0.0,0.0,0.0
0.0,0.0,0.0,0.0,0.0,0.0,0.0,0.0,0.0,0.0,0.39380752740301994,0.0,0.0,0.0,0.0,0.20078890697419957,0.0,0.0,0.11152155030764473,0.0,0.0,0.0,0.0,0.0,0.0,0.0,0.0,0.0,0.0,0.0,0.0,0.0,0.676815424784038,0.0,0.0,0.0,0.0,0.0,0.0,0.0,0.0,0.0,0.0,0.0,0.0,0.0,0.0,0.0,0.0,0.0,0.0,0.0,0.0,0.8051992604478148,0.0,0.0,0.0,0.0,0.0,0.0,0.0,0.0,0.0,0.0,0.0,0.07846193472537187,0.0,0.0,0.0,0.0,0.0,0.0,0.0,0.0,0.0,0.0,0.0,0.0,0.0,0.0,0.0,0.3009074317368879,0.0,0.0,0.0,0.0,0.0,0.0,0.7703214719516919,0.0,0.12195139846488379,0.0,0.0,0.0,0.0,0.0,0.0,0.0,0.0,0.0
0.0,0.0,0.0,0.25855101691953747,0.0,0.0,0.0,0.0,0.3931926580155052,0.38598834353510836,0.299812079393182,0.13469560401974606,0.0,0.0,0.0,0.3648390210771767,0.7701062254366164,0.0,0.5763752349297805,0.0,0.4530336351232123,0.4507126265652671,0.5603325904594503,0.0,0.0,0.0,0.17524437345898683,0.0,0.13807427853072118,0.7431227093714002,0.0,0.0,0.21743610326967786,0.0,0.0,0.0,0.0,0.0,0.0,0.0,0.0,0.0,0.0,0.0,0.0,0.19792522017042652,0.0,0.0,0.0,0.0,0.0,0.0,0.0,0.016120301712163467,0.43686635482614644,0.0,0.0,0.3672129441184501,0.3422783613690936,0.0,0.0,0.1964539215046443,0.0,0.19379840413287688,0.5383261094409489,0.4055136961029251,0.4875621072248218,0.14772220283341103,0.0,0.0,0.8793036209664876,0.7896276064957682,0.0,0.0,0.0,0.17229191624130363,0.0,0.5506250838465019,0.12173502059582414,0.0,0.39949983250267873,0.13128437763670991,0.0,0.058372219317714115,0.0,0.11121242429290207,0.0,0.0,0.05084991051133927,0.0,0.25793437861919055,0.0,0.0,0.0,0.0,0.6218957746993581,0.11704951777970313,0.0,0.114974715106608,0.8316616294161541
0.0,0.0,0.0,0.09753118941454925,0.0,0.0,0.0,0.0,0.1483210086048689,0.18184747474413418,0.1385947529634366,0.08012832743121988,0.0,0.0,0.0,0.6071692250458491,0.32498661105876725,0.0,0.6254550472122667,0.0,0.08200361985919254,0.07472144391464337,0.21136990550786755,0.0,0.0,0.0,0.19016687607826896,0.0,0.0598036210927799,0.8064014917834245,0.0,0.0,0.0745182839203627,0.0,0.0,0.0,0.0,0.0,0.0,0.0,0.0,0.0,0.0,0.4111067085514387,0.1284126169907361,0.19849840713821484,0.0,0.08961088913644155,0.0,0.0,0.0,0.0,0.0,0.14159420668340345,0.18435861372248,0.0,0.0,0.15496471305410817,0.5708918616096453,0.22066512704559083,0.0,0.213182470903164,0.0,0.08178337547139433,0.5841659422390076,0.44004421524490983,0.0,0.062339111789088304,0.0,0.0,0.3710681649243741,0.0,0.0,0.0,0.0,0.10053869445903812,0.0,0.23236506088724293,0.05137246068641512,0.0,0.11476614424558038,0.12601437295127393,0.0,0.022019298344493905,0.0,0.12068244412892232,0.0,0.0,0.08481342483464285,0.0,0.06145805620729033,0.0,0.0,0.0,0.0,0.11256935632740442,0.12701658092231588,0.0,0.04337101764498634,0.13787711755925533
0.0,0.0,0.0,0.5933397703972337,0.0,0.0,0.0,0.0,0.1819178193009839,0.0422839175524621,0.09223045967831138,0.3091082747025685,0.0,0.0,0.0,0.7347585359326564,0.0,0.0,0.1863505147449156,0.0,0.48981772367750215,0.6020514271007884,0.0,0.0,0.49582669216643505,0.0,0.2944493886379562,0.0,0.023743969952543045,0.14009616635987993,0.0,0.0,0.2904460815183916,0.0,0.3541909463550651,0.0,0.0,0.0,0.0,0.0,0.0,0.0,0.0,0.15790752364491845,0.0,0.18656018635431035,0.7549582359735706,0.0,0.0,0.0,0.0,0.0,0.0,0.02531514163281119,0.1912310697364454,0.0,0.0,0.7164053217277224,0.16456302072232215,0.0,0.0,0.049570058841800366,0.0,0.08483206757886944,0.43570313288408413,0.1311084887505615,0.17462352585107987,0.12630651707508872,0.0,0.0,0.0,0.28281024040298974,0.0,0.0,0.0,0.15567146986070174,0.0,0.47079948187111964,0.5122055422699304,0.0,0.26365808493042053,0.17536661334420006,0.0,0.0,0.0,0.18686152197436334,0.0,0.0,0.07985413111958227,0.0,0.09516003759595708,0.0,0.0,0.0,0.0,0.5204106428297539,0.19666913276771877,0.0,0.2638514900294216,0.14301685259319682
0.0,0.0,0.0,0.48952024914438724,0.0,0.5926074418737368,0.0,0.6497115999736902,0.44482863950074547,0.5718119620911396,0.4460494901519872,0.2550221090753611,0.0,0.0,0.0,0.27801347648720537,0.0,0.6754866078910402,0.43920763286463654,0.4339880161350277,0.40411195421709317,0.2686051250066023,0.0,0.27841016945978814,0.6486141167429791,0.0,0.4951083162153721,0.6784126442098835,0.3237005131143116,0.1832663562454783,0.0,0.0,0.534180882793114,0.0,0.0,0.14181817067154873,0.0,0.0,0.3545756236473087,0.5295795615934366,0.0,0.0,0.0,0.20656622685742784,0.2723243834286515,0.3136956750563344,0.3368244675126347,0.42812753779021395,0.24470968335143375,0.0,0.0,0.0,0.0,0.30027855467589004,0.0,0.0,0.2868379085278543,0.3615671518570486,0.27670806340618603,0.4679640994407172,0.0,0.13114492351643522,0.0,0.12994683657321238,0.19438886647553033,0.30900826365527956,0.22869426222722739,0.2397096035127184,0.0,0.0,0.0,0.3703801017877946,0.7229232496665214,0.5123824119597465,0.5960175201372926,0.2617571721986886,0.0,0.8935022495017212,0.07835962807140202,0.0,0.3699953455385491,0.21788976315260639,0.0,0.0,0.7717883334880391,0.3142023623758438,0.0,0.0,0.6079811258039024,0.0,0.4445453595384235,0.0,0.17938778967850746,0.0,0.6943252318028346,0.262649352562408,0.33069358244071023,0.0,0.31730610667184145,0.10112705025924923
0.0,0.0,0.0,0.0,0.0,0.0,0.0,0.0,0.0,0.0,0.0,0.0,0.0,0.0,0.0,0.2493654885655633,0.0,0.0,0.0,0.0,0.0,0.0,0.0,0.0,0.0,0.0,0.0,0.0,0.0,0.0,0.0,0.0,0.0,0.0,0.0,0.0,0.0,0.0,0.0,0.0,0.0,0.0,0.0,0.0,0.0,0.0,0.0,0.0,0.0,0.0,0.0,0.0,0.0,0.0,0.0,0.0,0.0,0.0,0.0,0.0,0.0,0.0,0.0,0.0,0.0,0.0,0.0,0.0,0.0,0.0,0.0,0.0,0.0,0.0,0.0,0.0,0.0,0.0,0.0,0.0,0.0,0.0,0.0,0.0,0.0,0.0,0.0,0.0,0.0,0.0,0.0,0.0,0.0,0.0,0.0,0.0,0.0,0.0,0.0,0.0
0.0,0.0,0.0,0.0,0.0,0.0,0.0,0.0,0.21344491885207226,0.049611892806391916,0.23365853503888317,0.016345314011782155,0.0,0.0,0.0,0.48254012590048473,0.0,0.0,0.7623202628046313,0.0,0.4448049277623382,0.4053048697096604,0.0,0.0,0.0,0.0,0.34547866781476383,0.0,0.12416376682547965,0.0,0.0,0.0,0.19553015893405717,0.0,0.0,0.0,0.0,0.0,0.0,0.0,0.0,0.0,0.0,0.0,0.0,0.2188918270372422,0.0,0.0,0.0,0.0,0.0,0.0,0.0,0.014496236404379284,0.0,0.0,0.0,0.8405612839299211,0.30779498616741696,0.0,0.0,0.05816075207825065,0.0,0.4436102757558432,0.11916354761156422,0.5363369011191478,0.0,0.10092051661113012,0.0,0.0,0.0,0.0,0.0,0.0,0.0,0.3943812892386007,0.0,0.3761747852047832,0.0,0.0,0.3592515896336489,0.15203999334903456,0.0,0.0,0.0,0.21924538534844334,0.0,0.0,0.04572695580242811,0.0,0.23194837144140812,0.0,0.0,0.0,0.0,0.6105999283378107,0.23075269506644816,0.0,0.04391059614862029,0.7478745623831033
0.0,0.0,0.0,0.4161441179834169,0.0,0.3126459472260996,0.0,0.34277277712762616,0.23468127722169133,0.30167473421855767,0.23532536972088813,0.21679583394748259,0.0,0.0,0.0,0.29852563455113834,0.0,0.35637107373288057,0.47161288350945507,0.22896201566469865,0.3435380110386908,0.42225411578897104,0.0,0.14688275070072482,0.3421937704193312,0.0,0.26120766896419634,0.35791478265700444,0.3115541427347862,0.09668708067836143,0.0,0.0,0.28182144922592944,0.0,0.0,0.4548823648499595,0.0,0.0,0.18706587849788994,0.27939389883875215,0.0,0.0,0.0,0.3278817832892516,0.6689809424886035,0.1654985653886115,0.5294966643028225,0.22587016316024983,0.12910315554746085,0.0,0.0,0.0,0.5275768158387608,0.1584200037405713,0.3725775336550613,0.0,0.15132903044297513,0.31317425005254174,0.5403351560787037,0.2468870095097868,0.0,0.32216525539148666,0.0,0.1652792224451537,0.3055842621425331,0.33180725321235693,0.1224737608534168,0.36181681192763293,0.0,0.0,0.0,0.19835147401359657,0.38139754615487287,0.2703210813935073,0.3144450254581473,0.14693760806422124,0.0,0.4713910717368881,0.041340723068219856,0.0,0.19520096627438982,0.1904352289043793,0.0,0.0,0.4071776314831233,0.16576588187126415,0.0,0.0,0.3207567464416879,0.0,0.23453182528117855,0.0,0.0946408388789403,0.0,0.366309894951049,0.22749581535005872,0.17446626724238268,0.0,0.18505458604838512,0.27864125993605493
0.0,0.0,0.0,0.0,0.0,0.0,0.0,0.0,0.31594802819666057,0.0,0.0008527175181999284,0.0,0.0,0.0,0.0,0.0062029864403285164,0.0,0.0,0.009799521323828728,0.0,0.0,0.0,0.0,0.0,0.0,0.0,0.0,0.0,0.0,0.0,0.0,0.0,0.0014655188871253897,0.0,0.0,0.0,0.0,0.0,0.0,0.0,0.0,0.0,0.0,0.0,0.0,0.0,0.0,0.44056321295702594,0.0,0.0,0.0,0.0,0.0,0.0005287813734759397,0.0,0.0,0.0,0.0,0.01122748353396377,0.0,0.0,0.0,0.0,0.0,0.0,0.006894536529747583,0.0,0.0,0.0,0.0,0.0,0.0,0.0,0.0,0.0,0.0,0.0,0.0,0.08063571357133931,0.0,0.0,0.008840919552185567,0.0,0.0,0.0,0.012748822012927432,0.0,0.0,0.0016679889744883663,0.0,0.0002640632456310656,0.0,0.0,0.0,0.0,0.0,0.0,0.0,0.0,0.0
0.0,0.0,0.0,0.0,0.0,0.0,0.0,0.0,0.2539314181283033,0.05902233870972355,0.1287406121661455,0.0,0.0,0.0,0.0,0.1269088335387028,0.0,0.0,0.20049146204144913,0.0,0.5291760830129101,0.0,0.0,0.0,0.0,0.0,0.4110094937986305,0.0,0.0,0.0,0.0,0.0,0.127748289761929,0.0,0.0,0.0,0.0,0.0,0.0,0.0,0.0,0.0,0.0,0.0,0.0,0.2604115026733631,0.0,0.0,0.0,0.0,0.0,0.0,0.0,0.010818502982455432,0.0,0.0,0.0,0.0,0.22970658610610672,0.0,0.0,0.06919275630484499,0.0,0.0,0.0,0.1410574724283779,0.0,0.03860566422237699,0.0,0.0,0.0,0.0,0.0,0.0,0.0,0.21729524493938138,0.0,0.143900149684123,0.0,0.0,0.0,0.1808791295242553,0.0,0.0,0.0,0.26083212436741515,0.0,0.0,0.03412590647167765,0.0,0.1328298865319201,0.0,0.0,0.0,0.0,0.7264192867449715,0.27452215499100524,0.0,0.0,0.0
0.0,0.0,0.0,0.0,0.0,0.0,0.0,0.0,0.0,0.0,0.07594912213590961,0.0,0.0,0.0,0.0,0.5524823458047506,0.0,0.0,0.8728154705535415,0.0,0.0,0.0,0.0,0.0,0.0,0.0,0.0,0.0,0.0,0.0,0.0,0.0,0.13052959576312112,0.0,0.0,0.0,0.0,0.0,0.0,0.0,0.0,0.0,0.0,0.0,0.0,0.0,0.0,0.0,0.0,0.0,0.0,0.0,0.0,0.047097051790487704,0.0,0.0,0.0,0.0,0.0,0.0,0.0,0.0,0.0,0.0,0.0,0.614076743812736,0.0,0.0,0.0,0.0,0.0,0.0,0.0,0.0,0.0,0.0,0.0,0.0,0.0,0.0,0.0,0.0,0.0,0.0,0.0,0.0,0.0,0.0,0.14856303012537098,0.0,0.023519361647893706,0.0,0.0,0.0,0.0,0.0,0.0,0.0,0.0,0.0
0.0,0.0,0.0,0.0,0.0,0.0,0.0,0.0,0.0,0.23905329284322327,0.42719613071541424,0.0,0.0,0.0,0.0,0.16001036956041198,0.0,0.0,0.18361635964067877,0.0,0.0,0.0,0.0,0.0,0.0,0.0,0.0,0.0,0.27101527954810956,0.0,0.0,0.0,0.025486154534370652,0.0,0.0,0.0,0.0,0.0,0.0,0.0,0.0,0.0,0.0,0.0,0.581934348712043,0.004645481193405356,0.0,0.4060944759881672,0.0,0.0,0.0,0.0,0.0,0.6416700662182528,0.0,0.0,0.0,0.0,0.010349068892494059,0.0,0.0,0.2802456933623152,0.0,0.0,0.0,0.1291848506848614,0.0,0.028068918443964266,0.0,0.0,0.0,0.0,0.0,0.0,0.0,0.02693418714676834,0.0,0.10462510222053645,0.07432694534093819,0.0,0.0,0.16565614035587672,0.0,0.0,0.0,0.01175138105620993,0.0,0.0,0.029007217265429708,0.0,0.01646453434143392,0.0,0.0,0.0,0.0,0.0,0.034027578930797976,0.0,0.09584472825368874,0.0
0.0,0.0,0.0,0.0,0.0,0.0,0.0,0.0,0.0,0.0,0.13040452247654677,0.0,0.0,0.0,0.0,0.4133591270961573,0.0,0.0,0.6530276374686855,0.0,0.8694048728340927,0.0,0.0,0.0,0.0,0.0,0.0,0.0,0.0,0.0,0.0,0.0,0.23497969542437672,0.0,0.0,0.0,0.0,0.0,0.0,0.0,0.0,0.0,0.0,0.0,0.0,0.0,0.0,0.0,0.0,0.0,0.0,0.0,0.0,0.0,0.0,0.0,0.0,0.0,0.0,0.0,0.0,0.0,0.0,0.0,0.0,0.459443145504941,0.0,0.0,0.0,0.0,0.0,0.0,0.0,0.0,0.0,0.0,0.0,0.0,0.0,0.0,0.0,0.6009858887256765,0.0,0.0,0.0,0.0,0.0,0.0,0.0,0.0,0.04233961198062078,0.0,0.0,0.0,0.0,0.0,0.0,0.0,0.0,0.0
0.0,0.0,0.0,0.0,0.0,0.0,0.0,0.0,0.0,0.8530132612391784,0.6501226502172962,0.0,0.0,0.0,0.0,0.4147328107294722,0.0,0.0,0.6551977924716603,0.0,0.0,0.0,0.0,0.0,0.0,0.0,0.0,0.0,0.0,0.0,0.0,0.0,0.0,0.0,0.0,0.0,0.0,0.0,0.0,0.0,0.0,0.0,0.0,0.0,0.0,0.0,0.0,0.0,0.0,0.0,0.0,0.0,0.0,0.0,0.0,0.0,0.0,0.0,0.0,0.0,0.0,0.0,0.0,0.0,0.0,0.46096997650502686,0.0,0.0,0.0,0.0,0.0,0.0,0.0,0.0,0.0,0.0,0.0,0.0,0.0,0.0,0.0,0.5911103873475353,0.0,0.0,0.0,0.0,0.0,0.0,0.0,0.0,0.0,0.0,0.0,0.0,0.0,0.0,0.0,0.0,0.0,0.0
0.0,0.0,0.0,0.15022752891768212,0.0,0.0,0.1305267944147948,0.09463379998255605,0.18920749379257412,0.21550287967564125,0.1681058739206364,0.07826303678495414,0.0,0.0,0.0,0.32848403176932034,0.3705813572520354,0.09838806101760311,0.5189413687788438,0.15121885274449604,0.690889831983804,0.22733780562202519,0.2696365839235804,0.04055185761010583,0.16653824226625846,0.1052623508886099,0.1483554751301083,0.0,0.12199533649752191,0.6291004980800075,0.0,0.8692306812499891,0.1867312771806067,0.0,0.0,0.04941514574126471,0.0,0.0,0.05520924252760765,0.35724374413458637,0.16169832500838627,0.0,0.0,0.10546819895839829,0.183704563791081,0.09524322009418874,0.19114766257861254,0.1613514990571805,0.09222549534272055,0.48120810481947734,0.0,0.0,0.0,0.2025618867030434,0.21022363066528327,0.0,0.041779400681993185,0.17670584490442004,0.1726439575889812,0.31567918992522476,0.7946698409127109,0.1663107025391342,0.0,0.09325736276982084,0.45572718920841965,0.36510561134684694,0.2346188375994473,0.1370832039036436,0.0,0.0,0.42312802900618757,0.37997520403496865,0.12644565959120863,0.09453090290357229,0.08681298408256163,0.08290826649019385,0.0,0.5109688942867489,0.058579878551076575,0.0,0.20150625900952848,0.4775853605844175,0.0,0.028089185031984095,0.11241489729155979,0.0941483696205859,0.0,0.22325849657162333,0.0885555441134584,0.0,0.3092053427499737,0.0,0.03309576857512755,0.0,0.26167533525840964,0.2992612871383188,0.09908983941228736,0.11852056287413794,0.06680448425331653,0.4194870937881916
0.0,0.0,0.0,0.0,0.0,0.0,0.0,0.0,0.0,0.0,0.014276044951170377,0.0,0.0,0.0,0.0,0.10384929518108926,0.0,0.0,0.16406184220802056,0.0,0.0,0.0,0.0,0.0,0.0,0.0,0.0,0.0,0.0,0.0,0.0,0.0,0.02453545642354906,0.0,0.0,0.0,0.0,0.0,0.0,0.0,0.0,0.0,0.0,0.0,0.0,0.0,0.0,0.0,0.0,0.0,0.0,0.0,0.0,0.008852763659669775,0.0,0.0,0.0,0.0,0.18796853142849562,0.0,0.0,0.0,0.0,0.0,0.0,0.11542710371887253,0.0,0.0,0.0,0.0,0.0,0.0,0.0,0.0,0.0,0.0,0.0,0.0,0.0,0.0,0.0,0.14801310192748993,0.0,0.0,0.0,0.21343850952567156,0.0,0.0,0.027925174597233336,0.0,0.004420899869090262,0.0,0.0,0.0,0.0,0.0,0.0,0.0,0.0,0.0
0.0,0.0,0.0,0.0,0.0,0.0,0.0,0.0,0.0,0.0,0.0,0.13716706442026005,0.0,0.0,0.0,0.0,0.0,0.0,0.0,0.0,0.0,0.0,0.0,0.0,0.0,0.0,0.0,0.0,0.0,0.0,0.0,0.0,0.0,0.0,0.0,0.0,0.0,0.0,0.0,0.0,0.0,0.0,0.0,0.0,0.0,0.050889572782182764,0.0,0.0,0.0,0.0,0.0,0.0,0.0,0.0,0.0,0.0,0.0,0.0,0.0,0.0,0.0,0.0,0.0,0.0,0.0,0.0,0.0,0.0,0.0,0.0,0.0,0.0,0.0,0.0,0.0,0.0,0.0,0.0,0.0,0.0,0.0,0.0,0.0,0.0,0.0,0.0,0.0,0.0,0.0,0.0,0.0,0.0,0.0,0.0,0.0,0.0,0.0,0.0,0.0,0.0
0.0,0.0,0.0,0.0,0.0,0.0,0.0,0.0,0.0,0.0,0.0,0.0,0.0,0.0,0.0,0.8996959278647284,0.0,0.0,0.0,0.0,0.0,0.0,0.0,0.0,0.0,0.0,0.0,0.0,0.0,0.0,0.0,0.0,0.0,0.0,0.0,0.0,0.0,0.0,0.0,0.0,0.0,0.0,0.0,0.0,0.0,0.0,0.0,0.0,0.0,0.0,0.0,0.0,0.0,0.0,0.0,0.0,0.0,0.0,0.0,0.0,0.0,0.0,0.0,0.0,0.0,0.0,0.0,0.0,0.0,0.0,0.0,0.0,0.0,0.0,0.0,0.0,0.0,0.0,0.0,0.0,0.0,0.0,0.0,0.0,0.0,0.0,0.0,0.0,0.0,0.0,0.0,0.0,0.0,0.0,0.0,0.0,0.0,0.0,0.0,0.0
0.0,0.0,0.0,0.0,0.0,0.0,0.0,0.0,0.0,0.026309366385995736,0.02005164020024007,0.011592822651242219,0.0,0.0,0.0,0.05727896811031567,0.0,0.0,0.09048971407621145,0.0,0.0,0.0,0.0,0.0,0.0,0.0,0.027513002444840447,0.0,0.0,0.116668721033356,0.0,0.0,0.0020070979786081075,0.0,0.0,0.0,0.0,0.0,0.0,0.0,0.0,0.0,0.0,0.0,0.0,0.3778597165931854,0.0,0.0,0.0,0.0,0.0,0.0,0.0,0.0007241912984901512,0.0,0.0,0.0,0.0,0.015376573924663744,0.0,0.0,0.030842857410887062,0.0,0.0,0.08451608044715082,0.06366480756032467,0.0,0.002148213361394307,0.0,0.0,0.0,0.0,0.0,0.0,0.0,0.014545757933753413,0.0,0.0,0.0,0.0,0.0,0.01823153339105425,0.0,0.0,0.0,0.017460119495267806,0.0,0.0,0.0022843904151948137,0.0,0.18298274838638873,0.0,0.0,0.0,0.0,0.0,0.01837653104220232,0.0,0.0,0.0
0.0,0.0,0.0,0.0,0.0,0.0,0.0,0.0,0.0,0.0,0.0,0.0,0.0,0.0,0.0,0.3429200042522493,0.0,0.0,0.5417474189834569,0.0,0.0,0.0,0.0,0.0,0.0,0.0,0.0,0.0,0.0,0.0,0.0,0.0,0.0,0.0,0.0,0.0,0.0,0.0,0.0,0.0,0.0,0.0,0.0,0.0,0.0,0.1655026787968129,0.0,0.0,0.0,0.0,0.0,0.0,0.0,0.0,0.0,0.0,0.0,0.0,0.0,0.0,0.0,0.0,0.0,0.0,0.0,0.38115100183470896,0.0,0.0,0.0,0.0,0.0,0.0,0.0,0.0,0.0,0.0,0.0,0.0,0.0,0.0,0.0,0.0,0.0,0.0,0.0,0.0,0.0,0.0,0.0,0.0,0.3508248262336734,0.0,0.0,0.0,0.0,0.0,0.0,0.0,0.0,0.0
0.0,0.0,0.0,0.0,0.0,0.1399085057773255,0.0,0.0,0.012471305023754833,0.522933049499368,0.4079208473705194,0.0033250235719306867,0.0,0.0,0.0,0.25424867736188256,0.0669980818456142,0.09295579040155888,0.4016638371421404,0.0,0.0,0.02233101169242954,0.0,0.0,0.04198130433677255,0.0,0.04035693905532748,0.0,0.296030352055484,0.01186184586124502,0.0,0.0,0.16915050059943207,0.0,0.0,0.0,0.0,0.0,0.01148763540014326,0.0743333125707716,0.0,0.0,0.0,0.013369921208231777,0.03822423481211531,0.025569752770343873,0.0,0.39153087685075144,0.22379171727889402,0.0,0.0,0.0,0.0,0.1801969252473119,0.0,0.0,0.03947264711521516,0.0,0.08609883347297714,0.0656847888369444,0.0,0.01840787919096674,0.0,0.11883888415610834,0.024240684788174042,0.28259400702779386,0.03175178471789392,0.030659717129743542,0.0,0.14131596165227067,0.0,0.051423368217576426,0.1122308607862244,0.0,0.0,0.17876103014954728,0.0,0.11428213898430159,0.0716613886760266,0.0,0.3383678677085933,0.17457755697571456,0.0,0.0,0.0,0.02561105352939768,0.0,0.0,0.19251964100064206,0.0,0.1092743992521216,0.0,0.0,0.0,0.6349737936282288,0.0,0.22583956330363264,0.03181319198933849,0.6361172982006451,0.0
0.0,0.0,0.0,0.0,0.0,0.0,0.0,0.0,0.08825121294112812,0.26101415380655063,0.20360754574299647,0.0235290021951831,0.0,0.0,0.0,0.33660801605165797,0.47410130506328174,0.6577869146182558,0.5317756959170795,0.0,0.0,0.0,0.0,0.0,0.2970740448985792,0.0,0.28557948149291046,0.0,0.752490383772995,0.0839384717943815,0.0,0.0,0.07952708099993606,0.0,0.0,0.0,0.0,0.0,0.0,0.0,0.0,0.0,0.0,0.09461012791414528,0.0,0.18094030194028696,0.0,0.19542673886871853,0.11170226431545503,0.0,0.0,0.0,0.0,0.08994258061715073,0.0,0.0,0.2793219297643361,0.0,0.6092647459374502,0.0,0.0,0.0480768249073199,0.0,0.05931663874948642,0.17153536305984968,0.37413531130516336,0.2246864709877855,0.07793505682487599,0.0,0.0,0.0,0.3638893131132024,0.05601834343257081,0.0,0.0,0.1509820680956501,0.0,0.29049795071884343,0.05598306965392602,0.0,0.26683640979743917,0.12567925753981196,0.0,0.0,0.0,0.18123256021437661,0.0,0.0,0.0905142168050319,0.0,0.09229346449387119,0.0,0.0,0.0,0.3169376033736566,0.0,0.19074472941264428,0.22512100980934957,0.2661187091240507,0.0
0.0,0.0,0.0,0.0,0.0,0.0,0.0,0.0,0.10604630918336831,0.4389704924800023,0.334560636869479,0.00812087836391175,0.0,0.0,0.0,0.23974147363090278,0.8758137770320487,0.0,0.37874525531410486,0.0,0.22099341202149572,0.20136851117333668,0.0,0.0,0.0,0.0,0.17164492750812999,0.0,0.061688557764506505,0.0,0.0,0.0,0.09714567955288134,0.0,0.0,0.0,0.0,0.0,0.0,0.0,0.0,0.0,0.0,0.0,0.0,0.22509314809016343,0.0,0.0,0.0,0.0,0.0,0.0,0.0,0.007202197063306106,0.49683220267643646,0.0,0.0,0.4176179141794362,0.15292246095032108,0.0,0.0,0.028896134564355396,0.0,0.22039987043367698,0.059204287838591864,0.26646944395968025,0.0,0.1679990839467282,0.0,0.0,0.0,0.0,0.0,0.0,0.0,0.1959413246267868,0.0,0.6262058641829333,0.13844480756489885,0.0,0.3092858808541832,0.14654724201300973,0.0,0.0,0.0,0.1089281677293112,0.0,0.0,0.022718624173008416,0.0,0.11523942029044705,0.0,0.0,0.0,0.0,0.3033657073501488,0.1146453697633875,0.0,0.021816198205354468,0.37156816615447325
0.0,0.0,0.0,0.0,0.0,0.0,0.0,0.0,0.0,0.016244936232450123,0.012381051357524174,0.007158084385634498,0.0,0.0,0.0,0.03536737338182026,0.0,0.0,0.05587362360969546,0.0,0.0,0.0,0.0,0.0,0.0,0.0,0.01698813128839103,0.0,0.0,0.07203806833285126,0.0,0.0,0.00279609158900208,0.0,0.0,0.0,0.0,0.0,0.0,0.0,0.0,0.0,0.0,0.0,0.0,0.23331261235296585,0.0,0.0,0.0,0.0,0.0,0.0,0.0,0.0010088721228950904,0.0,0.0,0.0,0.0,0.021421131143900065,0.0,0.0,0.019044177823039923,0.0,0.0,0.052185154037438335,0.03931036285310145,0.6174582844038834,0.0013264321366600281,0.0,0.0,0.0,0.0,0.0,0.0,0.0,0.008981398739129556,0.0,0.0,0.15384642427382922,0.0,0.0,0.016867759955928197,0.0,0.0,0.0,0.02432372200262269,0.0,0.0,0.0031823881514507477,0.0,0.11298421389416705,0.0,0.0,0.0,0.0,0.0,0.01134674133061295,0.0,0.0,0.0
0.0,0.0,0.0,0.0,0.0,0.0,0.0,0.0,0.0,0.0,0.0730780967957233,0.0,0.0,0.0,0.0,0.010501308011636734,0.0,0.0,0.00986869642556839,0.0,0.0,0.0,0.0,0.0,0.0,0.0,0.0,0.0,0.0,0.0,0.0,0.0,0.1167138297613363,0.0,0.0,0.0,0.0,0.0,0.0,0.0,0.0,0.0,0.0,0.0,0.0,0.0030148656688182137,0.0,0.0,0.0,0.0,0.0,0.0,0.0,0.04211211451931018,0.0,0.0,0.0,0.0,0.0,0.0,0.0,0.0,0.0,0.0,0.0,0.006943205260610323,0.0,0.018216416137406176,0.0,0.0,0.0,0.0,0.0,0.0,0.0,0.12334509426160942,0.0,0.0,0.0,0.0,0.0,0.0,0.0,0.0,0.0,0.0,0.0,0.0,0.13283853447571742,0.0,0.07539932537230243,0.0,0.0,0.0,0.0,0.0,0.15582927778153566,0.0,0.4389208768955932,0.0
0.0,0.0,0.0,0.5166422869211321,0.0,0.0,0.0,0.0,0.4595986342492042,0.03142480254201011,0.06397224174141822,0.2691516967447916,0.0,0.0,0.0,0.15550480056951696,0.0,0.0,0.24566757058040725,0.0,0.4265019160367877,0.5242278398652456,0.0,0.0,0.4931968077366145,0.0,0.17260560307322803,0.0,0.1713207165638364,0.1393530907400952,0.0,0.0,0.2529018536587936,0.0,0.0,0.0,0.0,0.0,0.0,0.0,0.0,0.0,0.0,0.15706997588005164,0.0,0.1093611830002238,0.6573693000592223,0.0,0.0,0.0,0.0,0.0,0.0,0.022042804678593837,0.0,0.0,0.0,0.0,0.13305126459273556,0.0,0.0,0.03683975850077533,0.0,0.0,0.37938239474699575,0.17284150761755754,0.15205098705170828,0.45347252607383276,0.0,0.0,0.0,0.24625305205598433,0.0,0.0,0.0,0.09125428332826431,0.0,0.4099420486045231,0.03788515152533032,0.0,0.22957658117625082,0.1526980200688463,0.0,0.0,0.0,0.10953782529745282,0.0,0.0,0.06953186518089041,0.0,0.1590894201615973,0.0,0.3501052836540385,0.0,0.0,0.0,0.11528702580870291,0.0,0.22974498595482012,0.19736635742913422
0.0,0.0,0.0,0.0,0.0,0.0,0.0,0.0,0.0,0.0,0.0,0.0,0.0,0.0,0.0,0.146362950318061,0.0,0.0,0.2312252116714868,0.0,0.0,0.0,0.0,0.0,0.0,0.0,0.0,0.0,0.0,0.0,0.0,0.0,0.0,0.0,0.0,0.0,0.0,0.0,0.0,0.0,0.0,0.0,0.0,0.0,0.0,0.037927370069302975,0.0,0.0,0.0,0.0,0.0,0.0,0.0,0.0,0.0,0.0,0.0,0.0,0.0,0.0,0.0,0.0,0.0,0.0,0.0,0.16268046323764962,0.0,0.22916468993149217,0.0,0.0,0.0,0.0,0.0,0.0,0.0,0.0,0.0,0.8541967570743935,0.0,0.0,0.0,0.0,0.0,0.0,0.0,0.0,0.0,0.0,0.0,0.0,0.08039666252410937,0.0,0.0,0.0,0.0,0.0,0.0,0.0,0.0,0.0
0.0,0.0,0.0,0.0,0.0,0.0,0.0,0.0,0.0,0.0,0.5924686120124724,0.0,0.0,0.0,0.0,0.0,0.0,0.0,0.0,0.0,0.0,0.0,0.0,0.0,0.0,0.0,0.0,0.0,0.0,0.0,0.0,0.0,0.0,0.0,0.0,0.0,0.0,0.0,0.0,0.0,0.0,0.0,0.0,0.0,0.0,0.0,0.0,0.0,0.0,0.0,0.0,0.0,0.0,0.0,0.0,0.0,0.0,0.0,0.0,0.0,0.0,0.0,0.0,0.0,0.0,0.0,0.0,0.0,0.0,0.0,0.0,0.0,0.0,0.0,0.0,0.0,0.0,0.0,0.0,0.0,0.0,0.0,0.0,0.0,0.0,0.0,0.0,0.0,0.0,0.0,0.26014114869359806,0.0,0.0,0.0,0.0,0.0,0.0,0.0,0.0,0.0
0.0,0.0,0.0,0.06504742923922029,0.0,0.0,0.0,0.0,0.04080600715737146,0.16076389647964184,0.12252593856134465,0.04451274228818696,0.23800147173537828,0.0,0.0,0.16464628224407013,0.0,0.0,0.19929683242446272,0.0,0.2653327781376424,0.07748543981856112,0.0,0.0,0.0,0.0,0.11563845561760837,0.0,0.03180613707503294,0.004538782502098779,0.0,0.0,0.07171321134840783,0.0,0.0,0.48979738548886215,0.0,0.0,0.12886266099576535,0.0,0.0,0.21157305504511575,0.0,0.35304872779025576,0.0682953510763942,0.17046574198574635,0.0,0.04765892384455198,0.0,0.0,0.0,0.0,0.0,0.07530588724411857,0.19117816145181704,0.0,0.0,0.16069696084930107,0.10119251378439614,0.11735920250720344,0.3051889705571911,0.18846588181536475,0.0,0.08480859692013568,0.15918714491272493,0.14021698060621068,0.03890316497770748,0.061970851667992606,0.0,0.0,0.0,0.063005333251405,0.19141239078705238,0.0,0.0,0.07539708978763296,0.0,0.07191640381998264,0.009693145230909654,0.0,0.06868105840480365,0.1834142646995878,0.0,0.0,0.0,0.11490422973014311,0.0,0.0,0.02542694147264535,0.0,0.04731099772352742,0.0,0.16579911368939435,0.0,0.0,0.1167333716822339,0.07723743250449301,0.20891535233417954,0.084014894412935,0.14297728383298394
0.0,0.0,0.0,0.0,0.0,0.0,0.0,0.0,0.0,0.0,0.0,0.0,0.0,0.0,0.0,0.09199889345743391,0.0,0.0,0.14534049475642963,0.0,0.0,0.0,0.0,0.0,0.0,0.0,0.0,0.0,0.0,0.0,0.0,0.0,0.0,0.0,0.0,0.0,0.0,0.0,0.0,0.0,0.0,0.0,0.0,0.0,0.0,0.04440121055856433,0.0,0.0,0.0,0.0,0.0,0.0,0.0,0.0,0.0,0.0,0.0,0.0,0.0,0.0,0.0,0.0,0.0,0.0,0.0,0.10225554057555564,0.0,0.2682809177552682,0.0,0.0,0.0,0.0,0.0,0.0,0.0,0.0,0.0,0.0,0.0,0.0,0.0,0.0,0.0,0.0,0.0,0.0,0.0,0.0,0.0,0.0,0.09411960635330238,0.0,0.0,0.0,0.0,0.0,0.0,0.0,0.0,0.0
0.0,0.0,0.0,0.0,0.0,0.0,0.0,0.0,0.0,0.0,0.01057493609758311,0.0,0.0,0.0,0.0,0.07692604387807228,0.0,0.0,0.12152830166448496,0.0,0.0,0.0,0.0,0.0,0.0,0.0,0.0,0.0,0.0,0.0,0.0,0.0,0.0181745633816315,0.0,0.0,0.0,0.0,0.0,0.0,0.0,0.0,0.0,0.0,0.0,0.0,0.0,0.0,0.0,0.0,0.0,0.0,0.0,0.0,0.006557657271900011,0.0,0.0,0.0,0.0,0.1392371076871626,0.0,0.0,0.0,0.0,0.0,0.0,0.0855022697064361,0.0,0.0,0.0,0.0,0.0,0.0,0.0,0.0,0.0,0.0,0.0,0.0,0.0,0.0,0.0,0.10964024699011199,0.0,0.0,0.0,0.158103915105165,0.0,0.0,0.02068548662389746,0.0,0.003274767890501098,0.0,0.0,0.0,0.0,0.0,0.0,0.0,0.0,0.0
0.0,0.0,0.0,0.0,0.0,0.0,0.0,0.0,0.0,0.09026670596215541,0.19689140142247294,0.011561025193579827,0.0,0.0,0.0,0.19408994308710725,0.0,0.0,0.3066246483560071,0.0,0.0,0.0,0.0,0.0,0.0,0.0,0.6285835826810986,0.0,0.7373262538228754,0.0,0.0,0.0,0.0693378280313623,0.0,0.0,0.0,0.0,0.0,0.0,0.0,0.0,0.0,0.0,0.32949330462024673,0.0,0.39826426832366396,0.0,0.0,0.0,0.0,0.0,0.0,0.0,0.02501813675849628,0.0,0.0,0.0,0.0,0.35130523999711544,0.0,0.0,0.10582098786017034,0.0,0.0,0.08428426490311491,0.2157283778617804,0.0,0.07636451538694196,0.0,0.0,0.0,0.0,0.0,0.0,0.0,0.33232376775822864,0.0,0.28464385773647666,0.0,0.0,0.0,0.2766302311359741,0.0,0.0,0.0,0.3989075524701128,0.0,0.0,0.07891725837675083,0.0,0.20314539499242185,0.0,0.0,0.0,0.0,0.0,0.4198446077601453,0.11061368622519985,0.26075590479546734,0.0
0.0,0.0,0.0,0.0,0.0,0.0,0.0,0.0,0.0,0.0,0.0,0.0,0.0,0.0,0.0,0.0,0.0,0.0,0.0,0.0,0.0,0.0,0.0,0.0,0.0,0.0,0.0,0.0,0.0,0.0,0.0,0.0,0.0,0.0,0.0,0.0,0.0,0.0,0.0,0.0,0.0,0.0,0.0,0.0,0.0,0.0,0.0,0.0,0.0,0.0,0.0,0.0,0.0,0.0,0.0,0.0,0.0,0.0,0.0,0.0,0.0,0.0,0.0,0.0,0.0,0.0,0.0,0.0,0.0,0.0,0.0,0.0,0.0,0.0,0.0,0.0,0.0,0.0,0.0,0.0,0.0,0.0,0.0,0.0,0.0,0.0,0.0,0.0,0.0,0.0,0.0,0.0,0.0,0.0,0.0,0.0,0.0,0.0,0.0,0.0
0.0,0.0,0.0,0.0,0.0,0.0,0.0,0.0,0.0,0.0,0.0,0.0,0.0,0.0,0.0,0.0,0.0,0.0,0.0,0.0,0.0,0.0,0.0,0.0,0.0,0.0,0.0,0.0,0.0,0.0,0.0,0.0,0.0,0.0,0.0,0.0,0.0,0.0,0.0,0.0,0.0,0.0,0.0,0.0,0.0,0.0,0.0,0.0,0.0,0.0,0.0,0.0,0.0,0.0,0.0,0.0,0.0,0.0,0.0,0.0,0.0,0.0,0.0,0.0,0.0,0.0,0.0,0.0,0.0,0.0,0.0,0.0,0.0,0.0,0.0,0.0,0.0,0.0,0.0,0.0,0.0,0.0,0.0,0.0,0.0,0.0,0.0,0.0,0.0,0.0,0.0,0.0,0.0,0.0,0.0,0.0,0.0,0.0,0.0,0.0
0.0,0.0,0.0,0.32157622856843504,0.0,0.0,0.0,0.0,0.05924804878452025,0.17523361779171373,0.13669330314048928,0.16752942943905386,0.0,0.0,0.0,0.22598406856564474,0.7462955997498514,0.4416096947372256,0.35701121065764,0.4078857680725749,0.26546970913602075,0.3763412939137612,0.0,0.0,0.199442669603956,0.0,0.41951218829934095,0.0,0.5051895093771259,0.05635266084205756,0.0,0.0,0.1815573374805976,0.0,0.0,0.13328850410702245,0.0,0.0,0.46748684609878144,0.0,0.0,0.0,0.0,0.0960751081941425,0.0,0.2657987248302979,0.0,0.20002108180276187,0.07499207075962096,0.0,0.0,0.0,0.0,0.06038355991509699,0.0,0.0,0.18752466702416495,0.0,0.40903400856451677,0.0,0.0,0.07062417060889133,0.0,0.039822626672652864,0.1151614263434559,0.2511782720879693,0.1508447821922462,0.22481731924872553,0.0,0.6713567645131892,0.0,0.24429955189260635,0.0376082938002794,0.0,0.0,0.22179050627045374,0.0,0.3492928804509871,0.03758461251037627,0.0,0.33357903688686047,0.18462103817382214,0.0,0.0,0.0,0.26622804806973727,0.0,0.0,0.06076733173667156,0.0,0.21537306051116673,0.0,0.0,0.0,0.21277820395350253,0.0,0.280201289056723,0.15113651276954684,0.1786605955339492,0.6944305423570798
0.0,0.0,0.0,0.0,0.0,0.0,0.0,0.0,0.0,0.0,0.14331952668210424,0.0,0.0,0.0,0.0,0.0,0.0,0.0,0.0,0.0,0.0,0.0,0.0,0.0,0.0,0.0,0.0,0.0,0.0,0.0,0.0,0.0,0.0,0.0,0.0,0.0,0.0,0.0,0.0,0.0,0.0,0.0,0.0,0.0,0.0,0.0,0.0,0.0,0.0,0.0,0.0,0.0,0.0,0.0,0.0,0.0,0.0,0.0,0.0,0.0,0.0,0.0,0.0,0.0,0.0,0.0,0.0,0.0,0.0,0.0,0.0,0.0,0.0,0.0,0.0,0.0,0.0,0.0,0.0,0.0,0.0,0.0,0.0,0.0,0.0,0.0,0.0,0.0,0.0,0.0,0.0,0.0,0.0,0.0,0.0,0.0,0.0,0.0,0.0,0.0
0.0,0.0,0.0,0.634267490066917,0.0,0.0,0.0,0.8418261481582232,0.5763609272122268,0.3472940653996888,0.4027206483918421,0.33043011666528815,0.0,0.0,0.0,0.1980806308419128,0.0,0.87522262073881,0.3129291647572856,0.5623148178123548,0.5236046422090105,0.026572441152677047,0.0,0.3607338403283895,0.8404041478725347,0.0,0.6415079040878572,0.0,0.19660181077764222,0.23745675892406903,0.0,0.0,0.6921339175715756,0.0,0.0,0.1837526748177343,0.0,0.0,0.0,0.0,0.0,0.0,0.0,0.2676462158009922,0.0,0.40645298904507987,0.0,0.2757507787144404,0.14862616805530252,0.0,0.0,0.0,0.0,0.24973238269256554,0.0,0.0,0.3716535947511827,0.4684796804623531,0.3585284350640866,0.0,0.0,0.10799677560959269,0.0,0.0789241361693423,0.17201623847585115,0.2201639739684303,0.2963173350828729,0.28123217297422537,0.0,0.0,0.0,0.47989854953350963,0.23209875181391348,0.0,0.7722551563375367,0.3391566843407659,0.0,0.6596578501775026,0.07383067585992757,0.0,0.355040905651011,0.28231803163941344,0.0,0.0,0.0,0.40710949977156297,0.0,0.0,0.7877563049653493,0.0,0.575993883620052,0.0,0.0,0.0,0.42170337182270046,0.3403126753359747,0.42847704233382955,0.0,0.2820515844055709,0.049031862885696394
0.0,0.0,0.0,0.0,0.0,0.0,0.0,0.0,0.0,0.0,0.06688598502161724,0.0,0.0,0.0,0.0,0.48655369366978585,0.0,0.0,0.7686609252126915,0.0,0.0,0.0,0.0,0.0,0.0,0.0,0.0,0.0,0.0,0.0,0.0,0.0,0.11495327847854013,0.0,0.0,0.0,0.0,0.0,0.0,0.0,0.0,0.0,0.0,0.0,0.0,0.0,0.0,0.0,0.0,0.0,0.0,0.0,0.0,0.04147688099651482,0.0,0.0,0.0,0.0,0.8806683097919942,0.0,0.0,0.0,0.0,0.0,0.0,0.5407979280561337,0.0,0.0,0.0,0.0,0.0,0.0,0.0,0.0,0.0,0.0,0.0,0.0,0.0,0.0,0.0,0.6934695255154388,0.0,0.0,0.0,0.0,0.0,0.0,0.13083475263808758,0.0,0.020712756469837203,0.0,0.0,0.0,0.0,0.0,0.0,0.0,0.0,0.0
0.0,0.0,0.0,0.11988672138513302,0.0,0.0,0.0,0.0,0.19773232516068834,0.3571186076072665,0.2721773578083305,0.062456588039423236,0.0,0.0,0.0,0.2290909964918704,0.7125066534880922,0.0,0.361919557106167,0.0,0.6629411745477903,0.20898954384158355,0.25981888586548335,0.0,0.0,0.0,0.32004650496165743,0.0,0.06402323517380439,0.3445762707678683,0.0,0.0,0.10082227423562327,0.0,0.0,0.0,0.0,0.0,0.0,0.0,0.0,0.0,0.0,0.0,0.0,0.2027782631299912,0.0,0.0,0.0,0.46368690718568106,0.0,0.0,0.0,0.008424194868229744,0.40419123260851775,0.0,0.0,0.7786839715154138,0.17886883675235055,0.0,0.0,0.09109311126698708,0.0,0.17930338415555871,0.24961476874397406,0.2546315809559992,0.22607616556001103,0.6680595872247594,0.0,0.0,0.8135367040041657,0.3661399826844548,0.0,0.0,0.0,0.1692043243208121,0.0,0.5094414547754638,0.1126299324328388,0.0,0.2516154161051373,0.14084767894219805,0.0,0.027066433840995125,0.0,0.20310579450122115,0.0,0.0,0.026573296382929518,0.0,0.2343718886018658,0.0,0.0,0.0,0.0,0.5656510551879685,0.21376600191736592,0.0,0.05331227005233787,0.38563060876898053
0.0,0.0,0.0,0.6728860546164602,0.0,0.0,0.5846442416265248,0.42387546917927343,0.2902086837919959,0.183436090932886,0.20277750240800216,0.3505489734400619,0.0,0.0,0.0,0.3197650240417915,0.3659832685707093,0.4406912280090506,0.358901296879035,0.6773263059038099,0.5554852919195227,0.6827656423348151,0.2662909948907051,0.1816363463555638,0.7459435803054936,0.4714819480782483,0.32301142512901,0.0,0.10729451505506421,0.46273276152496495,0.0,0.639359712422101,0.348502585346635,0.0,0.0,0.22133601408272446,0.0,0.0,0.06357051023978623,0.41134719577525386,0.7242650447415871,0.0,0.0,0.4724039648119871,0.23038687650029513,0.22809512126758158,0.8561719509621918,0.3321506927798537,0.07483610108166666,0.47523738476885163,0.0,0.0,0.0,0.3462094461938668,0.20761522396107904,0.0,0.18713465029802337,0.23588842517114708,0.18052588287901103,0.3958983981787555,0.0,0.1223292794902593,0.0,0.09210024675248542,0.49411581137418653,0.25250805831600603,0.2317077407499147,0.19200687987241266,0.0,0.0,0.41787795324589516,0.37526055865233676,0.5663643782114411,0.4234145815509687,0.3888451522144477,0.17077183812210214,0.0,0.533917363502604,0.06079311058622302,0.0,0.2990054895827853,0.19887719389790498,0.0,0.027740660851704298,0.5035190105541899,0.2049873725121886,0.0,0.0,0.3966502752339774,0.0,0.2900238703656338,0.0,0.1482396821771579,0.0,0.21233566452753178,0.2955481215669219,0.21574633640111557,0.530866975699245,0.2992248235976321,0.3952366977763349
0.0,0.0,0.0,0.0,0.0,0.0,0.0,0.0,0.0,0.0,0.5112249128993723,0.0,0.0,0.0,0.0,0.07905317574514757,0.0,0.0,0.0,0.0,0.0,0.0,0.0,0.0,0.0,0.0,0.0,0.0,0.0,0.0,0.0,0.0,0.8786142531756952,0.0,0.0,0.0,0.0,0.0,0.0,0.0,0.0,0.0,0.0,0.0,0.0,0.0,0.0,0.0,0.0,0.0,0.0,0.0,0.0,0.3170173074064452,0.0,0.0,0.0,0.0,0.0,0.0,0.0,0.0,0.0,0.0,0.0,0.0,0.0,0.0,0.0,0.0,0.0,0.0,0.0,0.0,0.0,0.0,0.0,0.0,0.0,0.0,0.0,0.0,0.0,0.0,0.0,0.0,0.0,0.0,0.0,0.0,0.15831234478756884,0.0,0.0,0.0,0.0,0.0,0.0,0.0,0.0,0.0
0.0,0.0,0.0,0.6872677522144438,0.0,0.0,0.0,0.0,0.27354246014582045,0.445108630893784,0.339238808938189,0.3580413108049255,0.0,0.0,0.0,0.45585783174078526,0.0,0.0,0.3418870557159115,0.7553652047640914,0.5700441822624004,0.035695124539776364,0.0,0.0,0.0,0.0,0.19501131020475893,0.0,0.010935079865529709,0.38625058255098077,0.0,0.0,0.12708100078132542,0.0,0.0,0.2468374875477054,0.0,0.0,0.0,0.0,0.0,0.5857844635973486,0.0,0.17792185816321013,0.0,0.13283487127354557,0.0,0.37041980191423385,0.0,0.0,0.0,0.0,0.0,0.029355635145362494,0.0,0.0,0.8246473158121368,0.0,0.3663999712145267,0.0,0.0,0.5218073986882356,0.0,0.0,0.2798040898923064,0.24053754431346513,0.0,0.18332374635263915,0.0,0.0,0.0,0.0,0.0,0.0,0.0,0.20781528097274837,0.0,0.683327565324162,0.0677974560059828,0.0,0.03163922072357988,0.3084457735594127,0.0,0.0,0.0,0.41604763920830423,0.0,0.0,0.09249534910301142,0.0,0.13099043929682896,0.0,0.0,0.0,0.0,0.7825204153870858,0.2625455462157733,0.0,0.30562020197896,0.06586517369879837
0.0,0.0,0.0,0.0,0.0,0.0,0.0,0.0,0.0,0.0,0.0,0.0,0.0,0.0,0.0,0.0,0.0,0.0,0.0,0.0,0.0,0.0,0.0,0.0,0.0,0.0,0.0,0.0,0.0,0.0,0.0,0.0,0.0,0.0,0.0,0.0,0.0,0.0,0.0,0.0,0.0,0.0,0.0,0.0,0.0,0.0,0.0,0.0,0.0,0.0,0.0,0.0,0.0,0.0,0.0,0.0,0.0,0.0,0.0,0.0,0.0,0.0,0.0,0.0,0.0,0.0,0.0,0.0,0.0,0.0,0.0,0.0,0.0,0.0,0.0,0.0,0.0,0.0,0.0,0.0,0.0,0.0,0.0,0.0,0.0,0.0,0.0,0.0,0.0,0.0,0.0,0.0,0.0,0.0,0.0,0.0,0.0,0.0,0.0,0.0
0.0,0.0,0.0,0.22986531443137456,0.0,0.10609043515086779,0.0,0.11631339988886173,0.14420071285864924,0.5681092096292165,0.4329834971621144,0.1572996138655623,0.8410521949205076,0.0,0.0,0.581828826759698,0.0,0.12092772230999553,0.5150140182030079,0.07769389013484039,0.3005046360968758,0.2738188917850061,0.0,0.049841858102600334,0.11611692501310118,0.0,0.40864443486527435,0.12145155047076213,0.11239687386740888,0.03280891549576474,0.0,0.0,0.13209772551764024,0.0,0.5889894682536744,0.025388731858096213,0.0,0.0,0.4553762759681091,0.09480698716642864,0.0,0.7476591679633765,0.0,0.03698013110582338,0.24134285602037184,0.25891302499817814,0.06029936818695627,0.6970050774616798,0.04380869182185548,0.0,0.0,0.0,0.1790231233266757,0.2661167651413621,0.6755874706888074,0.0,0.2642433958587227,0.5678726717691519,0.3575952081612233,0.41472522897904224,0.0,0.6660027873469636,0.0,0.2996975441694545,0.5625372677562087,0.36234249046415806,0.1374764284240845,0.21899327107694844,0.0,0.0,0.0,0.22264893337176492,0.540755094083062,0.09172829972668925,0.5832561937125609,0.26643905768369724,0.0,0.49821554921282374,0.12757193549306048,0.0,0.24270587278153025,0.3936811656032018,0.0,0.0,0.13816795800811874,0.4060498194214392,0.0,0.0,0.10884268006508316,0.0,0.16718811942261216,0.0,0.5859027150864953,0.0,0.12430027160186154,0.41251366118850863,0.2729424808353913,0.7382673491557837,0.23734870008069658,0.5052546839928995
0.0,0.0,0.0,0.3923267609323847,0.0,0.0,0.0,0.0,0.0,0.07079796668361223,0.15442582876616925,0.20438786382087074,0.0,0.0,0.0,0.15222858946538095,0.0,0.0,0.24049178938449595,0.0,0.32387615084189236,0.0,0.0,0.0,0.0,0.0,0.49301056319901393,0.0,0.0,0.02737519158637765,0.0,0.0,0.07254418274673625,0.0,0.0,0.0,0.0,0.0,0.0,0.0,0.0,0.0,0.0,0.0,0.0,0.3123665597354726,0.0,0.0,0.0,0.0,0.0,0.0,0.0,0.016738819837908647,0.0,0.0,0.0,0.0,0.27553566303307564,0.0,0.0,0.08299749828128523,0.0,0.0,0.047244840872488925,0.16920004275963435,0.23464036756305048,0.03849423127468471,0.0,0.0,0.0,0.38001007272836385,0.0,0.0,0.0,0.26064811811991545,0.0,0.0,0.05846319087729656,0.0,0.0,0.21696657343246417,0.0,0.0,0.0,0.3128711002422179,0.0,0.0,0.052800965268586894,0.0,0.15933095988494964,0.0,0.0,0.0,0.0,0.0,0.3292924477044609,0.0,0.1744632765491578,0.0
0.0,0.0,0.0,0.19812537363093635,0.0,0.0,0.0,0.0,0.0,0.45541339440147993,0.3470925674503996,0.10321605844297206,0.0,0.0,0.0,0.46641145129156136,0.0,0.0,0.3498021241081387,0.0,0.1809426291805335,0.29672770112464253,0.0,0.0,0.0,0.0,0.0,0.0,0.0,0.0,0.0,0.0,0.256262388566287,0.0,0.5860751434106322,0.0,0.0,0.0,0.0,0.0,0.0,0.5993460302462182,0.0,0.0,0.0,0.03829360306443816,0.0,0.2680667500384307,0.37862965172233876,0.0,0.0,0.0,0.0,0.30487231555044086,0.0,0.0,0.0,0.0,0.3239153310563856,0.0,0.0,0.5338878246041541,0.0,0.0,0.08724081101212972,0.2461062579640968,0.0,0.062251563174979825,0.0,0.0,0.0,0.0,0.0,0.0,0.0,0.024758927804599838,0.0,0.2320387290152596,0.04906390964650783,0.0,0.1299468017226912,0.31558663880189447,0.0,0.0,0.0,0.19586893339747496,0.0,0.0,0.2916665506393084,0.0,0.13402301472906122,0.0,0.0,0.0,0.0,0.0,0.03127944294446748,0.0,0.08810411446069173,0.0
0.0,0.0,0.0,0.0,0.0,0.0,0.0,0.0,0.0,0.8235506012166864,0.6424215478873027,0.0,0.0,0.0,0.0,0.40040814268744884,0.0,0.0,0.632567581800566,0.0,0.0,0.0,0.0,0.0,0.0,0.0,0.0,0.0,0.4662087711745896,0.0,0.0,0.0,0.23853848412828474,0.0,0.0,0.0,0.0,0.0,0.0,0.0,0.0,0.0,0.0,0.0,0.0,0.00799129880168885,0.0,0.6166095054310053,0.352442446482952,0.0,0.0,0.0,0.0,0.2837863972584915,0.0,0.0,0.0,0.0,0.03517935819647933,0.0,0.0,0.0,0.0,0.18715557295217666,0.0,0.44504829941572355,0.0,0.04828501181844761,0.0,0.0,0.0,0.0,0.17674880745068122,0.0,0.0,0.04633301234239907,0.0,0.1799793001397672,0.1128572381964848,0.0,0.5328847758821122,0.2749366331769088,0.0,0.0,0.0,0.03994620654033568,0.0,0.0,0.27149398415300297,0.0,0.042980849226980956,0.0,0.0,0.0,0.0,0.0,0.058535281796012445,0.0,0.16487503234954187,0.0
0.0,0.0,0.0,0.0,0.0,0.0,0.0,0.0,0.34956590878272287,0.0,0.10926559225034123,0.0,0.0,0.0,0.0,0.01822453613342208,0.0,0.0,0.02879124953349058,0.0,0.7284719619492857,0.0,0.0,0.0,0.0,0.0,0.0,0.0,0.0,0.0,0.0,0.0,0.0,0.0,0.0,0.0,0.0,0.0,0.0,0.0,0.0,0.0,0.0,0.0,0.0,0.008795665206197666,0.0,0.0,0.0,0.0,0.0,0.0,0.0,0.0,0.0,0.0,0.0,0.0,0.0,0.0,0.0,0.0,0.0,0.0,0.0,0.020256328353819318,0.0,0.05314515311861553,0.0,0.0,0.0,0.0,0.0,0.0,0.0,0.0,0.0,0.19809516667561022,0.0,0.0,0.0,0.0,0.0,0.0,0.0,0.0,0.0,0.0,0.0,0.0,0.01864463910800026,0.0,0.0,0.0,0.0,0.0,0.0,0.0,0.0,0.0
0.0,0.0,0.0,0.0,0.0,0.0,0.0,0.0,0.0,0.0,0.4689625584877246,0.0,0.0,0.0,0.0,0.040087290323309537,0.0,0.0,0.06333018137582448,0.0,0.0,0.0,0.0,0.0,0.0,0.0,0.0,0.0,0.0,0.0,0.0,0.0,0.0,0.0,0.0,0.0,0.0,0.0,0.0,0.0,0.0,0.0,0.0,0.0,0.0,0.019347235075072956,0.0,0.0,0.0,0.0,0.0,0.0,0.0,0.0,0.0,0.0,0.0,0.0,0.0,0.0,0.0,0.0,0.0,0.0,0.0,0.044556487455100234,0.0,0.11689983035758288,0.0,0.0,0.0,0.0,0.0,0.0,0.0,0.791539921236962,0.0,0.0,0.0,0.0,0.0,0.0,0.0,0.0,0.0,0.0,0.0,0.0,0.0,0.0,0.483858530603012,0.0,0.0,0.0,0.0,0.0,0.0,0.0,0.0,0.0
0.0,0.0,0.0,0.0,0.0,0.0,0.0,0.0,0.0,0.0,0.0,0.10451713154231733,0.0,0.0,0.0,0.6023449162958476,0.0,0.0,0.0,0.0,0.0,0.0,0.0,0.0,0.0,0.0,0.0,0.0,0.0,0.0,0.0,0.0,0.0,0.0,0.0,0.0,0.0,0.0,0.0,0.0,0.0,0.0,0.0,0.0,0.0,0.038776306798486225,0.0,0.0,0.0,0.0,0.0,0.0,0.0,0.0,0.0,0.0,0.0,0.0,0.0,0.0,0.0,0.0,0.0,0.0,0.7619695878457524,0.0,0.0,0.0,0.0,0.0,0.0,0.0,0.0,0.0,0.0,0.0,0.0,0.0,0.0,0.0,0.0,0.0,0.0,0.0,0.0,0.0,0.0,0.0,0.0,0.0,0.0,0.0,0.0,0.0,0.0,0.0,0.0,0.0,0.0,0.0
0.0,0.0,0.0,0.0,0.0,0.0,0.0,0.0,0.0,0.0,0.16649492116344808,0.0,0.0,0.0,0.0,0.023925287140385203,0.0,0.0,0.02248399870010255,0.0,0.0,0.0,0.0,0.0,0.0,0.0,0.0,0.0,0.0,0.0,0.0,0.0,0.26591086436086564,0.0,0.0,0.0,0.0,0.0,0.0,0.0,0.0,0.0,0.0,0.0,0.0,0.006868813555057588,0.0,0.0,0.0,0.0,0.0,0.0,0.0,0.09594466049817778,0.0,0.0,0.0,0.0,0.0,0.0,0.0,0.0,0.0,0.0,0.0,0.015818808414214288,0.0,0.04150273339980441,0.0,0.0,0.0,0.0,0.0,0.0,0.0,0.2810189734742321,0.0,0.0,0.0,0.0,0.0,0.0,0.0,0.0,0.0,0.0,0.0,0.0,0.3026480203340064,0.0,0.17178341095458483,0.0,0.0,0.0,0.0,0.0,0.35502817474458614,0.0,0.0,0.0
0.0,0.0,0.0,0.0,0.0,0.0,0.0,0.0,0.0,0.0,0.03459068080021468,0.021855689221061073,0.0,0.0,0.0,0.22737943572094046,0.0,0.0,0.3592156214401609,0.0,0.2306155175543395,0.5419423123821138,0.0,0.0,0.0,0.0,0.0,0.0,0.16602218215556314,0.0,0.0,0.0,0.26144779989708444,0.0,0.0,0.0,0.0,0.0,0.0,0.0,0.0,0.0,0.0,0.0,0.0,0.022333445586753722,0.0,0.0,0.0,0.0,0.0,0.0,0.0,0.019383245711937315,0.0,0.0,0.0,0.0,0.4115596406790837,0.0,0.0,0.0,0.0,0.0,0.1593362759014686,0.2527292040329514,0.0,0.13494310635402113,0.0,0.0,0.0,0.0,0.0,0.0,0.0,0.016499706334450442,0.0,0.5029918172455308,0.0,0.0,0.4803634295153631,0.15785792321436617,0.0,0.0,0.0,0.0,0.0,0.0,0.06114254729659356,0.0,0.31014341589892336,0.0,0.0,0.0,0.0,0.0,0.020845071602536333,0.0,0.05871385170355188,0.0
