0.0,0.3204822417696827,0.0,0.1983814488611322,0.32494660122838714,0.019179912317776823,0.5640668921331308,0.0,0.0,0.27645675641535744,0.0,0.0,0.0,0.0,0.0,0.04494227630302629,0.0,0.4123196426543258,0.0,0.18094576557509182,0.3633519738824732,0.12664344120603724,0.0,0.0,0.0,0.0,0.0,0.0,0.0,0.0,0.0,0.0,0.0,0.0,0.0,0.44769722860108174,0.16509379977178482,0.0,0.7712658773390786,0.17639182048531313,0.0,0.8548134407135838,0.0,0.0,0.0,0.0,0.0,0.0,0.0,0.0,0.0,0.0,0.25860328400577476,0.0,0.0,0.0,0.0,0.0,0.0,0.0,0.6935273856353366,0.0,0.0,0.28183083629772643,0.0,0.0,0.0,0.0,0.6942173458927288,0.0,0.8088586117991643,0.0,0.7238974783427305,0.11755379198847785,0.08237228932391205,0.0,0.0,0.0,0.09745954426278788,0.5448784589097857,0.0,0.11884746018515349,0.07402349405342908,0.0,0.029136370170333267,0.0,0.0,0.0,0.2154840742926976,0.0,0.021714072283496765,0.0,0.0,0.0,0.0,0.0,0.6966849670390255,0.0,0.0,0.0
0.0,0.0,0.0,0.0,0.0,0.0,0.11027144930160661,0.0,0.0,0.0,0.0,0.0,0.0,0.0,0.0,0.14023328111678787,0.0,0.0,0.0,0.5646046550845398,0.0,0.0,0.0,0.0,0.0,0.0,0.0,0.0,0.0,0.0,0.0,0.0,0.0,0.0,0.0,0.0,0.5151418027412291,0.0,0.0,0.0,0.0,0.0,0.0,0.0,0.0,0.0,0.0,0.0,0.0,0.0,0.0,0.0,0.8069192307747967,0.0,0.0,0.0,0.0,0.0,0.0,0.0,0.0,0.0,0.0,0.8793961086313997,0.0,0.0,0.0,0.0,0.18571365731772652,0.0,0.15812665598201414,0.0,0.0,0.0,0.25702606443669845,0.0,0.0,0.0,0.3041027912330569,0.0,0.0,0.356549568994375,0.0,0.0,0.0909141486574859,0.0,0.0,0.0,0.6723744601348522,0.0,0.0,0.0,0.0,0.0,0.0,0.0,0.0,0.0,0.0,0.0
0.0,0.0,0.0,0.0,0.11908122977130459,0.0,0.0,0.0,0.0,0.0,0.0,0.0,0.0,0.0,0.0,0.0,0.0,0.0,0.0,0.0,0.0,0.0,0.0,0.0,0.0,0.0,0.0,0.0,0.0,0.0,0.0,0.0,0.0,0.0,0.0,0.0,0.0,0.0,0.0,0.0,0.368082021421676,0.0,0.0,0.0,0.0,0.0,0.0,0.0,0.0,0.0,0.0,0.0,0.0,0.0,0.0,0.0,0.0,0.0,0.0,0.0,0.0,0.0,0.0,0.0,0.0,0.0,0.0,0.0,0.0,0.0,0.0,0.0,0.0,0.0,0.0,0.0,0.0,0.0,0.0,0.0,0.0,0.0,0.0,0.0,0.0,0.0,0.0,0.0,0.0,0.0,0.0,0.0,0.0,0.31990818877037497,0.0,0.0,0.0,0.0,0.0,0.0
0.0,0.0,0.0,0.0,0.0,0.0,0.0,0.0,0.0,0.0,0.0,0.0,0.0,0.0,0.0,0.0,0.0,0.0,0.0,0.0,0.0,0.0,0.0,0.0,0.0,0.0,0.0,0.0,0.0,0.0,0.0,0.0,0.0,0.0,0.0,0.0,0.0,0.0,0.0,0.0,0.0,0.0,0.0,0.0,0.0,0.0,0.0,0.0,0.0,0.0,0.0,0.0,0.0,0.0,0.0,0.0,0.0,0.0,0.0,0.0,0.0,0.0,0.0,0.0,0.0,0.0,0.0,0.0,0.0,0.0,0.0,0.0,0.0,0.0,0.0,0.0,0.0,0.0,0.0,0.0,0.0,0.5990855539539243,0.0,0.0,0.0,0.0,0.0,0.0,0.0,0.0,0.0,0.0,0.0,0.0,0.0,0.0,0.17323454957678985,0.0,0.0,0.0
0.0,0.0,0.0,0.0,0.0,0.0,0.0,0.0,0.0,0.0,0.0,0.0,0.0,0.0,0.0,0.0,0.0,0.0,0.0,0.0,0.0,0.0,0.0,0.0,0.0,0.0,0.0,0.0,0.0,0.0,0.0,0.0,0.0,0.0,0.0,0.0,0.0,0.0,0.0,0.0,0.0,0.0,0.0,0.0,0.0,0.0,0.0,0.0,0.0,0.0,0.0,0.0,0.0,0.0,0.0,0.0,0.0,0.0,0.0,0.0,0.0,0.0,0.0,0.0,0.0,0.0,0.0,0.0,0.0,0.0,0.0,0.0,0.0,0.0,0.0,0.0,0.0,0.0,0.0,0.0,0.0,0.0,0.0,0.0,0.0,0.0,0.0,0.0,0.0,0.0,0.0,0.0,0.0,0.0,0.0,0.0,0.0,0.0,0.0,0.0
0.0,0.0,0.0,0.0,0.0,0.0,0.0,0.0,0.0,0.0,0.0,0.0,0.0,0.0,0.0,0.0,0.0,0.0,0.0,0.0,0.0,0.0,0.0,0.0,0.0,0.0,0.0,0.0,0.0,0.0,0.0,0.0,0.0,0.0,0.0,0.0,0.0,0.0,0.0,0.0,0.0,0.0,0.0,0.0,0.0,0.0,0.0,0.0,0.0,0.0,0.0,0.0,0.0,0.0,0.0,0.0,0.0,0.0,0.0,0.0,0.0,0.0,0.0,0.0,0.0,0.0,0.0,0.0,0.0,0.0,0.0,0.0,0.0,0.0,0.0,0.0,0.0,0.0,0.0,0.0,0.0,0.0,0.0,0.0,0.0,0.0,0.0,0.0,0.0,0.0,0.0,0.0,0.0,0.0,0.0,0.0,0.0,0.0,0.0,0.0
0.0,0.0,0.0,0.0,0.0,0.0,0.0,0.0,0.0,0.0,0.0,0.0,0.0,0.0,0.0,0.0,0.0,0.0,0.0,0.0,0.0,0.0,0.0,0.0,0.0,0.0,0.0,0.0,0.0,0.0,0.0,0.0,0.0,0.0,0.0,0.0,0.0,0.0,0.0,0.0,0.0,0.0,0.0,0.0,0.0,0.0,0.0,0.0,0.0,0.0,0.0,0.0,0.0,0.0,0.0,0.0,0.0,0.0,0.0,0.0,0.0,0.0,0.0,0.0,0.0,0.0,0.0,0.0,0.0,0.0,0.0,0.0,0.0,0.0,0.0,0.0,0.0,0.0,0.0,0.0,0.0,0.0,0.0,0.0,0.0,0.0,0.0,0.0,0.0,0.0,0.0,0.0,0.0,0.0,0.0,0.0,0.0,0.0,0.0,0.0
0.3189329875148241,0.10221235881305304,0.0,0.13721853776029805,0.15998718969749462,0.4838617250198734,0.597896217286235,0.0,0.0,0.08817117924220796,0.0,0.0,0.0,0.0,0.10882589819259125,0.09803800713148886,0.7343470259476129,0.1315023354427888,0.0,0.39471881967556294,0.1628545983960578,0.17563046949320094,0.0,0.0,0.6845163822773249,0.0,0.0,0.0,0.0,0.0,0.0,0.0,0.5511639585011501,0.0,0.0,0.14278541461985014,0.38370433660506625,0.0,0.2459821304279942,0.26098747363575514,0.4945230100371158,0.2726282044146092,0.4690131695425872,0.0,0.0,0.0,0.0,0.0,0.0,0.0,0.0,0.0,0.38186619216846146,0.0,0.5658879933778024,0.2107311664639269,0.0,0.0,0.0,0.0,0.22118876102402338,0.0,0.0,0.3736976130678251,0.0,0.22088996821994428,0.0,0.0,0.40476144471373976,0.0,0.634203931703307,0.0,0.2308747854222947,0.03749178207258143,0.19144634549185505,0.0,0.0,0.0,0.21260025707294808,0.45626950903699615,0.0,0.36290673738883383,0.7458465614939233,0.0,0.09511947741479057,0.0,0.0,0.0,0.5008193759531305,0.0,0.5477923099033649,0.0,0.10969096709640119,0.42980083578983336,0.0,0.0,0.22219581789442314,0.0,0.0,0.0
0.0,0.22170469581214303,0.0,0.1372372413886746,0.22479307116274805,0.7721097780409895,0.12295171422773103,0.0,0.0,0.16282604061853875,0.08954001667863544,0.0,0.0,0.0,0.1266932753031339,0.07817459679986445,0.23979896406093368,0.28523640014270646,0.0,0.31474512263463356,0.1907042123296647,0.2999952928630386,0.0,0.0,0.0,0.0,0.0,0.0,0.0,0.0,0.3376400789631695,0.0,0.3734716926018952,0.0,0.0,0.26368234972519367,0.12529757617639847,0.0,0.5335498958742051,0.7950525220599036,0.0,0.13398034012077875,0.15315493658072063,0.30858704478800353,0.0,0.0,0.4809564174421107,0.0,0.0,0.0,0.0,0.0,0.19118721800277505,0.0,0.18478913891073356,0.0,0.0,0.0,0.0,0.0,0.20054819871952267,0.0,0.0,0.19496624676250676,0.0,0.2586641569583635,0.36147388440190487,0.0,0.6413173952023824,0.0,0.13700276231722028,0.0,0.11346104979347206,0.0,0.06251626778627888,0.0,0.0,0.0,0.16952547142185925,0.148993529943795,0.0,0.6892640190991817,0.046879943559893604,0.12530124033724818,0.10040846018109593,0.16119201962964427,0.0,0.0,0.16354116417946987,0.0,0.1788800441669438,0.4999969593214404,0.10150269378956359,0.0,0.0,0.0,0.10919586004988617,0.0,0.0,0.0
0.0,0.0,0.0,0.0,0.0,0.0,0.0,0.0,0.0,0.0,0.0,0.0,0.0,0.0,0.0,0.01615855380965951,0.0,0.2588157128202161,0.0,0.0,0.0,0.0,0.0,0.0,0.0,0.0,0.0,0.0,0.0,0.0,0.0,0.0,0.0,0.0,0.0,0.0,0.0,0.0,0.0,0.0,0.0,0.0,0.0,0.0,0.0,0.0,0.0,0.0,0.0,0.0,0.0,0.0,0.7862601942642209,0.0,0.0,0.0,0.0,0.0,0.0,0.0,0.0,0.0,0.0,0.0,0.0,0.0,0.0,0.0,0.0,0.0,0.0,0.0,0.0,0.0,0.05440664628291151,0.0,0.0,0.0,0.0,0.0,0.0,0.0,0.0,0.0,0.08858653190873214,0.0,0.0,0.0,0.0,0.0,0.0,0.0,0.0,0.0,0.0,0.0,0.0,0.0,0.0,0.0
0.0,0.0,0.0,0.0,0.0,0.0,0.0,0.0,0.0,0.0,0.0,0.0,0.0,0.0,0.0,0.0,0.0,0.0,0.0,0.0,0.0,0.0,0.0,0.0,0.0,0.0,0.0,0.0,0.0,0.0,0.0,0.0,0.0,0.0,0.0,0.0,0.0,0.0,0.0,0.0,0.0,0.0,0.0,0.0,0.0,0.0,0.0,0.0,0.0,0.0,0.0,0.0,0.0,0.0,0.0,0.0,0.0,0.0,0.0,0.0,0.0,0.0,0.0,0.0,0.0,0.0,0.0,0.0,0.0,0.0,0.0,0.0,0.0,0.0,0.0,0.0,0.0,0.0,0.0,0.0,0.0,0.0,0.0,0.0,0.0,0.0,0.0,0.0,0.0,0.0,0.0,0.0,0.0,0.0,0.0,0.0,0.0,0.0,0.0,0.0
0.0,0.1359982549856974,0.0,0.3602970351948407,0.19420378896898446,0.016422213622546686,0.3686112468502986,0.0,0.0,0.09335286198740177,0.0,0.0,0.0,0.0,0.1493943852365088,0.062085512347665545,0.0,0.1749699190434808,0.0,0.07678524784829897,0.0,0.13356729918948138,0.0,0.0,0.0,0.0,0.0,0.0,0.0,0.0,0.0,0.23597604320657153,0.20000649793790484,0.0,0.0,0.0,0.2683201643186247,0.0,0.32729056333644935,0.0,0.0,0.09900877804615253,0.0,0.0,0.0,0.0,0.0,0.0,0.14758177861638885,0.0,0.0,0.0,0.1097396072997736,0.0,0.0,0.0,0.0,0.0,0.0,0.0,0.049111494869401466,0.0,0.0,0.11959633621508314,0.0,0.0,0.0,0.0,0.08040773324516824,0.0,0.021504949280277613,0.0,0.18509276178678472,0.0,0.1338762947926935,0.0,0.0,0.0,0.04135744894397557,0.6814927668815061,0.0,0.21584874891765768,0.0,0.31813325059037356,0.11839981360816748,0.1900746714455356,0.0,0.0,0.35021740551243163,0.0,0.01859201062793687,0.0,0.11969011379853683,0.5217227139888254,0.0,0.0,0.08069354549698746,0.0,0.0,0.0
0.0,0.091523386066923,0.015800154617231416,0.05774673956524072,0.0756638820452992,0.0813282093063503,0.18612367003554234,0.0,0.0,0.0641229835476378,0.0,0.0,0.0,0.0,0.10261724710617778,0.013004023431679147,0.0,0.40700045449722816,0.0,0.05167452982248424,0.020696066072417193,0.17972500005017886,0.0,0.0,0.0,0.1377447849874872,0.0,0.0,0.0,0.0,0.0,0.0,0.0,0.0,0.0,0.011509237572171213,0.047147522091496204,0.0,0.06463385826203613,0.0,0.018918165506189404,0.06800796580379015,0.05960364424024861,0.18487225619679587,0.0,0.08488085546635857,0.0,0.0,0.0,0.021637827229574816,0.02836158920275857,0.0,0.07385198028302624,0.0,0.0,0.0,0.0,0.0,0.0,0.0,0.037796352021864266,0.0,0.0,0.08048530955602134,0.0,0.028071380372669683,0.21655637750933165,0.0,0.17033889236427716,0.0,0.2668969504637799,0.0,0.07020006105513178,0.49846105869488455,0.0437851871792584,0.0,0.0,0.0,0.02783251716605195,0.07669046798347692,0.0,0.05081870749467459,0.3138803826743703,0.0,0.07129235389764252,0.06562596316329793,0.0,0.0,0.061537987296461004,0.0,0.0920737585400047,0.0,0.08221373222552321,0.016442194157073372,0.0,0.10674318497736435,0.4242927829398891,0.0,0.0,0.0
0.4762842577526296,0.30727889819923293,0.0,0.278485425806008,0.2550400819343152,0.10304727254370877,0.33435054992169405,0.0,0.13346194475759926,0.22313286982072836,0.011950184759558561,0.7729328820466402,0.0,0.0,0.3445252189857582,0.1843982919009572,0.032004036094429866,0.19638135495844505,0.0,0.17349109633253534,0.6497735013288737,0.7007479446487254,0.0,0.0,0.0,0.0,0.13605446443147884,0.0,0.0,0.0,0.04506210156653398,0.18239364316961784,0.1545915988792002,0.0,0.0,0.3613439176666717,0.20739347791802265,0.0,0.36734179591837374,0.24395629782578046,0.7883330486443645,0.4071341851272407,0.10611822475869487,0.32914156052881527,0.24653066313070077,0.1222389738315172,0.06418937881547183,0.5328099518890886,0.11407080948353467,0.0,0.017871074204586328,0.0,0.6514192137310523,0.0,0.02466231784910866,0.7670137866832153,0.0,0.0,0.0,0.0,0.330316176098448,0.0,0.0,0.27021986734094944,0.09114524441744785,0.8813288017182032,0.04824300759136185,0.0,0.33064479330751884,0.2978043864131891,0.46680020055718613,0.0,0.34478097316146766,0.172558800557705,0.3352339820524234,0.0,0.0,0.0,0.39987679685671984,0.5267481683996617,0.0,0.17061777451562446,0.2644775505093187,0.7336616275958571,0.27304722092901135,0.43833988606565066,0.0,0.0,0.2706945485856207,0.0,0.042875885347598376,0.06673056656392569,0.2760228411636046,0.685157609071952,0.0,0.06726052499832484,0.4753565222086352,0.0,0.21330386907642185,0.0
0.0,0.8918908726154385,0.0,0.0,0.0,0.10992523980435007,0.2951919581088135,0.0,0.0,0.624875304648252,0.0,0.0,0.0,0.0,0.0,0.12672356546676722,0.0,0.24882342276005698,0.0,0.5035657385060889,0.0,0.0,0.0,0.0,0.0,0.0,0.0,0.0,0.0,0.0,0.0,0.0,0.0,0.0,0.0,0.0,0.459450271967565,0.0,0.0,0.0,0.0,0.6627342646740708,0.0,0.0,0.0,0.0,0.0,0.0,0.0,0.0,0.0,0.0,0.7196838968659118,0.0,0.0,0.0,0.0,0.0,0.0,0.0,0.2433257990440919,0.0,0.0,0.78432536270188,0.0,0.0,0.0,0.0,0.5382246000602592,0.0,0.14103172118755983,0.0,0.6840961245286182,0.0,0.4266844844702761,0.0,0.0,0.0,0.27122650383764163,0.10365675275151151,0.0,0.49522579223054597,0.0,0.0,0.6947404642796207,0.0,0.0,0.0,0.5996846439740078,0.0,0.12444919264203633,0.0,0.8011687561688036,0.0,0.0,0.0,0.5401377392412715,0.0,0.0,0.0
0.0,0.0,0.0,0.0,0.0,0.0,0.0,0.0,0.0,0.0,0.0,0.0,0.0,0.0,0.0,0.0,0.0,0.0,0.0,0.0,0.0,0.0,0.0,0.0,0.0,0.0,0.0,0.0,0.0,0.0,0.0,0.0,0.0,0.0,0.0,0.0,0.0,0.0,0.0,0.0,0.0,0.0,0.0,0.0,0.0,0.0,0.0,0.0,0.0,0.0,0.0,0.0,0.0,0.0,0.0,0.0,0.0,0.0,0.0,0.0,0.0,0.0,0.0,0.0,0.0,0.0,0.0,0.0,0.0,0.0,0.0,0.0,0.0,0.0,0.0,0.0,0.0,0.0,0.0,0.0,0.0,0.0,0.0,0.0,0.0,0.0,0.0,0.0,0.0,0.0,0.0,0.0,0.0,0.0,0.0,0.0,0.0,0.0,0.0,0.0
0.0,0.0,0.0,0.035966905406510735,0.0,0.6589006395109868,0.3360682141895496,0.0,0.0,0.07615531879381715,0.0,0.0,0.0,0.0,0.0,0.1335036483670361,0.0,0.019710193118672586,0.0,0.537509931583384,0.2217679007903759,0.23916549436087745,0.0,0.0,0.0,0.0,0.0,0.0,0.0,0.0,0.0,0.0,0.5455748208966236,0.0,0.0,0.12332679298312792,0.5225109152037869,0.0,0.0,0.3554007361832409,0.0,0.0626639048351351,0.6386805596950097,0.0,0.0,0.0,0.0,0.0,0.0,0.0,0.0,0.0,0.520007814664593,0.0,0.7706002385555679,0.0,0.0,0.0,0.0,0.0,0.02300732816754381,0.0,0.0,0.5088842193996768,0.0,0.30079779779172444,0.0,0.0,0.1768014739871467,0.0,0.16623375523689513,0.0,0.05306683368875846,0.0,0.26070282676614603,0.0,0.0,0.0,0.2895092504781447,0.6213268290263977,0.0,0.36165001679033054,0.1954968560580656,0.0,0.05858835179832946,0.0,0.0,0.0,0.681992788500594,0.0,0.7459583692008354,0.0,0.0,0.0,0.0,0.0,0.05107196306852476,0.0,0.0,0.0
0.0,0.0,0.0,0.0,0.0,0.0,0.0,0.0,0.0,0.0,0.0,0.0,0.0,0.0,0.0,0.0,0.0,0.0,0.0,0.0,0.0,0.0,0.0,0.0,0.0,0.0,0.0,0.0,0.0,0.0,0.0,0.0,0.0,0.0,0.0,0.0,0.0,0.0,0.0,0.0,0.0,0.0,0.0,0.0,0.0,0.0,0.0,0.0,0.0,0.0,0.0,0.0,0.0,0.0,0.0,0.0,0.0,0.0,0.0,0.0,0.0,0.0,0.0,0.0,0.0,0.0,0.0,0.0,0.0,0.0,0.0,0.0,0.0,0.0,0.0,0.0,0.0,0.0,0.0,0.0,0.0,0.0,0.0,0.0,0.0,0.0,0.0,0.0,0.0,0.0,0.0,0.0,0.0,0.0,0.0,0.0,0.0,0.0,0.0,0.0
0.0,0.0,0.0,0.0,0.1497914933157812,0.0,0.25362115520192213,0.0,0.0,0.17384411668624594,0.0,0.0,0.0,0.0,0.0,0.010430213782736406,0.0,0.044993588979751566,0.0,0.0,0.5062423141664525,0.5459567994398791,0.0,0.0,0.0,0.0,0.0,0.0,0.0,0.0,0.0,0.0,0.0,0.0,0.0,0.28152514794068484,0.0,0.0,0.0,0.0,0.4630079464020652,0.14304649178435944,0.26256056520536086,0.46930049330468326,0.0,0.0,0.0,0.0,0.0,0.0,0.0,0.0,0.5075244982709557,0.0,0.0,0.0,0.0,0.0,0.0,0.0,0.05252014837500704,0.0,0.0,0.20920149555432282,0.0,0.686648395496124,0.0,0.5099524469105075,0.11698024612304776,0.0,0.3636867513066327,0.0,0.12113870671246031,0.0,0.035119043363475724,0.0,0.0,0.0,0.0,0.0,0.0,0.0,0.0,0.0,0.05718187883416446,0.0,0.0,0.0,0.0,0.0,0.0,0.0,0.0,0.4024104001267933,0.0,0.0,0.11658490106407497,0.0,0.0,0.0
0.0,0.0,0.0,0.0,0.0,0.0,0.0,0.0,0.0,0.0,0.0,0.0,0.0,0.0,0.0,0.24837429138055964,0.0,0.0,0.0,0.0,0.0,0.0,0.0,0.0,0.0,0.0,0.0,0.0,0.0,0.0,0.0,0.0,0.0,0.0,0.0,0.0,0.0,0.0,0.0,0.0,0.0,0.0,0.0,0.0,0.0,0.0,0.0,0.0,0.0,0.0,0.0,0.0,0.0,0.0,0.0,0.0,0.0,0.0,0.0,0.0,0.0,0.0,0.0,0.0,0.0,0.0,0.0,0.0,0.32892689715765644,0.0,0.0,0.0,0.0,0.0,0.0,0.0,0.0,0.0,0.5386119092261518,0.0,0.0,0.0,0.0,0.0,0.0,0.0,0.0,0.0,0.0,0.0,0.0,0.0,0.0,0.0,0.0,0.0,0.0,0.0,0.0,0.0
0.0,0.0,0.0,0.0,0.0,0.0,0.5009876655994653,0.0,0.0,0.0,0.0,0.0,0.0,0.0,0.0,0.0,0.0,0.0,0.0,0.0,0.0,0.0,0.0,0.0,0.0,0.0,0.0,0.0,0.0,0.0,0.0,0.0,0.0,0.0,0.0,0.0,0.0,0.0,0.0,0.0,0.0,0.0,0.0,0.0,0.0,0.0,0.0,0.0,0.0,0.0,0.0,0.0,0.0,0.0,0.0,0.0,0.0,0.0,0.0,0.0,0.0,0.0,0.0,0.0,0.0,0.0,0.0,0.0,0.0,0.0,0.7184044895683147,0.0,0.0,0.0,0.0,0.0,0.0,0.0,0.0,0.0,0.0,0.0,0.0,0.0,0.0,0.0,0.0,0.0,0.0,0.0,0.0,0.0,0.0,0.0,0.0,0.0,0.0,0.0,0.0,0.0
0.0,0.0,0.0,0.0,0.0,0.0,0.0,0.0,0.0,0.0,0.0,0.0,0.0,0.0,0.0,0.0,0.0,0.0,0.0,0.0,0.0,0.0,0.0,0.0,0.0,0.0,0.0,0.0,0.0,0.0,0.0,0.0,0.0,0.0,0.0,0.0,0.0,0.0,0.0,0.0,0.0,0.0,0.0,0.0,0.0,0.0,0.0,0.0,0.0,0.0,0.0,0.0,0.0,0.0,0.0,0.0,0.0,0.0,0.0,0.0,0.0,0.0,0.0,0.0,0.0,0.0,0.0,0.0,0.0,0.0,0.0,0.0,0.0,0.0,0.0,0.0,0.0,0.0,0.0,0.0,0.0,0.0,0.0,0.0,0.0,0.0,0.0,0.0,0.0,0.0,0.0,0.0,0.0,0.0,0.0,0.0,0.0,0.0,0.0,0.0
0.0,0.0,0.0,0.026668916416715868,0.15967344833682345,0.11891543056025076,0.0859566555050681,0.0,0.0,0.013744170184052338,0.5081509434867134,0.0,0.0,0.0,0.0,0.16658175330849553,0.18047551243614768,0.18796318518189403,0.0,0.6706883888125869,0.040023675537031844,0.04316351515182394,0.0,0.0,0.0,0.0,0.0,0.0,0.0,0.0,0.0,0.0,0.09846289537357764,0.0,0.0,0.022257466160736712,0.09430042517488395,0.0,0.0,0.06414112998285454,0.0,0.011309300336371,0.11526620129396248,0.0,0.0,0.0,0.0,0.0,0.0,0.0,0.0,0.0,0.09384867682239374,0.0,0.13907447293673378,0.0,0.0,0.0,0.0,0.0,0.0041522593408240835,0.0,0.0,0.09184114026682566,0.0,0.0542866366961262,0.0,0.0,0.22060745069179205,0.0,0.12325981548712968,0.0,0.009577264003342507,0.23020202372296766,0.04705047625417244,0.0,0.0,0.0,0.361240753594159,0.11213427785886583,0.0,0.06526897210277631,0.14495796218819265,0.0,0.010573762813592805,0.0,0.0,0.0,0.12308299798240198,0.0,0.1346272189375538,0.0,0.0,0.4289579789380237,0.0,0.0,0.7444341469723119,0.0,0.0,0.0
0.0,0.1695473131471674,0.0,0.03776913736040727,0.27885734910432336,0.020896647368115466,0.31857654696351556,0.0,0.0,0.7740554088723408,0.0,0.0,0.0,0.0,0.1900987198691426,0.04237596837631928,0.0,0.20033770240963872,0.0,0.0957272022599669,0.0,0.3499248815934777,0.0,0.0,0.0,0.0,0.0,0.0,0.0,0.0,0.0,0.0,0.0,0.0,0.0,0.0,0.08734090854456351,0.0,0.0,0.0,0.0,0.7152349100121584,0.0,0.10508473604290179,0.0,0.7194933162485906,0.0,0.0,0.0,0.0,0.10452592925026122,0.0,0.6086089561512377,0.0,0.0,0.0,0.0,0.0,0.0,0.0,0.2626016418036378,0.0,0.0,0.14909924741052835,0.0,0.0,0.011763565277844295,0.0,0.5808618082841231,0.0,0.026809949658696958,0.0,0.6056956092644925,0.0,0.14268197200717367,0.0,0.0,0.0,0.051559811174118765,0.01970501600385456,0.0,0.09414178914920877,0.0,0.0,0.23231906264335023,0.24186284955851248,0.0,0.0,0.11399928314464142,0.0,0.023657632209999425,0.0,0.1523011549468428,0.0,0.0,0.3933993444840641,0.5829265029934649,0.0,0.0,0.0
0.4659245501966841,0.1493205443425644,0.0,0.09243078732798951,0.2337229522034688,0.021986719526752175,0.294721147295579,0.0,0.0,0.1288079898816597,0.0,0.0,0.0,0.0,0.0,0.07401140492433736,0.0,0.19210984404097425,0.0,0.0843070744355693,0.16929460499426863,0.059006288379283116,0.0,0.0,0.0,0.0,0.0,0.0,0.0,0.0,0.0,0.0,0.8051873888941514,0.0,0.0,0.20859312986026107,0.07692125439893027,0.0,0.3593517069812611,0.08218527961799377,0.7224414533248742,0.3982785678665564,0.0,0.0,0.0,0.0,0.0,0.0,0.0,0.0,0.0,0.0,0.12048961877977597,0.0,0.0,0.30785408782013823,0.0,0.0,0.0,0.0,0.32313143520122645,0.0,0.0,0.1313119056335735,0.0,0.0,0.0,0.0,0.4425775358485078,0.0,0.42262317004256106,0.0,0.3372816069853506,0.05477119765614611,0.08534338522401436,0.0,0.0,0.0,0.16049738436788663,0.25387225087940435,0.0,0.5301651600820356,0.49702000007683356,0.0,0.1389586573492026,0.0,0.0,0.0,0.100399320389374,0.0,0.024891730951156155,0.0,0.1602459341169734,0.6278897728640537,0.0,0.0,0.3246026298964496,0.0,0.0,0.0
0.0,0.6644417505551081,0.1147060095136575,0.12069293714758543,0.5493048760588107,0.15678109948036398,0.363405567340783,0.0,0.0,0.4655202267981525,0.0,0.0,0.0,0.0,0.7449809959447798,0.09440664801110572,0.0,0.2508504146999575,0.0,0.37514690539593465,0.15024936206693582,0.6892966756335676,0.0,0.0,0.0,0.0,0.0,0.0,0.0,0.0,0.0,0.0,0.0,0.0,0.0,0.08355479717955723,0.3422817211974965,0.0,0.46922907657017643,0.0,0.13734215424495336,0.4937244325436206,0.4327107138441795,0.09000102514601345,0.0,0.6162182871320259,0.0,0.0,0.0,0.15708636251848232,0.2058995497022624,0.0,0.5361508262525871,0.0,0.0,0.0,0.0,0.0,0.0,0.0,0.27439406889558615,0.0,0.0,0.5843074898503973,0.0,0.20379269077388082,0.023172363173181325,0.0,0.4881981097304461,0.0,0.10793981626366193,0.0,0.5096386121732941,0.0,0.3178718321948512,0.0,0.0,0.0,0.2020585909555869,0.14784065692166087,0.0,0.36893380391345476,0.0,0.0,0.5175684430021705,0.4764315626850005,0.0,0.0,0.446753663320547,0.0,0.17749591710319798,0.0,0.5968554978904758,0.11936709007580204,0.0,0.7749344919813911,0.4023923509273242,0.0,0.0,0.0
0.0,0.0,0.0,0.07017564730589652,0.0,0.09883258821659811,0.22618331566472108,0.0,0.0,0.8307490562207952,0.0,0.0,0.0,0.0,0.0,0.11804557891098037,0.0,0.49459970490401506,0.0,0.0,0.0,0.0,0.0,0.0,0.0,0.0,0.0,0.0,0.0,0.0,0.0,0.0,0.0,0.0,0.0,0.0,0.7966156253019151,0.0,0.0,0.0,0.0,0.0,0.0,0.13122294253704744,0.0,0.8984561759315179,0.0,0.0,0.0,0.0,0.0,0.0,0.6531849143289806,0.0,0.0,0.0,0.0,0.0,0.0,0.0,0.0,0.0,0.0,0.0,0.0,0.0,0.0,0.0,0.20700115925207652,0.0,0.3243415369209768,0.0,0.0,0.6057454968721954,0.3974652764551187,0.0,0.0,0.0,0.0,0.0931966596460811,0.0,0.04204121654032823,0.3814372758813716,0.0,0.07359317777705258,0.0,0.0,0.0,0.0,0.0,0.11189091633704797,0.0,0.0,0.0,0.0,0.0,0.5319884614365227,0.0,0.0,0.0
0.0,0.22055943740884965,0.0,0.0,0.03155881339315907,0.8242049296950086,0.35173571818411264,0.0,0.0,0.15452803686592667,0.0,0.0,0.0,0.0,0.24729419728454768,0.10277084319273187,0.0,0.2795167721251813,0.0,0.1245288850838637,0.288733167673902,0.2210954446797769,0.0,0.0,0.0,0.0,0.0,0.0,0.7122688168270394,0.0,0.0,0.20750216406072364,0.175872858042592,0.0,0.0,0.0,0.1136193861983861,0.0,0.0,0.0,0.0,0.16389033799553931,0.0,0.22853491667293238,0.0,0.0,0.0,0.0,0.12977392968668314,0.0,0.0,0.0,0.17797365157407086,0.0,0.0,0.0,0.0,0.0,0.0,0.0,0.08129480690954938,0.0,0.0,0.19395911097927315,0.0,0.0,0.0,0.0,0.1330998204306985,0.0,0.5043807191992308,0.0,0.20669267537082547,0.0,0.12036907563306343,0.0,0.0,0.0,0.06707274054882388,0.025633713464807868,0.0,0.12246646476425706,0.0,0.5266095289305719,0.1959885361054154,0.3146327301714482,0.0,0.0,0.148298532655422,0.0,0.03077556319712241,0.0,0.1981243844462238,0.0,0.0,0.0,0.5062623585010088,0.0,0.0,0.0
0.0,0.07951936651733073,0.0,0.0,0.044307447760727287,0.00980073426233679,0.08652512125077856,0.0,0.0,0.05571274457853772,0.0,0.0,0.0,0.0,0.0891581795025472,0.012888807117130216,0.0,0.39243157291421404,0.0,0.044897004505058624,0.0,0.07971261582524318,0.0,0.0,0.0,0.0,0.0,0.0,0.0,0.0,0.0,0.2913256331859205,0.24691921629541072,0.0,0.0,0.0,0.04096374982057829,0.0,0.0,0.0,0.0,0.05908818053229943,0.0,0.32085486725502355,0.0,0.0,0.0,0.0,0.18219796602185973,0.0,0.0,0.0,0.06416570606186363,0.0,0.0,0.0,0.0,0.0,0.0,0.0,0.02930961205986785,0.0,0.0,0.06992902147617466,0.0,0.0,0.0,0.0,0.047987125504859264,0.0,0.01257413151319365,0.0,0.22850737427808587,0.0,0.04339724817521603,0.0,0.0,0.0,0.024182061315004763,0.009241847368470417,0.0,0.04415343007798216,0.0,0.0,0.0706606999857006,0.11343606822170804,0.0,0.0,0.053466791132355695,0.0,0.011095663456525752,0.0,0.07143074777433066,0.0,0.0,0.0,0.7107742842881535,0.0,0.0,0.0
0.2930588438515442,0.14234301340600097,0.22282126057879673,0.05813743804483764,0.20414193844419384,0.5319192628306976,0.22700058830872608,0.0,0.0,0.4310194037927528,0.048282105019260585,0.0,0.0,0.0,0.15959689439200683,0.08740994439638504,0.1954488974705483,0.33531475272890643,0.0,0.10505572350744226,0.23712794341262383,0.18250807750793113,0.09501528165621327,0.0,0.21483997725959542,0.0,0.0,0.6453725810976776,0.4596787647510553,0.0,0.0,0.26207980855897706,0.2221312976429202,0.0,0.0,0.1312016322093735,0.46691912885344433,0.0,0.22602628631513727,0.06946268204723563,0.6310060578294867,0.4571333280543742,0.12482941122826235,0.14749016904415305,0.0,0.0,0.0,0.0,0.16390733466412918,0.7217190300857933,0.0,0.0,0.33889340015773844,0.0,0.15061296701622726,0.06613936522655199,0.0,0.0,0.0,0.0,0.20324433381367576,0.0,0.0,0.33514588046567584,0.0,0.05879059793996147,0.0,0.0,0.3712504630906358,0.0,0.3255134866055105,0.35821427811001305,0.3871226722508448,0.03445017837050823,0.2943135866243277,0.447012095865175,0.0,0.0,0.05658426381347819,0.15968145120771293,0.0,0.7331578413296649,0.26577320602751303,0.3398593509165553,0.4792102015826399,0.20305533716855667,0.0,0.0,0.6094331609643678,0.0,0.1457967408192315,0.0,0.5526211022463792,0.5484212575330037,0.0,0.0,0.37257008654676943,0.0,0.0,0.0
0.0,0.597638634931075,0.0,0.0,0.0,0.010601477298173208,0.2829653945361304,0.0,0.0,0.1939580672075413,0.1253603129082541,0.0,0.0,0.0,0.09644261242497354,0.17447535176330362,0.0,0.050199395421551184,0.0,0.7024694496097106,0.5648150921990133,0.6091245859604758,0.0,0.0,0.0,0.0,0.0,0.0,0.0,0.0,0.0,0.0,0.0,0.0,0.0,0.314097909125345,0.3078686437862013,0.0,0.0,0.0,0.0,0.15959712411428933,0.0,0.0,0.0,0.0,0.0,0.0,0.0,0.0,0.0,0.0,0.5662456263778749,0.0,0.0,0.0,0.0,0.0,0.0,0.0,0.0585967858012396,0.0,0.0,0.5255610899261691,0.0,0.7660943503883587,0.0,0.0,0.2310610964081688,0.0,0.40576569801171275,0.0,0.1351545848420934,0.0,0.15360870629165502,0.0,0.0,0.0,0.37835841142733023,0.009996928030845335,0.0,0.21308779769906144,0.0,0.2053731921558619,0.07643384533444363,0.12270406174238331,0.0,0.0,0.4018369545175116,0.0,0.012002205252576779,0.0,0.07726680783818606,0.0,0.0,0.0,0.13007389900218264,0.0,0.0,0.0
0.0,0.0,0.0,0.0,0.1520890807862788,0.0,0.0,0.0,0.0,0.0,0.0,0.0,0.0,0.0,0.0,0.0,0.0,0.0,0.0,0.0,0.0,0.0,0.0,0.0,0.0,0.0,0.0,0.0,0.0,0.0,0.0,0.0,0.8475711992628877,0.0,0.0,0.0,0.0,0.0,0.0,0.0,0.0,0.0,0.0,0.0,0.0,0.0,0.0,0.0,0.6254100060792906,0.0,0.0,0.0,0.0,0.0,0.0,0.0,0.0,0.0,0.0,0.0,0.0,0.0,0.0,0.0,0.0,0.0,0.0,0.0,0.0,0.0,0.0,0.0,0.7843709864427043,0.0,0.0,0.0,0.0,0.0,0.0,0.0,0.0,0.0,0.0,0.0,0.0,0.0,0.0,0.0,0.0,0.0,0.0,0.0,0.0,0.0,0.0,0.0,0.0,0.0,0.0,0.0
0.0,0.0,0.0,0.0,0.0,0.0,0.0,0.0,0.0,0.0,0.0,0.0,0.0,0.0,0.0,0.0,0.0,0.0,0.0,0.0,0.0,0.0,0.0,0.0,0.0,0.0,0.0,0.0,0.0,0.0,0.0,0.0,0.0,0.0,0.0,0.0,0.0,0.0,0.0,0.0,0.0,0.0,0.0,0.0,0.0,0.0,0.0,0.0,0.0,0.0,0.0,0.0,0.0,0.0,0.0,0.0,0.0,0.0,0.0,0.0,0.0,0.0,0.0,0.0,0.0,0.0,0.0,0.0,0.0,0.0,0.0,0.0,0.0,0.0,0.0,0.0,0.0,0.0,0.0,0.0,0.0,0.0,0.0,0.0,0.0,0.0,0.0,0.0,0.0,0.0,0.0,0.0,0.0,0.0,0.0,0.0,0.0,0.0,0.0,0.0
0.0,0.2298103697717564,0.0,0.6031030846425001,0.37797302311485775,0.4099072628490389,0.2500569481379585,0.0,0.5308924643967893,0.8311750773112067,0.047536120116650385,0.0,0.0,0.0,0.25766646663604215,0.12980617444077508,0.12730746299010617,0.2519619059487748,0.0,0.16709581381237024,0.10124342925454427,0.47430044710607494,0.0,0.0,0.0,0.0,0.5094259124106676,0.0,0.0,0.0,0.17925057359988358,0.0,0.19827330726786027,0.0,0.0,0.20605115089950587,0.4058166417600226,0.0,0.2832576190993071,0.5731415703364122,0.0,0.1707643962972034,0.08130880171587275,0.6475774863016042,0.0,0.4576968571849128,0.25533613772329306,0.0,0.0,0.0,0.14167810746070972,0.6354120575087687,0.6535198777542882,0.0,0.09810316135007995,0.0,0.0,0.0,0.0,0.0,0.10646952744854442,0.0,0.0,0.20209434490042563,0.7225802761086315,0.1373228517387435,0.1919037613052074,0.0,0.6205641538457496,0.0,0.16522798337864686,0.0,0.17626863124669895,0.3085824524327713,0.43706378066552826,0.0,0.0,0.0,0.08999979530117831,0.44024526839147526,0.2426950735859324,0.3659250737196002,0.1943140322933073,0.06652148427461606,0.31489339878098876,0.32782938201354245,0.0,0.0,0.29278429458240296,0.0,0.09496606747919531,0.2654446179250607,0.20643432258120842,0.0,0.0,0.5332272576055257,0.5406399529337035,0.0,0.0,0.0
0.0,0.19535928405351063,0.0,0.12092918972671504,0.1980806643795906,0.08679886822462646,0.6285774687600459,0.0,0.0,0.49341233479702234,0.0,0.0,0.0,0.0,0.0938525656247918,0.10006311634600108,0.0,0.25134144639451417,0.0,0.11030076119059501,0.14958900529634356,0.16132419649167062,0.0,0.0,0.0,0.0,0.0,0.0,0.0,0.0,0.0,0.0,0.10956576636087023,0.0,0.0,0.08318756782647416,0.10063773376956132,0.0,0.47014757753769165,0.07137381076556797,0.0,0.5233064236182178,0.43080891908336366,0.05787643255885497,0.0,0.3962678878253818,0.0,0.0,0.0,0.0,0.0,0.0,0.3879504782098696,0.0,0.1547567857997032,0.0,0.0,0.0,0.0,0.0,0.1921342541937696,0.0,0.0,0.3836604800689796,0.0,0.20289700721623752,0.0,0.0,0.4249914416291678,0.0,0.10746541299495162,0.0,0.4431612588374229,0.0,0.3369174395884516,0.0,0.0,0.0,0.0594093035739642,0.08184916256434752,0.0,0.07244693061662828,0.03926090800880517,0.19985772377719055,0.5485790717095733,0.11940874181590996,0.0,0.0,0.13135459314781045,0.0,0.09826723227552872,0.0,0.6326166894532619,0.0,0.0,0.0,0.4265020893745229,0.0,0.0,0.0
0.0,0.0,0.0,0.0,0.0,0.0,0.2263211351034077,0.0,0.0,0.6175083041706582,0.0,0.0,0.0,0.0,0.0,0.00997804116085317,0.0,0.15982085191633172,0.0,0.0,0.0,0.0,0.0,0.0,0.0,0.0,0.0,0.0,0.0,0.0,0.0,0.0,0.0,0.0,0.0,0.0,0.0,0.0,0.0,0.0,0.0,0.5081126600260174,0.0,0.0,0.0,0.0,0.0,0.0,0.0,0.0,0.0,0.0,0.4855221991969913,0.0,0.0,0.0,0.0,0.0,0.0,0.0,0.1865557970901862,0.0,0.0,0.0,0.0,0.0,0.0,0.0,0.41265217117233716,0.0,0.0,0.0,0.43029444296032593,0.0,0.03359655588177352,0.0,0.0,0.0,0.0,0.0,0.0,0.0,0.0,0.0,0.05470291909132108,0.0,0.0,0.0,0.0,0.0,0.0,0.0,0.0,0.0,0.0,0.0,0.4141189585260018,0.0,0.0,0.0
0.0,0.0,0.0,0.0,0.0,0.0,0.0,0.0,0.0,0.0,0.0,0.0,0.0,0.0,0.0,0.14818386077506507,0.0,0.0,0.0,0.0,0.0,0.0,0.0,0.0,0.0,0.0,0.0,0.0,0.0,0.0,0.0,0.0,0.0,0.0,0.0,0.0,0.0,0.0,0.0,0.0,0.0,0.0,0.0,0.0,0.0,0.0,0.0,0.0,0.0,0.0,0.0,0.0,0.0,0.0,0.0,0.0,0.0,0.0,0.0,0.0,0.0,0.0,0.0,0.0,0.0,0.0,0.0,0.0,0.0,0.0,0.0,0.0,0.0,0.0,0.49894235542327015,0.0,0.0,0.0,0.0,0.0,0.0,0.0,0.0,0.0,0.0,0.0,0.0,0.0,0.0,0.0,0.0,0.0,0.0,0.0,0.0,0.0,0.0,0.0,0.0,0.0
0.0,0.0,0.0,0.009573965738069859,0.0,0.2523970310812745,0.14602297020550684,0.0,0.0,0.39841792354198646,0.0,0.0,0.0,0.0,0.0,0.016104793776934436,0.0,0.10311681888186958,0.0,0.0,0.0,0.5915550012144231,0.0,0.0,0.0,0.0,0.13642860601394702,0.0,0.0,0.0,0.0,0.0,0.0,0.0,0.0,0.6452025354980123,0.10868115928886903,0.0,0.0,0.0,0.0,0.32783557656742596,0.0,0.6084969131087775,0.0,0.12257512364695852,0.0,0.0,0.0,0.0,0.0,0.0,0.31326015396246976,0.0,0.0,0.0,0.0,0.0,0.0,0.0,0.12036627329444084,0.0,0.0,0.0,0.0,0.0,0.7127834643191381,0.0,0.2662442271191517,0.0,0.044249463754549995,0.0,0.27762706560870715,0.08264101373749931,0.05422563360571993,0.0,0.0,0.0,0.0,0.012714690360671113,0.0,0.005735624567727473,0.052038955830252864,0.0,0.03529446209686298,0.0,0.0,0.0,0.0,0.0,0.015265121741486623,0.0,0.0,0.0,0.0,0.0,0.26719060203877254,0.0,0.0,0.0
0.0,0.41552757769521576,0.0,0.2572153840716539,0.42131593108912807,0.0,0.04582082821723739,0.0,0.0,0.0,0.0,0.0,0.0,0.0,0.0,0.0582707956147111,0.0,0.5346011729144008,0.0,0.2346088046827216,0.0,0.16420205395701676,0.0,0.0,0.0,0.0,0.0,0.0,0.0,0.0,0.0,0.0,0.0,0.0,0.0,0.0,0.21405562546260962,0.0,0.0,0.0,0.0,0.0,0.0,0.0,0.0,0.0,0.0,0.0,0.0,0.0,0.0,0.0,0.33529719335953806,0.0,0.0,0.0,0.0,0.0,0.0,0.0,0.0,0.0,0.0,0.36541333485420435,0.0,0.0,0.0,0.0,0.07716914617015427,0.0,0.06570598632925104,0.0,0.0,0.0,0.10680141795991577,0.0,0.0,0.0,0.12636309621142602,0.0,0.0,0.15409402085203816,0.0,0.0,0.03777733596986787,0.0,0.0,0.0,0.27939013072396357,0.0,0.0,0.0,0.0,0.0,0.0,0.0,0.04455859120387397,0.0,0.0,0.0
0.0,0.0,0.0,0.0,0.0,0.0,0.0,0.0,0.0,0.0,0.0,0.0,0.0,0.0,0.0,0.0,0.0,0.0,0.0,0.0,0.0,0.0,0.0,0.0,0.0,0.0,0.0,0.0,0.0,0.0,0.0,0.0,0.0,0.0,0.0,0.0,0.0,0.0,0.0,0.0,0.0,0.0,0.0,0.0,0.0,0.0,0.0,0.0,0.0,0.0,0.0,0.0,0.0,0.0,0.0,0.0,0.0,0.0,0.0,0.0,0.0,0.0,0.0,0.0,0.0,0.0,0.0,0.0,0.0,0.0,0.0,0.0,0.0,0.0,0.0,0.0,0.0,0.0,0.0,0.0,0.0,0.0,0.0,0.0,0.0,0.0,0.0,0.0,0.0,0.0,0.0,0.0,0.0,0.0,0.0,0.0,0.0,0.0,0.0,0.0
0.0,0.0,0.0,0.0,0.32351819116664965,0.0,0.0,0.0,0.0,0.0,0.0,0.0,0.0,0.0,0.0,0.0,0.0,0.0,0.0,0.0,0.0,0.0,0.0,0.0,0.0,0.0,0.0,0.0,0.0,0.0,0.0,0.0,0.0,0.0,0.0,0.0,0.0,0.0,0.0,0.0,0.0,0.0,0.0,0.0,0.0,0.0,0.0,0.0,0.0,0.0,0.0,0.0,0.0,0.0,0.0,0.0,0.0,0.0,0.0,0.0,0.0,0.0,0.0,0.0,0.0,0.0,0.0,0.0,0.0,0.0,0.0,0.0,0.0,0.0,0.0,0.0,0.0,0.0,0.0,0.0,0.0,0.0,0.0,0.0,0.0,0.0,0.0,0.0,0.0,0.0,0.0,0.0,0.0,0.8691220167036822,0.0,0.0,0.0,0.0,0.0,0.0
0.0,0.0,0.0,0.0,0.0,0.0,0.44541526497650963,0.0,0.0,0.0,0.0,0.0,0.0,0.0,0.0,0.0,0.0,0.0,0.0,0.0,0.0,0.0,0.0,0.0,0.0,0.0,0.0,0.0,0.0,0.0,0.0,0.0,0.0,0.0,0.0,0.0,0.0,0.0,0.0,0.0,0.0,0.0,0.0,0.0,0.0,0.0,0.0,0.0,0.0,0.0,0.0,0.0,0.0,0.0,0.0,0.0,0.0,0.0,0.0,0.0,0.3671543965872328,0.0,0.0,0.0,0.0,0.0,0.0,0.0,0.8121273167080854,0.0,0.0,0.0,0.8468484980049368,0.0,0.0,0.0,0.0,0.0,0.0,0.0,0.0,0.0,0.0,0.0,0.0,0.0,0.0,0.0,0.0,0.0,0.0,0.0,0.0,0.0,0.0,0.0,0.8150140531920563,0.0,0.0,0.0
0.0,0.0,0.0,0.0,0.0,0.0,0.17395704509139817,0.0,0.0,0.11923851076692193,0.0,0.0,0.0,0.0,0.0,0.0071540135044012645,0.0,0.030860800159761913,0.0,0.0,0.3472281994872008,0.37446809790967583,0.0,0.0,0.0,0.0,0.0,0.0,0.0,0.0,0.0,0.0,0.0,0.0,0.0,0.19309620609404549,0.0,0.0,0.0,0.0,0.0,0.09811462691937753,0.0,0.0,0.0,0.0,0.0,0.0,0.0,0.0,0.0,0.0,0.34810764094351376,0.0,0.0,0.0,0.0,0.0,0.0,0.0,0.036023216642965525,0.0,0.0,0.796774242890194,0.0,0.47096751768265027,0.0,0.0,0.07968156868984895,0.0,0.24945029741632743,0.0,0.0830882244389896,0.0,0.024087915714613915,0.0,0.0,0.0,0.0,0.0,0.0,0.0,0.0,0.0,0.03922066622102598,0.0,0.0,0.0,0.0,0.0,0.0,0.0,0.0,0.0,0.0,0.0,0.07996479976298831,0.0,0.0,0.0
0.0,0.0,0.0,0.0,0.0,0.0,0.0,0.0,0.0,0.0,0.0,0.0,0.0,0.0,0.0,0.0,0.0,0.0,0.0,0.0,0.0,0.0,0.0,0.0,0.0,0.0,0.0,0.0,0.0,0.0,0.0,0.0,0.0,0.0,0.0,0.0,0.0,0.0,0.0,0.0,0.0,0.0,0.0,0.0,0.0,0.0,0.0,0.0,0.0,0.0,0.0,0.0,0.0,0.0,0.0,0.0,0.0,0.0,0.0,0.0,0.0,0.0,0.0,0.0,0.0,0.0,0.0,0.0,0.0,0.0,0.0,0.0,0.0,0.0,0.0,0.0,0.0,0.0,0.0,0.0,0.0,0.0,0.0,0.0,0.0,0.0,0.0,0.0,0.0,0.0,0.0,0.0,0.0,0.0,0.0,0.0,0.0,0.0,0.0,0.0
0.35604001104005145,0.2501209879457593,0.0,0.308580527446841,0.28508765597201585,0.11420264011518864,0.2613584472998775,0.0,0.0,0.21653487612938246,0.0,0.0,0.0,0.0,0.13183625851796996,0.40337527353573777,0.0,0.5715178881730997,0.0,0.1412194741285198,0.12936784079254024,0.24267805266328976,0.0,0.0,0.0,0.0,0.2606501620530667,0.0,0.0,0.0,0.0,0.0,0.0,0.0,0.0,0.1593981262137296,0.2076379918289492,0.0,0.2746015114826205,0.06280254571296566,0.881210589562064,0.3043477868688487,0.0,0.03420328123736167,0.0,0.23418274785412874,0.0,0.0,0.0,0.0,0.07249026947658756,0.0,0.2018274351938243,0.0,0.0,0.0,0.0,0.0,0.0,0.0,0.24692349803818325,0.0,0.0,0.21995542348654198,0.3697115939250375,0.0,0.008158205558303903,0.0,0.24716915149584237,0.0,0.374781845581302,0.0,0.25773646618101115,0.699948632621903,0.10359938871849364,0.0,0.0,0.0,0.8747391890121772,0.19399853252572632,0.0,0.18486613622488487,0.44075688727822343,0.0,0.1611166872790332,0.16773544389061826,0.0,0.0,0.16817496423842582,0.0,0.1292917476024631,0.0,0.10562309125479083,0.7658795247408218,0.0,0.27282823217275,0.5958001092958097,0.0,0.0,0.0
0.0,0.0,0.0,0.0,0.0,0.0,0.0,0.0,0.0,0.0,0.0,0.0,0.0,0.0,0.0,0.0,0.0,0.0,0.0,0.0,0.0,0.0,0.0,0.0,0.0,0.0,0.0,0.0,0.0,0.0,0.0,0.0,0.0,0.0,0.0,0.0,0.0,0.0,0.0,0.0,0.0,0.0,0.0,0.14605380435055243,0.0,0.0,0.0,0.0,0.0,0.0,0.0,0.0,0.0,0.0,0.0,0.0,0.0,0.0,0.0,0.0,0.0,0.0,0.0,0.0,0.0,0.0,0.0,0.0,0.0,0.0,0.0,0.0,0.0,0.0,0.0,0.0,0.0,0.0,0.0,0.0,0.0,0.0,0.0,0.0,0.0,0.0,0.0,0.0,0.0,0.0,0.0,0.0,0.0,0.0,0.0,0.0,0.0,0.0,0.0,0.0
0.0,0.23494140376704858,0.0,0.0,0.10964195617778083,0.02895644628958882,0.2556400325867985,0.0,0.0,0.3385463520468296,0.0,0.0,0.0,0.0,0.2634194507205699,0.16253987672235137,0.0,0.08762111542768403,0.0,0.6544150597024047,0.0,0.2355123623355888,0.0,0.0,0.0,0.0,0.0,0.0,0.0,0.0,0.0,0.0,0.7765187843591823,0.0,0.0,0.5482458288581443,0.12102813827511241,0.0,0.0,0.0,0.0,0.2785706464492804,0.0,0.0,0.0,0.0,0.0,0.0,0.0,0.0,0.0,0.0,0.26618552052778355,0.0,0.0,0.0,0.0,0.0,0.0,0.0,0.10227843760400092,0.0,0.0,0.206606556229141,0.0,0.0,0.0,0.0,0.22623483161449084,0.0,0.037150498529403574,0.0,0.2359071335338374,0.0,0.12821795309058617,0.0,0.0,0.0,0.35247574473265825,0.027305204873281082,0.0,0.13045210617202949,0.0,0.26052514488452544,0.2087683135929492,0.3351489111776865,0.0,0.0,0.15796859952119363,0.0,0.0327823379683836,0.0,0.21104343368446843,0.0,0.0,0.0,0.22703899166295935,0.0,0.0,0.0
0.1647393779180712,0.16872150292590304,0.0,0.1427799195397293,0.18066581999111575,0.19340343058224146,0.2943431409838526,0.0,0.2504869593452735,0.11820941751804809,0.022428606517556463,0.0,0.0,0.0,0.18917281038108752,0.18664135931153533,0.06006651336176979,0.26444078880812916,0.0,0.09526094596482466,0.06915644121341402,0.32150286501352465,0.0,0.0,0.0,0.0,0.12060258459557327,0.0,0.0,0.0,0.08457443673258237,0.0,0.0935497886813814,0.0,0.0,0.07375336293538672,0.15729726626447194,0.0,0.1336472910765169,0.45786738209530137,0.40773531018383435,0.14082143445916182,0.19916712212760013,0.6177466456132006,0.46269905856041393,0.10835613696319615,0.12047331058267037,0.0,0.0,0.0,0.03354117944160777,0.0,0.13614462535613728,0.0,0.04628726952578101,0.0,0.0,0.0,0.0,0.0,0.11425127007871161,0.0,0.0,0.1586912329418374,0.1710652064479849,0.09380124511243308,0.09054449418655802,0.0,0.269380485569822,0.5589317267016458,0.42208111791218683,0.0,0.12941238644788913,0.32386557335480354,0.08071710307324763,0.0,0.0,0.0,0.4047409992418344,0.08976293836175542,0.0,0.17265164833025654,0.49638252733757715,0.03138632669426863,0.1314260061132374,0.0776110319754022,0.0,0.0,0.20530786653784747,0.0,0.05982316989529032,0.12524271802231,0.15155934519397282,0.4853533622139318,0.0,0.12623736617503345,0.2756761496613629,0.0,0.0,0.0
0.0,0.0,0.0,0.0,0.0,0.0,0.0,0.0,0.0,0.0,0.0,0.0,0.0,0.0,0.0,0.0,0.0,0.0,0.0,0.0,0.0,0.0,0.0,0.0,0.0,0.0,0.0,0.0,0.0,0.0,0.0,0.0,0.0,0.0,0.0,0.0,0.0,0.0,0.0,0.0,0.0,0.0,0.0,0.0,0.0,0.0,0.0,0.0,0.0,0.0,0.0,0.0,0.0,0.0,0.0,0.0,0.0,0.0,0.0,0.0,0.0,0.0,0.0,0.0,0.0,0.0,0.0,0.0,0.0,0.0,0.0,0.0,0.0,0.0,0.0,0.0,0.0,0.0,0.0,0.0,0.0,0.0,0.0,0.0,0.0,0.0,0.0,0.0,0.0,0.0,0.0,0.0,0.0,0.0,0.0,0.0,0.0,0.0,0.0,0.0
0.0,0.0,0.0,0.0,0.2828551415914955,0.0,0.16460446498767056,0.0,0.0,0.0,0.0,0.0,0.0,0.0,0.0,0.09586816517088181,0.0,0.0,0.0,0.0,0.32855991532388384,0.25287968018002205,0.0,0.0,0.0,0.0,0.0,0.0,0.0,0.0,0.0,0.0,0.0,0.0,0.0,0.0,0.6469541599837543,0.0,0.0,0.0,0.8743098512373669,0.0,0.0,0.0,0.0,0.0,0.0,0.0,0.0,0.0,0.0,0.0,0.0,0.0,0.0,0.0,0.0,0.0,0.0,0.0,0.0,0.0,0.0,0.0,0.0,0.0,0.0,0.0,0.0,0.0,0.23603891826086348,0.0,0.0,0.0,0.3227928324331775,0.0,0.0,0.0,0.0,0.0,0.0,0.4477820003615557,0.0,0.0,0.0,0.0,0.0,0.0,0.8444188604697348,0.0,0.0,0.0,0.0,0.7598819411313167,0.0,0.0,0.0,0.0,0.0,0.0
0.0,0.0,0.0,0.3613374942592331,0.0,0.039851213964836305,0.10268117262009055,0.0,0.0,0.4174197762216815,0.0,0.0,0.0,0.0,0.0,0.006744899915294071,0.0,0.1080347969280696,0.0,0.0,0.0,0.09340119740859329,0.0,0.0,0.0,0.0,0.0,0.0,0.0,0.0,0.0,0.0,0.0,0.0,0.0,0.0,0.0,0.0,0.0,0.0,0.0,0.0,0.0,0.09607617243893712,0.0,0.0,0.0,0.0,0.0,0.0,0.0,0.0,0.3282005543417869,0.0,0.0,0.0,0.0,0.0,0.0,0.0,0.0,0.0,0.0,0.8188649392359175,0.0,0.0,0.11254207795349398,0.0,0.0,0.0,0.14724237834507456,0.0,0.15865564031564158,0.0,0.022710410116385103,0.0,0.0,0.0,0.0,0.0,0.0,0.2164720729126156,0.0,0.0,0.03697777032559782,0.0,0.0,0.0,0.0,0.0,0.0,0.0,0.0,0.0,0.0,0.0,0.06259613806320413,0.0,0.0,0.0
0.0,0.1852362587979767,0.0,0.11466294419010936,0.1878166240609421,0.6451046340797241,0.10272725831500155,0.0,0.8355089553670657,0.2002453294059664,0.07481148579871634,0.0,0.0,0.0,0.10585336610055347,0.20428660883411667,0.20035418196065524,0.23831756671589502,0.0,0.26297236861934165,0.15933507722765725,0.2506487537550343,0.0,0.0,0.0,0.0,0.0,0.0,0.0,0.0,0.2821013096645713,0.0,0.31203894374497937,0.0,0.0,0.32427957333287205,0.3530269901031662,0.0,0.4457857161380638,0.664273502168221,0.0,0.20124917076075377,0.1279623210718671,0.25782723943063474,0.0,0.0,0.4018433939141443,0.0,0.0,0.0,0.0,0.0,0.15973863279303405,0.0,0.1543929804144866,0.0,0.0,0.0,0.0,0.0,0.1675598160128951,0.0,0.0,0.16289604516437958,0.0,0.216116219571185,0.302014667549111,0.0,0.5358264269242702,0.0,0.1144670348260631,0.0,0.17042755798348336,0.09640795096107704,0.6878430704936642,0.0,0.0,0.0,0.14164004953578696,0.1244854285597918,0.38194911588152103,0.5758862605696625,0.06070798112042235,0.10469030842037187,0.08389216767592308,0.13467737593427165,0.0,0.0,0.4607786256532636,0.0,0.14945587883793782,0.41775193716936593,0.08480640965506142,0.0,0.0,0.0,0.1640209023632622,0.0,0.0,0.0
0.0,0.0,0.0,0.0,0.0,0.0,0.0,0.0,0.0,0.0,0.0,0.0,0.0,0.0,0.0,0.020551153330076205,0.0,0.0,0.0,0.0,0.0,0.0,0.0,0.0,0.0,0.0,0.0,0.0,0.0,0.0,0.0,0.0,0.0,0.0,0.0,0.0,0.0,0.0,0.0,0.0,0.0,0.0,0.0,0.0,0.0,0.0,0.0,0.0,0.0,0.0,0.0,0.0,0.0,0.0,0.0,0.0,0.0,0.0,0.0,0.0,0.0,0.0,0.0,0.0,0.0,0.0,0.0,0.0,0.0,0.0,0.0,0.0,0.0,0.0,0.06919674514850015,0.0,0.0,0.0,0.0,0.0,0.0,0.0,0.0,0.0,0.11266821410389605,0.0,0.0,0.0,0.0,0.0,0.0,0.0,0.0,0.0,0.0,0.0,0.0,0.0,0.0,0.0
0.14092729981592678,0.20540390506460454,0.12398790087623804,0.3420522319255081,0.2143688524503329,0.0918412309293868,0.14920876410932438,0.0,0.10591540968711877,0.24002239636630357,0.00948366754990912,0.0,0.0,0.0,0.15374935719830224,0.09486923420724211,0.12687100092320217,0.1429011631420697,0.0,0.38196076445723304,0.0512062125620441,0.26900132111257113,0.0,0.0,0.0,0.07060678259237746,0.28892286373240345,0.11143009174110621,0.07936817960336617,0.0,0.06460866348376451,0.14583314554843707,0.4532287331897792,0.0,0.0,0.3199932409813042,0.23016046775620858,0.0,0.10869241753355813,0.08420831359675172,0.05252274259518396,0.1625926168653569,0.08103004187869685,0.5735716220633952,0.0,0.25958453128819825,0.5836674428472501,0.0,0.09120550844401011,0.011091362646569873,0.08035328305548964,0.0,0.18872005599473368,0.0,0.09776682357720326,0.0,0.15681474183679417,0.0,0.0,0.06876161288747407,0.09773694180598694,0.2117342949459441,0.0,0.1806313948115067,0.4098141801659261,0.049496332081054646,0.038285654557621965,0.0,0.2674957535502143,0.08999547189714611,0.11399026009371516,0.0,0.13769131337911963,0.17501372364932233,0.11483680590760433,0.24873789551608338,0.1749899245845029,0.0,0.20572861659379074,0.07882835669901837,0.0,0.2049185508442692,0.11020595008193272,0.1520600451121603,0.1785930011210161,0.19561550796012048,0.0,0.0,0.13810833977740392,0.0325708448115217,0.09464048494754956,0.052957382788844015,0.19033187530548853,0.07814837265916232,0.0,0.3024218881181875,0.3066260267574219,0.0,0.2619209056304156,0.0
0.0,0.0,0.0,0.04667388304204005,0.0,0.0,0.15043471669564457,0.0,0.0,0.0,0.0,0.0,0.0,0.0,0.0,0.0,0.0,0.0,0.0,0.0,0.0,0.0,0.0,0.0,0.0,0.0,0.0,0.0,0.0,0.0,0.0,0.0,0.7079868310438918,0.0,0.0,0.0,0.0,0.0,0.0,0.4611998782266312,0.0,0.0,0.0,0.0,0.0,0.0,0.0,0.0,0.0,0.0,0.0,0.0,0.0,0.0,0.0,0.0,0.0,0.0,0.0,0.0,0.0,0.0,0.0,0.0,0.0,0.0,0.0,0.0,0.1376766480597367,0.0,0.2157198336046298,0.0,0.0,0.0,0.0,0.0,0.0,0.0,0.0,0.0,0.0,0.027961649077421238,0.25369425841926774,0.0,0.0,0.0,0.0,0.0,0.0,0.0,0.0,0.0,0.0,0.0,0.0,0.0,0.008085529105787578,0.0,0.0,0.0
0.6209591874641752,0.19900639244599952,0.0,0.12318678329277448,0.20177857746802463,0.011909942768480822,0.35026251901443145,0.0,0.0,0.1716683628326618,0.0,0.0,0.0,0.0,0.0,0.24041066158451674,0.0,0.2560336702781492,0.0,0.11235993556659213,0.22562674646556477,0.07864040834896793,0.0,0.0,0.0,0.0,0.0,0.0,0.0,0.0,0.0,0.0,0.0,0.0,0.0,0.27800170730209084,0.10251651176166073,0.0,0.47892463251131845,0.1095321215238867,0.0,0.5308042595789629,0.0,0.0,0.0,0.0,0.0,0.0,0.0,0.0,0.0,0.0,0.16058208511179323,0.0,0.0,0.0,0.0,0.0,0.0,0.0,0.4306522018682723,0.0,0.0,0.17500544710978516,0.0,0.0,0.0,0.0,0.43108063902908517,0.0,0.5022681863562098,0.0,0.44951078995906735,0.07299610715649787,0.05114982984814038,0.0,0.0,0.0,0.5213423849731571,0.33834728511135254,0.0,0.07379942230875382,0.04596556872067653,0.0,0.018092496746625577,0.0,0.0,0.0,0.13380681568426347,0.0,0.01348355268169852,0.0,0.0,0.0,0.0,0.0,0.43261293105105897,0.0,0.0,0.0
0.8986865530958669,0.2880130811844324,0.0,0.1782827404751749,0.2920251409981564,0.5856670734755989,0.5069193310066215,0.0,0.0,0.2484479695029813,0.0,0.0,0.0,0.0,0.1757233712066398,0.10801115569130065,0.8090502170723456,0.3705461184307356,0.0,0.43487252682607846,0.3265395329690193,0.19349689512888274,0.0,0.0,0.0,0.0,0.0,0.7105842884151652,0.5061270303653534,0.0,0.0,0.1474477775936962,0.847478967732686,0.0,0.0,0.4023394792020785,0.42273756936829376,0.0,0.6931262728263162,0.2875370427567225,0.0,0.7682093445749087,0.5167246454611347,0.16239332114205476,0.0,0.0,0.0,0.0,0.09221531548125143,0.0,0.0,0.0,0.42071243533370506,0.0,0.6234542902793835,0.0,0.0,0.0,0.0,0.0,0.6232637356742087,0.0,0.0,0.41171288816999957,0.0,0.24336052359827817,0.0,0.0,0.6238837936796976,0.0,0.7269103577796988,0.0,0.6505569296066184,0.10564401212547368,0.21092167858652455,0.0,0.0,0.0,0.234227521943795,0.5026846058966792,0.0,0.29259302458843434,0.15816677383073907,0.3742004573877758,0.13926637446599652,0.22357307468099924,0.0,0.0,0.5517664135781798,0.0,0.6035177805288687,0.0,0.14078407473941257,0.0,0.0,0.0,0.6261014116220094,0.0,0.0,0.0
0.4604996782646398,0.31023020083261027,0.07409756379230115,0.43323085131508293,0.2715117510553785,0.30010407741901135,0.6798348469444558,0.0,0.3813593399936253,0.5970632475688034,0.034146921663582616,0.2792137593242794,0.0,0.0,0.3478342590533202,0.12016143009443536,0.41456875412044664,0.18987306278450827,0.0,0.32665775644198053,0.1673234670697007,0.34070723846602796,0.020193090228586695,0.0,0.7655072199325162,0.0,0.36593913600435257,0.3641134220467024,0.25934663631204913,0.0,0.12876219766878985,0.0871527038440101,0.6163767595970837,0.7183363215127446,0.0,0.20616442973076904,0.29151283365054986,0.0,0.3551676883711408,0.41170840734149633,0.5530341484987311,0.4822091031614285,0.26477700391370973,0.4651784294043641,0.12366697594079797,0.32878027675815424,0.18341722192142187,0.0,0.05450617304090897,0.0,0.10177253055221355,0.45643956003569347,0.7850559460277533,0.0,0.31946678082290075,0.23566452691205472,0.512414118891925,0.0,0.0,0.0,0.31936913795278926,0.0,0.0,0.35353010714716027,0.5190556575375377,0.12470136827268925,0.13785144198044247,0.0,0.4457737715362247,0.4791382150285073,0.37247913049509834,0.07612936690769183,0.40835805473656334,0.22166598376393842,0.3139587884697286,0.14865056953390163,0.5718040725677068,0.0,0.1759417578607464,0.3162441666597233,0.17433668640898356,0.40584525779947656,0.42551858618471516,0.6157208808629254,0.5054969903736403,0.44254998206521745,0.0,0.17206628007646185,0.28273290064782053,0.0,0.3092510317453105,0.19067851040564404,0.5829348020554082,0.4806541544492208,0.3538605384480715,0.383036506758682,0.3930071956537023,0.0,0.1430386826543819,0.0
0.07782661255088308,0.3292285339678119,0.0,0.2037954840003229,0.3338147304184435,0.0913681601093662,0.13905436502105045,0.0,0.1183357117185941,0.6262427974841777,0.01059578160096111,0.0,0.0,0.0,0.08936951932653593,0.08817360451811934,0.028376781081532153,0.42357227260901326,0.15979964045468065,0.18588396286488512,0.08089733978674458,0.15188523366799542,0.0,0.0,0.0,0.0,0.05697539193466365,0.0,0.0,0.0,0.039954879048828974,0.0,0.044195038550793264,0.0,0.0,0.044987617419872214,0.1695993805020306,0.0,0.7923145216833162,0.2163069194284558,0.1926233934473931,0.06652723445370334,0.0940910585106611,0.29183750388238167,0.2185895128009314,0.051189892759817356,0.05691431996363741,0.47242264438796233,0.4647277644133594,0.0,0.0158456126876955,0.0,0.49238978360647867,0.0,0.021867154270867804,0.0,0.0,0.0,0.0,0.0,0.05397488713526821,0.0,0.0,0.2895222916217144,0.08081507719292973,0.10972616671906398,0.04277526937838422,0.0814902176652837,0.12726144133940862,0.26405200436072135,0.1994006778703026,0.0,0.4383237028989617,0.1530014305904999,0.08462031438601059,0.0,0.0,0.0,0.19120881315405364,0.042406044708894156,0.0,0.12209093042564156,0.23450234619279817,0.014827611454530876,0.062088621349364104,0.03666520895949821,0.0,0.0,0.22136485778759638,0.0,0.028261820117603396,0.05916749603843559,0.07160006663824464,0.2292919188396942,0.0,0.05963739034898081,0.13023565561771275,0.0,0.0,0.0
0.0,0.0,0.0,0.0,0.0,0.26387792752190076,0.13458931217936065,0.0,0.0,0.0,0.0,0.0,0.0,0.0,0.0,0.004279856474910904,0.0,0.0,0.0,0.0,0.0,0.0,0.0,0.0,0.0,0.0,0.0,0.0,0.0,0.0,0.0,0.0,0.0,0.0,0.0,0.0,0.0,0.0,0.0,0.0,0.0,0.0,0.0,0.7809254828444416,0.0,0.0,0.0,0.0,0.0,0.0,0.0,0.0,0.20825383403895972,0.0,0.0,0.0,0.0,0.0,0.0,0.0,0.0,0.0,0.0,0.0,0.0,0.0,0.0,0.0,0.0,0.0,0.0,0.0,0.0,0.0,0.01441048748019194,0.0,0.0,0.0,0.0,0.24883028809764318,0.0,0.0,0.0,0.0,0.02346358756145875,0.0,0.0,0.0,0.0,0.0,0.29874299200623416,0.0,0.0,0.0,0.0,0.0,0.0,0.0,0.0,0.0
0.0,0.0,0.0,0.0,0.0,0.0,0.0,0.0,0.0,0.0,0.0,0.0,0.0,0.0,0.0,0.0,0.0,0.0,0.0,0.0,0.0,0.0,0.0,0.0,0.0,0.0,0.0,0.0,0.0,0.0,0.0,0.0,0.0,0.0,0.0,0.0,0.0,0.0,0.0,0.0,0.0,0.0,0.0,0.0,0.0,0.0,0.0,0.0,0.0,0.0,0.0,0.0,0.0,0.0,0.0,0.0,0.0,0.0,0.0,0.0,0.0,0.0,0.0,0.0,0.0,0.0,0.0,0.0,0.0,0.0,0.0,0.0,0.0,0.0,0.0,0.0,0.0,0.0,0.0,0.0,0.0,0.0,0.0,0.0,0.0,0.0,0.0,0.0,0.0,0.0,0.0,0.0,0.0,0.0,0.0,0.0,0.0,0.0,0.0,0.0
0.0,0.6905475172335644,0.038250876070112697,0.06944651719124038,0.18317604132443,0.14707364725573457,0.32098056710316375,0.0,0.19048281920336824,0.20667648991629511,0.038252481833311806,0.0,0.0,0.0,0.3307483723214749,0.09683774410871436,0.04567758271637383,0.09053894458099235,0.0,0.38988634278714196,0.17234783921874297,0.2957083476220261,0.0,0.0,0.0,0.3334688063188036,0.0,0.0,0.0,0.0,0.3051402867932148,0.0,0.09188315309797444,0.0,0.0,0.09584392607165691,0.5776593633698645,0.0,0.15647326005393122,0.3481852707651726,0.045799324233317604,0.21919827932261846,0.14429552522697595,0.25360887219060246,0.0,0.20548957664173445,0.09161393430832528,0.0,0.0,0.05238340179800115,0.06866107706079261,0.0,0.5572160714195534,0.0,0.12978087878060846,0.0,0.0,0.0,0.0,0.32475425346200504,0.10872930039916537,0.0,0.0,0.607264799480271,0.0,0.23376624978816538,0.06885456456926727,0.0,0.2048504020482062,0.4250396560468488,0.32097160459998103,0.0,0.2262636796992695,0.11088473654091774,0.2882187233920669,0.0,0.0,0.0,0.2099974274697844,0.08080869444988574,0.0,0.24621441963976318,0.3774741146513057,0.06266763475407772,0.2621286306849597,0.42081158606211594,0.0,0.0,0.4643065140973805,0.1538288580970648,0.09701805734599031,0.09524083040465979,0.2649852620576524,0.3690869855500435,0.0,0.25841648001630296,0.17864967808345178,0.0,0.0,0.0
0.31632755300431586,0.22222266492122902,0.027784541565265112,0.2741616675802759,0.2532891748372051,0.10146455615688188,0.4598814832751071,0.0,0.05989802366236881,0.31698550976138884,0.16431108573125958,0.0,0.0,0.0,0.11713133288702922,0.35838307286664123,0.058356926768284606,0.5077711758739776,0.0808858332466385,0.2204773522932208,0.17727309868418853,0.21560990952276837,0.3233509409700738,0.0,0.0,0.0,0.23157742218795166,0.0,0.0,0.0,0.31386041402329623,0.03267985880435568,0.1087400511469233,0.0,0.0,0.38864483527169597,0.1844781929820607,0.0,0.401046085569523,0.10948814005589756,0.7829209662795487,0.2704010439761278,0.19569725776581193,0.29580699289454665,0.8884606875510173,0.2080621651710657,0.028808338872515677,0.2391263154733929,0.23523139570569074,0.0,0.0644047546599275,0.0,0.24923308848393266,0.0,0.1535904996800455,0.0,0.0,0.0,0.5061703081214242,0.378790293559252,0.21938182083950653,0.0,0.0,0.19542174678142826,0.3284742169342213,0.24044668999379842,0.021651571281233666,0.04124792858451858,0.21960007427939765,0.13365528440734598,0.6594591941876451,0.0,0.8009500688272999,0.6218768433896503,0.09204398413069795,0.05573986129276972,0.0,0.0,0.7771713812975781,0.17236006959169517,0.45776102915852734,0.7451637621181806,0.3915951671140566,0.06445851511932478,0.14314584275587205,0.14902634780573376,0.0,0.0,0.14941684435613953,0.0,0.11487063496955693,0.02994882970054809,0.09384196427749528,0.6804538491324769,0.13268793649379174,0.24239715873953,0.5293449747479264,0.0,0.0,0.0
0.0,0.0,0.0,0.0,0.0,0.0,0.12539451587205858,0.0,0.0,0.0,0.0,0.0,0.0,0.0,0.0,0.0,0.0,0.0,0.0,0.0,0.0,0.0,0.0,0.0,0.0,0.0,0.0,0.0,0.0,0.0,0.0,0.0,0.0,0.0,0.0,0.0,0.0,0.0,0.0,0.0,0.0,0.0,0.0,0.0,0.0,0.0,0.0,0.0,0.0,0.0,0.0,0.0,0.0,0.0,0.0,0.0,0.0,0.0,0.0,0.0,0.0,0.0,0.0,0.0,0.0,0.0,0.0,0.0,0.0,0.0,0.17981277655197492,0.0,0.0,0.0,0.0,0.0,0.0,0.0,0.0,0.0,0.0,0.0,0.0,0.0,0.0,0.0,0.0,0.0,0.0,0.0,0.0,0.0,0.0,0.0,0.0,0.0,0.0,0.0,0.0,0.0
0.0,0.31804129917491286,0.0,0.8346520166457333,0.523087933081132,0.0696779072067822,0.34606113176048736,0.0,0.0,0.5856859229934968,0.0,0.0,0.0,0.0,0.35659216720344716,0.0832232469264508,0.0,0.34869745864872637,0.0,0.17956759802329061,0.0,0.6563982754419516,0.0,0.0,0.0,0.0,0.7050094352894866,0.0,0.0,0.0,0.0,0.0,0.0,0.0,0.0,0.0,0.5616215321368844,0.0,0.0,0.0,0.0,0.2363258477201099,0.0,0.09251341261506855,0.0,0.633420081225831,0.0,0.0,0.0,0.0,0.19607248100335645,0.0,0.4605015275906863,0.0,0.0,0.0,0.0,0.0,0.0,0.0,0.11722511767999898,0.0,0.0,0.2796842808784932,0.0,0.0,0.022066404441614708,0.0,0.6527244944084422,0.0,0.22866384378558202,0.0,0.24394331962113924,0.4270562906790159,0.2802167701008029,0.0,0.0,0.0,0.09671724680647871,0.06570452438795013,0.0,0.5000279657509692,0.2689168784674859,0.0,0.43579019410384273,0.45369268004245544,0.0,0.0,0.21384284683331906,0.0,0.07888415174080537,0.0,0.2856905030579238,0.0,0.0,0.737948813766626,0.748207459862113,0.0,0.0,0.0
0.0,0.0,0.0,0.0,0.0,0.0,0.3693610250391298,0.0,0.0,0.25317778039900374,0.0,0.0,0.0,0.0,0.0,0.015190035906514084,0.0,0.06552638770420828,0.0,0.0,0.7372657061270452,0.7951038741529556,0.0,0.0,0.0,0.0,0.0,0.0,0.0,0.0,0.0,0.0,0.0,0.0,0.0,0.4099989889836916,0.0,0.0,0.0,0.0,0.0,0.20832567690048134,0.0,0.0,0.0,0.0,0.0,0.0,0.0,0.0,0.0,0.0,0.7391330142179304,0.0,0.0,0.0,0.0,0.0,0.0,0.0,0.07648768819602306,0.0,0.0,0.0,0.0,0.0,0.0,0.0,0.16918697298258348,0.0,0.5296549932864231,0.0,0.17642028657903439,0.0,0.051145598815680864,0.0,0.0,0.0,0.0,0.0,0.0,0.0,0.0,0.0,0.08327679669716383,0.0,0.0,0.0,0.0,0.0,0.0,0.0,0.0,0.0,0.0,0.0,0.16978835431464004,0.0,0.0,0.0
0.0,0.0,0.0,0.0,0.0,0.3541005701112442,0.0,0.0,0.0,0.0,0.0,0.0,0.0,0.0,0.0,0.0,0.0,0.0,0.0,0.0,0.0,0.8299224530685285,0.0,0.0,0.0,0.0,0.0,0.0,0.0,0.0,0.0,0.0,0.0,0.0,0.0,0.0,0.0,0.0,0.0,0.0,0.0,0.0,0.0,0.8536911187888222,0.0,0.0,0.0,0.0,0.0,0.0,0.0,0.0,0.0,0.0,0.0,0.0,0.0,0.0,0.0,0.0,0.0,0.0,0.0,0.0,0.0,0.0,0.0,0.0,0.0,0.0,0.0,0.0,0.0,0.0,0.0,0.0,0.0,0.0,0.0,0.0,0.0,0.0,0.0,0.0,0.0,0.0,0.0,0.0,0.0,0.0,0.0,0.0,0.0,0.0,0.0,0.0,0.0,0.0,0.0,0.0
0.0,0.0,0.0,0.0,0.0,0.0,0.08956572393634855,0.0,0.0,0.061392647433855176,0.0,0.0,0.0,0.0,0.0,0.0036834058559425203,0.0,0.01588938180751344,0.0,0.0,0.1787783015160207,0.19280338006848582,0.0,0.0,0.0,0.0,0.0,0.0,0.0,0.0,0.0,0.0,0.0,0.0,0.0,0.09941995438637591,0.0,0.0,0.0,0.0,0.0,0.05051653748292678,0.5148726450790776,0.0,0.0,0.0,0.0,0.0,0.0,0.0,0.0,0.0,0.17923110186482474,0.0,0.0,0.0,0.0,0.0,0.0,0.0,0.018547368837220312,0.0,0.0,0.4102372619677536,0.0,0.2424882915755934,0.0,0.0,0.22939442065973037,0.0,0.12843513444650712,0.0,0.04277985389182663,0.0,0.012402208878425146,0.0,0.0,0.0,0.0,0.0,0.0,0.0,0.0,0.0,0.020193648158983276,0.0,0.0,0.0,0.0,0.0,0.0,0.0,0.0,0.0,0.0,0.0,0.0411716879671886,0.0,0.0,0.0
0.0,0.0,0.0,0.0,0.0,0.0,0.0,0.0,0.0,0.0,0.0,0.0,0.0,0.0,0.0,0.0,0.0,0.0,0.0,0.0,0.0,0.0,0.0,0.0,0.0,0.0,0.0,0.0,0.0,0.0,0.0,0.0,0.0,0.0,0.0,0.0,0.0,0.0,0.0,0.0,0.0,0.0,0.0,0.0,0.0,0.0,0.0,0.0,0.0,0.0,0.0,0.0,0.0,0.0,0.0,0.0,0.0,0.0,0.0,0.0,0.0,0.0,0.0,0.0,0.0,0.0,0.0,0.0,0.0,0.0,0.0,0.0,0.0,0.0,0.0,0.0,0.0,0.0,0.0,0.0,0.0,0.0,0.0,0.0,0.0,0.0,0.0,0.0,0.0,0.0,0.0,0.0,0.0,0.0,0.0,0.0,0.0,0.0,0.0,0.0
0.0,0.09935763613611481,0.0,0.163388324367517,0.3232341471421858,0.34602335373507787,0.5266173432680644,0.0,0.4481530522939554,0.0729709870961377,0.04012763177698215,0.0,0.0,0.0,0.05677797803221786,0.041702617852779345,0.10746663768083595,0.1278295633492939,0.0,0.14105398740334632,0.08546467484085381,0.5752095464517097,0.0,0.0,0.0,0.0,0.0,0.0,0.0,0.0,0.15131443196411654,0.0,0.16737247898492918,0.0,0.0,0.11817004986538775,0.2814248301714964,0.0,0.2391120143871471,0.8191830240112815,0.0,0.06004369837250929,0.06863685230253712,0.13829422602011532,0.0,0.0,0.21554208649704767,0.0,0.0,0.0,0.0,0.0,0.0856811353075335,0.0,0.08281381663361696,0.0,0.0,0.0,0.0,0.0,0.08987628738820881,0.0,0.0,0.0873747185809139,0.0,0.11592113145993337,0.16199562461926606,0.0,0.4819559754810905,0.0,0.7551568425055445,0.0,0.050847915781420956,0.0,0.14041476764036018,0.0,0.0,0.0,0.07597335745927793,0.06677190521636259,0.0,0.30889577399569745,0.8880915210643302,0.05615413331335626,0.04499835790629423,0.07223869560245226,0.0,0.0,0.36732190485840766,0.0,0.08016563778789343,0.22407516345760017,0.04548874203785164,0.8683589408640071,0.0,0.0,0.04893645797922007,0.0,0.0,0.0
0.0,0.0,0.0,0.0,0.0,0.0,0.6973615461402615,0.0,0.0,0.0,0.0,0.0,0.0,0.0,0.0,0.0,0.0,0.0,0.0,0.0,0.0,0.0,0.0,0.0,0.0,0.0,0.0,0.0,0.0,0.0,0.0,0.0,0.0,0.0,0.0,0.0,0.0,0.0,0.0,0.0,0.0,0.0,0.0,0.0,0.0,0.0,0.0,0.0,0.0,0.0,0.0,0.0,0.0,0.0,0.0,0.0,0.0,0.0,0.0,0.0,0.0,0.0,0.0,0.0,0.0,0.0,0.0,0.0,0.0,0.0,0.0,0.0,0.0,0.0,0.0,0.0,0.0,0.0,0.0,0.0,0.0,0.0,0.0,0.0,0.0,0.0,0.0,0.0,0.0,0.0,0.0,0.0,0.0,0.0,0.0,0.0,0.0,0.0,0.0,0.0
0.8181104488569307,0.27367139731732903,0.0,0.1622979361726691,0.30480263738493035,0.03154196752727447,0.46146901830836956,0.0,0.0,0.22617216108049928,0.13478554030286985,0.0,0.0,0.0,0.0,0.04438853926981667,0.047870597835029914,0.33732300792445974,0.0,0.17789811869812935,0.2972620464460419,0.10360832252985745,0.2652470531256508,0.0,0.5997526910237084,0.0,0.0,0.0,0.0,0.0,0.0,0.0,0.48291330326762055,0.0,0.0,0.36626578064283494,0.14097957697276006,0.0,0.6309806730979081,0.14430799143193068,0.43328620573867216,0.6993318076711273,0.030574020218211626,0.0,0.0,0.0,0.0,0.0,0.0,0.0,0.0,0.0,0.22083071340836288,0.0,0.036889094111471704,0.18463631761277696,0.0,0.0,0.0,0.0,0.5673820007566989,0.0,0.0,0.24066556184457683,0.0,0.014399370407750292,0.0,0.0,0.5679464644525675,0.0,0.6617356819608082,0.0,0.5922280909333715,0.09617198552852788,0.07034068220136512,0.0,0.0,0.0,0.09625873817690647,0.44577076059115744,0.0,0.317967981446216,0.7419391751489315,0.0,0.08334082868622567,0.0,0.0,0.0,0.18400965802558977,0.0,0.03570947309368795,0.0,0.09610793021226269,0.8188432370534982,0.0,0.0,0.5699652510961731,0.0,0.0,0.0
0.0,0.0,0.0,0.0,0.0,0.0,0.0,0.0,0.0,0.0,0.0,0.0,0.0,0.0,0.0,0.0,0.0,0.0,0.0,0.0,0.0,0.0,0.0,0.0,0.0,0.0,0.0,0.0,0.0,0.0,0.0,0.0,0.0,0.0,0.0,0.0,0.0,0.0,0.0,0.0,0.0,0.0,0.0,0.0,0.0,0.0,0.0,0.0,0.0,0.0,0.0,0.0,0.0,0.0,0.0,0.0,0.0,0.0,0.0,0.0,0.0,0.0,0.0,0.0,0.0,0.0,0.0,0.0,0.0,0.0,0.0,0.0,0.0,0.0,0.0,0.0,0.0,0.0,0.0,0.0,0.0,0.0,0.0,0.0,0.0,0.0,0.0,0.0,0.0,0.0,0.0,0.0,0.0,0.0,0.0,0.0,0.0,0.0,0.0,0.0
0.0,0.0,0.0,0.11585005199089858,0.0,0.16315860163538376,0.3733966110068217,0.0,0.0,0.0,0.0,0.0,0.0,0.0,0.0,0.0026462819539487645,0.0,0.8165140433695528,0.0,0.0,0.0,0.0,0.0,0.0,0.0,0.0,0.0,0.0,0.0,0.0,0.0,0.0,0.0,0.0,0.0,0.0,0.0,0.0,0.0,0.0,0.0,0.0,0.0,0.0,0.0,0.0,0.0,0.0,0.0,0.0,0.0,0.0,0.12876561774642514,0.0,0.0,0.0,0.0,0.0,0.0,0.0,0.0,0.0,0.0,0.0,0.0,0.0,0.0,0.0,0.34172958828574035,0.0,0.5354419283275477,0.0,0.0,0.0,0.008910161635088567,0.0,0.0,0.0,0.0,0.15385448200161267,0.0,0.0694040925725584,0.629698904657066,0.0,0.014507792189474664,0.0,0.0,0.0,0.0,0.0,0.1847160514024515,0.0,0.0,0.0,0.0,0.0,0.8512054764133642,0.0,0.0,0.0
0.0,0.0,0.0,0.0,0.0,0.0,0.0,0.0,0.0,0.0,0.0,0.0,0.0,0.0,0.0,0.2969959538699727,0.0,0.0,0.0,0.0,0.0,0.0,0.0,0.0,0.0,0.0,0.0,0.0,0.0,0.0,0.0,0.0,0.0,0.0,0.0,0.0,0.0,0.0,0.0,0.0,0.0,0.0,0.0,0.0,0.0,0.0,0.0,0.0,0.0,0.0,0.0,0.0,0.0,0.0,0.0,0.0,0.0,0.0,0.0,0.0,0.0,0.0,0.0,0.0,0.0,0.0,0.0,0.0,0.0,0.0,0.0,0.0,0.0,0.0,0.0,0.0,0.0,0.0,0.0,0.0,0.0,0.0,0.0,0.0,0.0,0.0,0.0,0.0,0.0,0.0,0.0,0.0,0.0,0.0,0.0,0.0,0.0,0.0,0.0,0.0
0.0,0.1255535427156066,0.49846807869378706,0.015725954783224208,0.0891686769666316,0.28809377805719116,0.14694045764268263,0.0,0.0,0.08796514311668485,0.0,0.0,0.0,0.0,0.14077231483199873,0.15115015505659724,0.43723402404193196,0.03502744920635426,0.0,0.2350176303487065,0.096964471665908,0.12585866505621854,0.0,0.0,0.0,0.0,0.0,0.0,0.0,0.0,0.0,0.5862924314200749,0.49692457921746724,0.0,0.0,0.053922669968199326,0.22845955006038446,0.0,0.0,0.15539329402886345,0.2111569790610689,0.09329463655665146,0.27925287119280245,0.0,0.0,0.0,0.0,0.0,0.36667315309867116,0.0,0.0,0.0,0.22736510933905119,0.0,0.33693264323132366,0.0,0.0,0.0,0.0,0.0,0.04627709941495145,0.0,0.0,0.22250149501955804,0.0,0.13151903155142705,0.0,0.0,0.0773036199279451,0.0,0.07268305373382923,0.0,0.45987077277685573,0.0,0.11398814602606872,0.0,0.0,0.0,0.1265832945839228,0.2716652297004253,0.0,0.15812569213606847,0.08547787706181437,0.299772672445061,0.11156654790548151,0.17910480000945012,0.0,0.0,0.2981904512836929,0.0,0.3261583795334384,0.0,0.11278238037695563,0.18352117948261337,0.0,0.0,0.0760364398811163,0.0,0.0,0.0
0.8053452228780906,0.5425463296186582,0.0,0.15976555214794705,0.26169419298975344,0.5248372507586088,0.5903453336010689,0.0,0.605265759949351,0.380118031718471,0.05419550624087184,0.0,0.0,0.0,0.608310216279779,0.14189019049113788,0.7250188902272253,0.33205965451046265,0.0,0.5712756731079442,0.29262377638957454,0.5438648348746878,0.0,0.0,0.0,0.0,0.07283907420274502,0.6367800432264112,0.4535585679679469,0.0,0.20436197898300165,0.13213323700016147,0.7594562707119615,0.0,0.0,0.36055082434964164,0.37883028387266143,0.0,0.6211352898839063,0.4812180689642357,0.0,0.6884199209306686,0.4630554705997791,0.1867771721741354,0.0,0.06544271606659037,0.2911064515056164,0.0,0.08263744855554733,0.0,0.020257513272933028,0.0,0.43779106695557696,0.0,0.5586997297663929,0.0,0.8961358330151635,0.0,0.0,0.0,0.5585289669565496,0.0,0.0,0.4771131310188968,0.10331645302425817,0.2180840855377494,0.2187877653443628,0.0,0.5590846231538162,0.0,0.651410418996261,0.0,0.582987376036814,0.09467138480912539,0.2960916157183167,0.0,0.0,0.0,0.3076958809871248,0.45047368804911975,0.0,0.41718791032581015,0.14173891362213034,0.3854419648031119,0.4821052418365506,0.7739538826261428,0.0,0.0,0.4944576546616714,0.0,0.5408339089937004,0.30263103955605636,0.48735913934164643,0.0,0.0,0.07624225395182666,0.5610719100558592,0.0,0.0,0.0
0.28282647243039166,0.1986878848106369,0.0,0.2451262198974655,0.22646425562250672,0.10763048479683567,0.24631774151859392,0.0,0.1128839113518898,0.2957138240350516,0.010107627305197818,0.0,0.0,0.0,0.10472638686348139,0.3204280478098385,0.027069445001329445,0.5386280677232208,0.3518458318317642,0.11218010467298643,0.1781192481363328,0.19277546186603764,0.0,0.0,0.0,0.0,0.20705191435236206,0.0,0.0,0.0,0.038114132742523496,0.0,0.04215894544011258,0.21263046458975599,0.0,0.1266206278821066,0.16494079022176547,0.0,0.3741334159637914,0.12186735837633364,0.7000047039266833,0.24176387002310865,0.09238084047089837,0.16512142244584357,0.7943671038662453,0.1860270711883234,0.05429224159065773,0.22307946262047873,0.21944591602813157,0.0,0.05758388542260053,0.13510796099402225,0.23250800873241528,0.0,0.020859720775591294,0.0,0.0,0.0,0.4722031538295224,0.0,0.19614790401311413,0.0,0.0,0.17472535273467787,0.29368672813200536,0.24159437588927996,0.040804585922847886,0.17942464287787108,0.22542802455988198,0.12468618923413943,0.3532138284393611,0.0,0.2069778349071243,0.6596678551913634,0.09293307473826648,0.0,0.0,0.0,0.6948640362139114,0.1541060524367628,0.05160436625022183,0.14685157723590456,0.41539212585147756,0.014144494106511763,0.12798579625836912,0.1332435187791095,0.0,0.0,0.1335926592848877,0.0,0.12185124144807281,0.05644161243225593,0.08390350910146831,0.608389499978823,0.0,0.21672577264401496,0.5615128909527466,0.0,0.0,0.0
0.0,0.0,0.0,0.0,0.0,0.0,0.0,0.0,0.0,0.0,0.0,0.0,0.0,0.0,0.0,0.4611377638073586,0.0,0.0,0.0,0.0,0.0,0.0,0.0,0.0,0.0,0.0,0.0,0.0,0.0,0.0,0.0,0.0,0.0,0.0,0.0,0.0,0.0,0.0,0.0,0.0,0.0,0.0,0.0,0.0,0.0,0.0,0.0,0.0,0.0,0.0,0.0,0.0,0.0,0.0,0.0,0.0,0.0,0.0,0.0,0.0,0.0,0.0,0.0,0.0,0.0,0.0,0.0,0.0,0.0,0.0,0.0,0.0,0.0,0.0,0.0,0.0,0.0,0.0,0.0,0.0,0.0,0.0,0.0,0.0,0.0,0.0,0.0,0.0,0.0,0.0,0.0,0.0,0.0,0.0,0.0,0.0,0.0,0.0,0.0,0.0
0.0,0.0,0.0,0.0,0.0,0.0,0.5408879811550378,0.0,0.0,0.0,0.0,0.0,0.0,0.0,0.0,0.0,0.0,0.0,0.0,0.0,0.0,0.0,0.0,0.0,0.0,0.0,0.0,0.0,0.0,0.0,0.0,0.0,0.0,0.0,0.0,0.0,0.0,0.0,0.0,0.0,0.0,0.0,0.0,0.0,0.0,0.0,0.0,0.0,0.0,0.0,0.0,0.0,0.0,0.0,0.0,0.0,0.0,0.0,0.0,0.0,0.0,0.0,0.0,0.0,0.0,0.0,0.0,0.0,0.0,0.0,0.0,0.0,0.0,0.0,0.0,0.0,0.0,0.0,0.0,0.0,0.0,0.0,0.0,0.0,0.0,0.0,0.0,0.0,0.0,0.0,0.0,0.0,0.0,0.0,0.0,0.0,0.0,0.0,0.0,0.0
0.0,0.4097664446023115,0.0,0.029241764587933514,0.0,0.041182937232459235,0.19401309903254976,0.0,0.0,0.5242722684245763,0.08595235768278738,0.0,0.0,0.0,0.0661251533815209,0.11962771545221788,0.0,0.20609668298491546,0.0,0.481642905903349,0.3872612288775615,0.41764170072047835,0.0,0.0,0.0,0.0,0.0,0.0,0.0,0.0,0.6856424947319033,0.0,0.0,0.0,0.0,0.8490124989148088,0.21108782497529877,0.0,0.0,0.0,0.0,0.4313939992189397,0.0,0.0,0.0,0.0,0.0,0.0,0.0,0.0,0.0,0.0,0.41221441561885114,0.0,0.0,0.0,0.0,0.0,0.0,0.0,0.158388203474583,0.0,0.0,0.36034701683099674,0.0,0.5252668416002911,0.0,0.0,0.3503468510296474,0.0,0.27821020546138286,0.0,0.365325360286902,0.2524104571850413,0.10532065659435055,0.0,0.0,0.0,0.2594186051138346,0.03883448014199476,0.0,0.14610204921131162,0.15894258841340977,0.1408125878207997,0.05240629239706038,0.08413111900678519,0.0,0.0,0.27551649197085704,0.0,0.04662426298390837,0.0,0.05297740688614446,0.0,0.0,0.0,0.3515921718261589,0.0,0.0,0.0
0.0,0.0,0.0,0.0,0.0,0.0,0.0,0.0,0.0,0.0,0.0,0.0,0.0,0.0,0.0,0.0,0.0,0.0,0.0,0.0,0.0,0.0,0.0,0.0,0.0,0.0,0.0,0.0,0.0,0.0,0.0,0.0,0.0,0.0,0.0,0.0,0.0,0.0,0.0,0.0,0.0,0.0,0.0,0.0,0.0,0.0,0.0,0.0,0.0,0.0,0.0,0.0,0.0,0.0,0.0,0.0,0.0,0.0,0.0,0.0,0.0,0.0,0.0,0.0,0.0,0.0,0.0,0.0,0.0,0.0,0.0,0.0,0.0,0.0,0.0,0.0,0.0,0.0,0.0,0.0,0.0,0.0,0.0,0.0,0.0,0.0,0.0,0.0,0.0,0.0,0.0,0.0,0.0,0.0,0.0,0.0,0.0,0.0,0.0,0.0
0.0,0.0,0.0,0.18397689933094374,0.0,0.0,0.5929764340469569,0.0,0.0,0.0,0.0,0.0,0.0,0.0,0.0,0.0,0.0,0.0,0.0,0.0,0.0,0.0,0.0,0.0,0.0,0.0,0.0,0.0,0.0,0.0,0.0,0.0,0.0,0.0,0.0,0.0,0.0,0.0,0.0,0.0,0.0,0.0,0.0,0.0,0.0,0.0,0.0,0.0,0.0,0.0,0.0,0.0,0.0,0.0,0.0,0.0,0.0,0.0,0.0,0.0,0.0,0.0,0.0,0.0,0.0,0.0,0.0,0.0,0.5426872839676389,0.0,0.8503142126619219,0.0,0.0,0.0,0.0,0.0,0.0,0.0,0.0,0.0,0.0,0.11021790265040379,0.0,0.0,0.0,0.0,0.0,0.0,0.0,0.0,0.0,0.0,0.0,0.0,0.0,0.0,0.03187115528813045,0.0,0.0,0.0
0.0,0.4188291804304365,0.0,0.0,0.0,0.05162055079772793,0.45572855025460524,0.0,0.0,0.2934395000024765,0.0,0.0,0.0,0.0,0.469596890483064,0.19515568470900413,0.0,0.11684670560747562,0.0,0.2364729049562671,0.0,0.41984702618042846,0.0,0.0,0.0,0.0,0.0,0.0,0.0,0.0,0.0,0.0,0.0,0.0,0.0,0.0,0.21575641904756657,0.0,0.0,0.0,0.0,0.3112179499075236,0.0,0.0,0.0,0.0,0.0,0.0,0.0,0.0,0.0,0.0,0.33796132009896634,0.0,0.0,0.0,0.0,0.0,0.0,0.0,0.15437397624505816,0.0,0.0,0.36831675145180426,0.0,0.0,0.0,0.0,0.2527485985697885,0.0,0.06622805772915256,0.0,0.32124941287015407,0.0,0.22857367559889497,0.0,0.0,0.0,0.12736712281874935,0.0486768887696816,0.0,0.23255649211847632,0.0,0.0,0.37217050839058113,0.5974687370553247,0.0,0.0,0.28161004408063733,0.0,0.05844095388782807,0.0,0.3762263566490543,0.0,0.0,0.0,0.25364700278025315,0.0,0.0,0.0
0.0,0.0,0.0,0.0,0.0,0.0,0.0,0.0,0.0,0.0,0.0,0.0,0.0,0.0,0.0,0.18240418110404352,0.0,0.0,0.0,0.0,0.0,0.0,0.0,0.0,0.0,0.0,0.0,0.0,0.0,0.0,0.0,0.0,0.0,0.0,0.0,0.0,0.0,0.0,0.0,0.0,0.0,0.0,0.0,0.0,0.0,0.0,0.0,0.0,0.0,0.0,0.0,0.0,0.0,0.0,0.0,0.0,0.0,0.0,0.0,0.0,0.0,0.0,0.0,0.0,0.0,0.0,0.0,0.0,0.0,0.0,0.0,0.0,0.0,0.0,0.6141638588918339,0.0,0.0,0.0,0.0,0.0,0.0,0.0,0.0,0.0,0.0,0.0,0.0,0.0,0.0,0.0,0.0,0.0,0.0,0.0,0.0,0.0,0.0,0.0,0.0,0.0
0.0,0.7010060183143165,0.0,0.0,0.0,0.08639874791130359,0.762765517239784,0.0,0.0,0.4911378316608128,0.0,0.0,0.0,0.0,0.7859773430113048,0.1136217723267643,0.0,0.19556957269992822,0.0,0.3957912611825413,0.0,0.702709614982836,0.0,0.0,0.0,0.0,0.0,0.0,0.0,0.0,0.0,0.0,0.0,0.0,0.0,0.0,0.36111750400688813,0.0,0.0,0.0,0.0,0.5208941164710771,0.0,0.0,0.0,0.0,0.0,0.0,0.0,0.0,0.0,0.0,0.5656552370666913,0.0,0.0,0.0,0.0,0.0,0.0,0.0,0.25838000663583405,0.0,0.0,0.6164619646328017,0.0,0.0,0.0,0.0,0.4230323410986847,0.0,0.11084773749930943,0.0,0.537684054321334,0.0,0.38257010186916174,0.0,0.0,0.0,0.21317788684055508,0.08147185911281278,0.0,0.389236252368033,0.0,0.0,0.6229121045309501,0.0,0.0,0.0,0.47133854311537093,0.0,0.09781424577268974,0.0,0.6297004902772282,0.0,0.0,0.0,0.4245360251489876,0.0,0.0,0.0
0.0,0.18161487602879972,0.0,0.0903497455449078,0.11976595631792855,0.6786736395750279,0.2896291340029748,0.0,0.1660513883181224,0.12724275409877797,0.44674039199048265,0.2507646100835902,0.0,0.0,0.20362903310830002,0.08462441764042293,0.03981895089956558,0.2301620121717276,0.0,0.19548373096395869,0.23775105281617995,0.21312884799787898,0.0,0.0,0.0,0.0,0.0,0.8234282702314902,0.5865022797797191,0.0,0.27828075807790464,0.17086314802181257,0.14481868327867997,0.0,0.0,0.08740740426208582,0.10427460778849437,0.0,0.0885967009469014,0.3035268369308969,0.0,0.13495193752332124,0.025431589847002656,0.18818211112349045,0.0,0.6680100499550268,0.10707100243027745,0.0,0.10685952244304854,0.0,0.0,0.0,0.157575262166733,0.0,0.03068449306223768,0.0,0.0,0.0,0.0,0.0,0.06694044223233325,0.0,0.0,0.15971141524930055,0.0,0.21318931658527238,0.060023240345680795,0.0,0.17857617710557644,0.3705238365959068,0.4153213431483376,0.0,0.17019659215011776,0.0,0.09911529973789684,0.0,0.0,0.0,0.10528986555714918,0.17089426796182788,0.0,0.11445324728914796,0.3290590776330502,0.43362517349472074,0.16138250127048417,0.25907748476328685,0.0,0.0,0.13610152145385387,0.0,0.029703279676328076,0.08302518925016496,0.16314121917523286,0.3217476863112901,0.0,0.0,0.4168707381438002,0.0,0.0,0.0
0.46437800056548734,0.651922941398125,0.0,0.09212398057141705,0.15089805296898914,0.1219396299757392,0.3149232394241154,0.0,0.0,0.4711600422147689,0.059634797980225265,0.0,0.0,0.0,0.3245067132436556,0.09555039223151525,0.16844942898382634,0.26225613041338636,0.0,0.36807872746978704,0.1687326631330661,0.2901279401377285,0.11735646414633595,0.0,0.26535584222852865,0.0,0.5302391566616105,0.14794819295834852,0.10537888435014141,0.0,0.0,0.45148857213993965,0.3826687105421374,0.0,0.0,0.38891655651000145,0.42239679734354896,0.0,0.35815890602310774,0.8059966353587866,0.19170406030782425,0.499705944207188,0.10758537558369499,0.069579542385499,0.0,0.4763966450233436,0.0,0.0,0.2823654706467699,0.0,0.0,0.0,0.5260491583974178,0.0,0.12980717015948579,0.0816908807570082,0.20820639489274562,0.0,0.0,0.0,0.3220588606787473,0.0,0.0,0.5732984977930472,0.0,0.05066921727760844,0.0,0.0,0.4058248476120638,0.0,0.37561614488747164,0.44244210355371133,0.4231752282959959,0.3211899814130811,0.321722875300005,0.0,0.0,0.0,0.1982515861480344,0.2530295692997303,0.0,0.2324428437730467,0.3282651293617987,0.07791092819992526,0.5238388267920965,0.4128703150657972,0.0,0.0,0.43833633577208925,0.0,0.12565626133758703,0.0,0.6040864508001857,0.36229072428268,0.0,0.0,0.40726736699246385,0.0,0.8312999071684422,0.0
0.0,0.0,0.0,0.0,0.0,0.0,0.0,0.0,0.0,0.0,0.0,0.0,0.0,0.0,0.0,0.1135315299773765,0.0,0.0,0.0,0.0,0.0,0.0,0.0,0.0,0.0,0.0,0.0,0.0,0.0,0.0,0.0,0.0,0.0,0.0,0.0,0.0,0.7661531382942649,0.0,0.0,0.0,0.0,0.0,0.0,0.0,0.0,0.0,0.0,0.0,0.0,0.0,0.0,0.0,0.0,0.0,0.0,0.0,0.0,0.0,0.0,0.0,0.0,0.0,0.0,0.0,0.0,0.0,0.0,0.0,0.0,0.0,0.0,0.0,0.0,0.0,0.38226625143547094,0.0,0.0,0.0,0.0,0.0,0.0,0.5302842242444262,0.0,0.0,0.0,0.0,0.0,0.0,0.0,0.0,0.0,0.0,0.0,0.0,0.0,0.0,0.0,0.0,0.0,0.0
0.0,0.1704118137792205,0.0,0.11414841770975032,0.0,0.1882944698592924,0.36791206902488366,0.0,0.0,0.055305571122859214,0.10670567180503654,0.0,0.0,0.0,0.027499829409190643,0.04975023269233777,0.2857706588341423,0.5885693081324375,0.0,0.20030347108715188,0.7208455508224056,0.357507184504883,0.0,0.0,0.0,0.0,0.0,0.0,0.0,0.0,0.28514189648879357,0.0,0.5973076458774523,0.0,0.0,0.08956247349116563,0.14931828848581685,0.0,0.0,0.38910075931262406,0.0,0.04550782664410583,0.18251616432860168,0.36774605529296883,0.0,0.0,0.0,0.0,0.0,0.0,0.0,0.0,0.16146035178387208,0.0,0.8436705595169779,0.0,0.0,0.0,0.0,0.0,0.6933944021193985,0.0,0.0,0.14985948590226525,0.0,0.21844559595908694,0.4307717946213498,0.0,0.33671017938331377,0.0,0.5275772245561772,0.0,0.03853823464103007,0.7208318251374546,0.07450121856488481,0.0,0.0,0.0,0.10788583498687616,0.17755697728220216,0.0,0.10334896356555139,0.6204497310524641,0.05856050149927988,0.021794491614594385,0.0349880688721012,0.0,0.0,0.19489352848994862,0.0,0.2131730146293651,0.595851033134774,0.02203200412261555,0.0,0.0,0.0,0.6135759971300419,0.0,0.0,0.0
0.0,0.0,0.0,0.0,0.0,0.8832941176286878,0.45051872606454996,0.0,0.0,0.0,0.0,0.0,0.0,0.0,0.0,0.014326215474274932,0.0,0.0,0.0,0.0,0.0,0.0,0.0,0.0,0.0,0.0,0.0,0.0,0.0,0.0,0.0,0.0,0.0,0.0,0.0,0.0,0.0,0.0,0.0,0.0,0.0,0.0,0.0,0.0,0.0,0.0,0.0,0.0,0.0,0.0,0.0,0.0,0.6971003156941465,0.0,0.0,0.0,0.0,0.0,0.0,0.0,0.0,0.0,0.0,0.0,0.0,0.0,0.0,0.0,0.0,0.0,0.0,0.0,0.0,0.0,0.048237072888026845,0.0,0.0,0.0,0.0,0.83292426853799,0.0,0.0,0.0,0.0,0.07854104762052162,0.0,0.0,0.0,0.0,0.0,0.0,0.0,0.0,0.0,0.0,0.0,0.0,0.0,0.0,0.0
0.0,0.2859973454819461,0.0,0.01724975821585767,0.0,0.3160093033130691,0.16117859941754695,0.0,0.0,0.09281778170610268,0.17908112241352958,0.0,0.0,0.0,0.04615218885249549,0.08349441374734495,0.47960084474587894,0.02402270033465618,0.0,0.3361636717039068,0.27028978318258856,0.5999942345052867,0.0,0.0,0.0,0.0,0.0,0.0,0.0,0.0,0.478545610617911,0.0,0.2616581449741023,0.0,0.0,0.15031017571619737,0.25059667632067856,0.0,0.0,0.1704504932967896,0.0,0.07637450321213513,0.3063117359524974,0.6171778428548755,0.0,0.0,0.0,0.0,0.0,0.0,0.0,0.0,0.27097435903472167,0.0,0.3695805253726262,0.0,0.0,0.0,0.0,0.0,0.028041234641501146,0.0,0.0,0.2515049526957334,0.0,0.366611088697529,0.7229521653341072,0.0,0.11057327347069114,0.0,0.19417739372281798,0.0,0.06467763333106985,0.0,0.12503329594468218,0.0,0.0,0.0,0.18106175702891456,0.2979888720643386,0.0,0.17344765355500383,0.09376045731061176,0.0982804396447765,0.03657708118744629,0.05871949015180667,0.0,0.0,0.32708431747548244,0.0,0.35776226401397887,0.0,0.03697569173742153,0.0,0.0,0.0,0.062246293423451976,0.0,0.0,0.0
0.0,0.0,0.0,0.0,0.0,0.13720609916194634,0.36845165994792933,0.0,0.0,0.7799546597853011,0.0,0.0,0.0,0.0,0.0,0.15817337419991323,0.0,0.20186452123978182,0.0,0.0,0.0,0.0,0.0,0.0,0.0,0.0,0.0,0.0,0.0,0.0,0.0,0.0,0.0,0.0,0.0,0.0,0.0,0.0,0.0,0.0,0.0,0.8272093233431521,0.0,0.0,0.0,0.0,0.0,0.0,0.0,0.0,0.0,0.0,0.6132473023200752,0.0,0.0,0.0,0.0,0.0,0.0,0.0,0.3037135399633882,0.0,0.0,0.6064659476507925,0.0,0.0,0.0,0.0,0.671799288122585,0.0,0.10905032593131368,0.0,0.7005209730088284,0.0,0.5325775389827797,0.0,0.0,0.0,0.0,0.12938192104145332,0.0,0.0,0.0,0.0,0.8671587089864513,0.0,0.0,0.0,0.0,0.0,0.15533455552754394,0.0,0.0,0.0,0.0,0.0,0.6741872234561607,0.0,0.0,0.0
0.0,0.0,0.0,0.0,0.3722356411976038,0.0,0.0,0.0,0.0,0.0,0.0,0.0,0.0,0.0,0.0,0.0,0.0,0.0,0.0,0.0,0.0,0.0,0.0,0.0,0.0,0.0,0.0,0.0,0.0,0.0,0.0,0.0,0.0,0.0,0.0,0.0,0.0,0.0,0.0,0.0,0.0,0.0,0.0,0.0,0.0,0.0,0.0,0.0,0.0,0.0,0.0,0.0,0.0,0.0,0.0,0.0,0.0,0.0,0.0,0.0,0.0,0.0,0.0,0.0,0.0,0.0,0.0,0.0,0.0,0.0,0.0,0.0,0.0,0.0,0.0,0.0,0.0,0.0,0.0,0.0,0.0,0.0,0.0,0.0,0.0,0.0,0.0,0.0,0.0,0.0,0.0,0.0,0.0,0.0,0.0,0.0,0.0,0.0,0.0,0.0
0.12442865675939979,0.10348995443012171,0.20939764608190367,0.271593970316952,0.17021168790956515,0.5407415232719985,0.27580188448295945,0.0,0.0,0.19058093913654178,0.0,0.0,0.0,0.0,0.11603432393768205,0.19304917076898168,0.18367429998971402,0.19973374040635009,0.0,0.09872676042109713,0.04521139804107265,0.21359058647329418,0.0,0.0,0.0,0.0,0.22940855329228263,0.0,0.0,0.0,0.0,0.24629110729960532,0.20874924918171103,0.0,0.0,0.05570636478973855,0.18275043813053943,0.0,0.09596757712166155,0.0652779814342858,0.30796496624372915,0.10636328820787205,0.11730920471901966,0.33626151589485725,0.3494794205738934,0.2061135315169661,0.0,0.0,0.1540329229135214,0.0,0.06380156343430904,0.0,0.42675602504159726,0.0,0.14153945938860057,0.0,0.0,0.0,0.0,0.0,0.08629468102046318,0.0,0.0,0.09346895277404767,0.32539784832536933,0.055248824947842536,0.0071803605255787994,0.0,0.21239514602977164,0.0,0.1309785422353678,0.0,0.19318359878465735,0.24461764256019164,0.09118193405548594,0.4200823583941838,0.0,0.0,0.41863665464108124,0.5099057366628836,0.0,0.8241160106945669,0.15403546157994638,0.1259292112228484,0.14180519148268547,0.14763062188678525,0.0,0.0,0.1252645480258797,0.0,0.6121873931682982,0.0,0.09296307498204076,0.2676591325358313,0.0,0.2401269561739188,0.24346509754012172,0.0,0.0,0.0
0.0,0.4309801618239235,0.0,0.09600711818658668,0.7088404010180535,0.05311815502773912,0.4689500481667935,0.0,0.0,0.3019527031679766,0.0,0.0,0.0,0.0,0.48322073367573476,0.10771743514696136,0.0,0.12023663690182225,0.0,0.2433334056148755,0.0,0.8894902508096388,0.0,0.0,0.0,0.0,0.0,0.0,0.0,0.0,0.0,0.0,0.0,0.0,0.0,0.0,0.22201589750768264,0.0,0.0,0.0,0.0,0.3202469376078531,0.0,0.11614017194652719,0.0,0.7951875848969483,0.0,0.0,0.0,0.0,0.265699296950647,0.0,0.34776618065815773,0.0,0.0,0.0,0.0,0.0,0.0,0.0,0.1588526405803954,0.0,0.0,0.3790022772052893,0.0,0.0,0.029902350989608258,0.0,0.6299862953347152,0.0,0.06814945178380434,0.0,0.3305694311994457,0.0,0.3626899078703306,0.0,0.0,0.0,0.1310622701767297,0.050089092115029626,0.0,0.23930337065679141,0.0,0.0,0.5905425769024408,0.6148023705421042,0.0,0.0,0.2897800536351918,0.0,0.06013643017383764,0.0,0.3871413541539651,0.0,0.0,0.0,0.26100575464211995,0.0,0.0,0.0
0.0,0.0,0.0,0.0,0.0,0.0,0.0,0.0,0.0,0.0,0.0,0.0,0.0,0.0,0.0,0.0,0.0,0.0,0.0,0.0,0.0,0.0,0.0,0.0,0.0,0.0,0.0,0.0,0.0,0.0,0.0,0.0,0.0,0.0,0.0,0.0,0.0,0.0,0.0,0.0,0.0,0.0,0.0,0.0,0.0,0.0,0.0,0.0,0.0,0.0,0.0,0.0,0.0,0.0,0.0,0.0,0.0,0.0,0.0,0.0,0.0,0.0,0.0,0.0,0.0,0.0,0.0,0.0,0.0,0.0,0.0,0.0,0.0,0.0,0.0,0.0,0.0,0.0,0.0,0.0,0.0,0.0,0.0,0.0,0.0,0.0,0.0,0.0,0.0,0.0,0.0,0.0,0.0,0.0,0.0,0.0,0.0,0.0,0.0,0.0
0.8769066206117999,0.2810329995963463,0.0,0.17396200591288805,0.28494782596247514,0.47566187176007857,0.49463399217946435,0.0,0.0,0.24242676001349064,0.16268664006904565,0.0,0.0,0.0,0.0,0.18272460577410654,0.7219022766666281,0.3615658244518698,0.0,0.7356824442596416,0.3186257515099066,0.17265411487921703,0.3201541631562461,0.0,0.0,0.0,0.0,0.0,0.0,0.0,0.0,0.0,0.39385170529726043,0.0,0.0,0.39258866378984303,0.37720181926877727,0.0,0.6763281540906064,0.2565646005796773,0.0,0.749591565549694,0.46106495010654375,0.0,0.0,0.0,0.0,0.0,0.0,0.0,0.0,0.0,0.37539482529080775,0.0,0.5562980666131112,0.0,0.0,0.0,0.0,0.0,0.6081587560392195,0.0,0.0,0.3673646765443465,0.0,0.2171466150421539,0.0,0.0,0.6087637867568858,0.0,0.7092934718255569,0.0,0.6347904914029274,0.10308369847271859,0.35699493804209664,0.0,0.0,0.0,0.3962473258868475,0.47780752804674564,0.0,0.2610759704774639,0.14112962546948565,0.0,0.5812698563641309,0.0,0.0,0.0,0.492332146688801,0.0,0.5385090450246082,0.0,0.0,0.13733268277609761,0.0,0.0,0.6109276600772351,0.0,0.0,0.0
0.0,0.7842211165627246,0.0,0.04476107325983562,0.08260133476516725,0.09970450466330204,0.26774531505424787,0.0,0.0,0.5667750449048229,0.0,0.0,0.0,0.0,0.0,0.11494093937406677,0.0,0.31547715589994246,0.0,0.44277489302690987,0.0,0.0,0.0,0.0,0.0,0.0,0.6378433969368539,0.0,0.0,0.0,0.0,0.5431115392251051,0.46032569863453526,0.0,0.0,0.0,0.5081160164955495,0.0,0.0,0.0,0.0,0.6011139179712852,0.0,0.08369968742387991,0.0,0.573074339255055,0.0,0.0,0.3396673910485059,0.0,0.0,0.0,0.6328031001341459,0.0,0.0,0.0,0.0,0.0,0.0,0.0,0.2207016178329346,0.0,0.0,0.6896409982118313,0.0,0.0,0.0,0.0,0.488181033237904,0.0,0.20687910767739584,0.0,0.5090524185638456,0.3863707654041635,0.38701180226983456,0.0,0.0,0.0,0.23848383049062905,0.09401885505540501,0.0,0.279613701106727,0.24329724776651396,0.0,0.6301442142299598,0.0,0.0,0.0,0.527290249875213,0.0,0.11287803538301727,0.0,0.7266769135796171,0.0,0.0,0.0,0.48991629071593445,0.0,0.0,0.0
0.04944324533481411,0.061935404417335325,0.03759315401582254,0.041486727109258555,0.31974439310045255,0.08974243624524239,0.13371598059860162,0.0,0.0,0.07271917764265107,0.03878169470944425,0.0,0.0,0.0,0.026926293369586136,0.01808149748143929,0.10386205588088852,0.2139128580254497,0.0,0.07279939232412255,0.26198806128819296,0.12993437229122912,0.016030445693918143,0.0,0.036246596634882916,0.0,0.0,0.10888364411803624,0.07755442436777009,0.16871439430048643,0.10363353504493274,0.044216636159415255,0.21708876743085004,0.0,0.0,0.03255107667288154,0.07877597801181963,0.0,0.03813388799164671,0.14141691443024942,0.10645980484663956,0.0771249725572593,0.06633467598108025,0.13365564365718335,0.0,0.47075941194755105,0.0,0.0,0.027653526689265677,0.12176438901605915,0.0,0.0,0.058682035965271384,0.0,0.306628256221607,0.011158662943616372,0.0,0.0,0.0,0.0,0.2520110652165246,0.0,0.0,0.056543934225069724,0.0,0.07939306570869695,0.15656206409504161,0.0,0.12237579466501736,0.0,0.1917455605900402,0.060435904961116844,0.065313167168787,0.2619830727499602,0.04965493850172719,0.07541737499888397,0.0,0.0,0.0392106196901993,0.06453228183663498,0.0,0.12369428112658655,0.2254996538159438,0.057339164537243095,0.08084965890262909,0.034258358219874094,0.0,0.0,0.10282014661873416,0.36344548563737866,0.07747676982675364,0.21655936810520177,0.09323513454316504,0.8589838202266992,0.0,0.0,0.2230014262523669,0.0,0.0,0.0
