0.0,0.0,0.5696605920360532,0.0,0.0,0.0,0.05046163468810168,0.7628958821296692,0.1492737813915058,0.0,0.0,0.0,0.0,0.20935536539714755,0.0,0.21276628859128638,0.0,0.10220923549805475,0.0,0.0,0.15294074150885312,0.0,0.0,0.2131010278662128,0.5950683552211222,0.1501466009939717,0.0,0.0,0.17069847821813053,0.20471170544094974,0.0,0.0,0.0,0.0,0.10823711370319056,0.0,0.0,0.797037661075592,0.0,0.0,0.0,0.0,0.0,0.0,0.40957696533901355,0.30399184167684085,0.0,0.0,0.0,0.0,0.0,0.10526196547984393,0.0,0.0,0.27850665304852396,0.01884472622019958,0.22290106176187408,0.19133908009724718,0.0,0.0,0.0,0.0,0.0,0.0,0.0,0.0,0.0,0.11689838774147283,0.09627620753473709,0.0,0.0,0.0,0.5165638996363242,0.0,0.0,0.0,0.0,0.0,0.24137546309897912,0.15343781839134868,0.19786328632549374,0.0,0.0,0.0,0.0,0.0,0.6016385555267334,0.0,0.0,0.0,0.0,0.05209855195059369,0.0,0.0,0.1616228327379322,0.28352424010729954,0.0,0.0,0.3232280369451921,0.0
0.0,0.0,0.12342507474289106,0.0,0.0,0.0,0.6395354804719476,0.2012728201963059,0.20074807980451684,0.0,0.0,0.0,0.0,0.15176724356694005,0.16176366709838216,0.1723922213903775,0.0,0.11540496672013607,0.26673549706374483,0.0,0.04087085957630521,0.0,0.0,0.0,0.20284213218694813,0.0566848178349488,0.0,0.0,0.0,0.0756895055585308,0.0,0.0,0.0,0.0,0.04086273703586757,0.0,0.0,0.0,0.0,0.0,0.0,0.0,0.0,0.6506165266036987,0.0,0.19877511129252368,0.526736855506897,0.0,0.0,0.0,0.0,0.1736146081603211,0.0,0.0,0.2579118592601546,0.07906495545902281,0.0,0.7714290604624867,0.0,0.0,0.0,0.0,0.0,0.0,0.0,0.7746265974735351,0.0,0.14404010338218778,0.02845225988930833,0.0,0.0,0.0,0.0,0.0,0.0,0.0,0.0,0.0,0.2934630718587695,0.0,0.36974556955373017,0.0,0.15114393830299377,0.0,0.0,0.0,0.0,0.0,0.0,0.0,0.0,0.0,0.0,0.06516845574197713,0.1938262787945469,0.19816724829527,0.0,0.0,0.21320931033472226,0.0
0.0,0.0,0.0,0.0,0.0,0.0,0.0,0.0,0.0,0.0,0.0,0.0,0.0,0.22723977267742157,0.0,0.44141995906829834,0.0,0.0,0.0,0.0,0.0,0.0,0.0,0.0,0.32072386145591736,0.0,0.0,0.0,0.0,0.0,0.0,0.0,0.0,0.0,0.0,0.0,0.0,0.0,0.0,0.0,0.0,0.0,0.0,0.0,0.0,0.0,0.0,0.0,0.0,0.0,0.0,0.0,0.0,0.0,0.0,0.0,0.0,0.0,0.0,0.0,0.0,0.0,0.0,0.0,0.0,0.0,0.0,0.0,0.0,0.0,0.0,0.0,0.0,0.0,0.0,0.0,0.0,0.0,0.0,0.0,0.3145257234573364,0.0,0.0,0.0,0.0,0.0,0.0,0.0,0.0,0.0,0.0,0.0,0.0,0.0,0.0,0.0,0.0,0.0,0.0,0.0
0.0,0.0,0.04248421947705416,0.0,0.0,0.0,0.07297975157421999,0.0,0.013888321808931042,0.0,0.0,0.0,0.0,0.07330425994638082,0.10377427343558487,0.1858938077406498,0.11559219765297613,0.16130768546510757,0.0,0.0,0.07177936715076282,0.0,0.0,0.10001427198866031,0.059125370286911866,0.036364320191088984,0.0,0.0,0.019310429364328762,0.048556165837030235,0.0,0.0,0.15510731174147274,0.0,0.026214173569071693,0.0,0.0,0.0,0.0,0.0,0.0,0.0,0.0,0.0,0.0,0.04749039068592656,0.780984706143327,0.20106475055217743,0.0,0.0,0.0,0.08384796394170518,0.05517554630665167,0.0,0.6659668162771764,0.6451610125540571,0.0,0.06853125698747013,0.0,0.0,0.0,0.0,0.0,0.0,0.0,0.0,0.0,0.389990523045013,0.09639732757527751,0.0,0.0,0.0,0.05843678748759906,0.0,0.0,0.0,0.0,0.0,0.10101310109983608,0.10730920198914351,0.07174881362370049,0.0,0.0,0.0,0.0,0.13732142746448517,0.0,0.0,0.0,0.0,0.0,0.03643595883479639,0.0,0.04180672500104557,0.12488401061594212,0.0,0.0,0.0,0.07335001521775969,0.0
0.0,0.0,0.0,0.0,0.0,0.0,0.0,0.0,0.0,0.0,0.0,0.0,0.0,0.0,0.0,0.0,0.0,0.0,0.0,0.7211490869522095,0.0,0.0,0.0,0.0,0.0,0.0,0.0,0.0,0.0,0.0,0.0,0.0,0.0,0.0,0.26642516255378723,0.0,0.0,0.0,0.0,0.0,0.0,0.0,0.0,0.0,0.0,0.0,0.0,0.0,0.0,0.0,0.0,0.0,0.0,0.0,0.8054065358076485,0.0,0.0,0.0,0.0,0.0,0.0,0.0,0.0,0.0,0.0,0.0,0.0,0.3794653892754738,0.4416206181049347,0.0,0.0,0.0,0.0,0.0,0.0,0.0,0.0,0.0,0.0,0.0,0.0,0.0,0.0,0.0,0.0,0.0,0.0,0.0,0.7148720026016235,0.0,0.0,0.0,0.0,0.0,0.0,0.0,0.0,0.0,0.0,0.0
0.29405830795295756,0.0,0.5149075791492577,0.0,0.0,0.0,0.4027283099523338,0.20458791646375116,0.20839010769129063,0.0,0.0,0.0,0.0,0.4434256738341201,0.13170802345419408,0.2886370851355372,0.6102761984581306,0.55919279969608,0.1398306062812285,0.0,0.4510721815559256,0.0,0.0,0.1078713222502213,0.14164431765599397,0.09030465012941277,0.0,0.8358306288719177,0.050195305674968244,0.12182359453025571,0.0,0.7840160131454468,0.11581648676888942,0.0,0.49494956877224633,0.0,0.0,0.23437554599067145,0.0,0.3681402672127483,0.0,0.0,0.0,0.6574043848669007,0.12043950940409748,0.3260142302615958,0.07096720833525567,0.09088276222201319,0.0,0.0,0.0,0.5338267858396206,0.024939757176163056,0.0,0.295786700591682,0.20031161519808516,0.06554590906261437,0.31283591015503387,0.0,0.21224949662601134,0.0,0.0,0.0,0.0,0.0,0.4060820849067716,0.0,0.5291296470810833,0.46793622051790884,0.0,0.0,0.0,0.15189990627663888,0.0,0.0,0.15551546213755404,0.0,0.0,0.1277884530586824,0.1533399324479484,0.30775234535312374,0.0,0.30794150184698577,0.0,0.0,0.0,0.17691681563745273,0.0,0.0,0.0,0.655161039693418,0.11569625347292614,0.0,0.2246196578898829,0.11355652251467312,0.07163992690556245,0.0,0.0,0.27404567183485856,0.41763214103612256
0.0,0.0,0.0,0.0,0.0,0.0,0.0,0.0,0.0,0.0,0.0,0.0,0.0,0.20607654724163993,0.0,0.0,0.0,0.0,0.0,0.0,0.0,0.0,0.0,0.0,0.0,0.0,0.0,0.0,0.0,0.0,0.0,0.0,0.0,0.0,0.0,0.0,0.0,0.0,0.0,0.0,0.0,0.0,0.0,0.0,0.0,0.0,0.0,0.0,0.0,0.0,0.0,0.2714698612689972,0.0,0.0,0.0,0.0,0.0,0.0,0.0,0.0,0.0,0.0,0.0,0.0,0.0,0.0,0.0,0.0,0.0,0.0,0.0,0.0,0.0,0.0,0.0,0.0,0.0,0.0,0.0,0.0,0.37038785219192505,0.0,0.0,0.0,0.0,0.0,0.0,0.0,0.0,0.0,0.0,0.0,0.0,0.0,0.0,0.0,0.0,0.0,0.0,0.0
0.0,0.0,0.0,0.0,0.0,0.0,0.0,0.0,0.0,0.0,0.0,0.0,0.0,0.0,0.0,0.19270862638950348,0.0,0.0,0.0,0.0,0.0,0.0,0.0,0.0,0.7916024923324585,0.0,0.0,0.0,0.0,0.0,0.0,0.0,0.0,0.0,0.0,0.0,0.0,0.0,0.0,0.0,0.0,0.0,0.0,0.0,0.0,0.0,0.0,0.0,0.0,0.0,0.0,0.0,0.0,0.0,0.0,0.0,0.0,0.0,0.0,0.0,0.0,0.0,0.0,0.0,0.0,0.0,0.0,0.0,0.0,0.0,0.0,0.0,0.0,0.0,0.0,0.0,0.0,0.0,0.0,0.0,0.0,0.0,0.0,0.0,0.0,0.0,0.0,0.0,0.0,0.0,0.0,0.0,0.0,0.0,0.0,0.0,0.0,0.0,0.0,0.0
0.0,0.0,0.0,0.0,0.0,0.0,0.0,0.0,0.0,0.0,0.0,0.0,0.0,0.0,0.0,0.0,0.0,0.0,0.0,0.0,0.0,0.0,0.0,0.0,0.0,0.0,0.0,0.0,0.0,0.0,0.0,0.0,0.0,0.0,0.0,0.0,0.0,0.0,0.0,0.0,0.0,0.0,0.0,0.0,0.0,0.0,0.0,0.0,0.0,0.0,0.0,0.0,0.0,0.0,0.0,0.0,0.0,0.0,0.0,0.0,0.0,0.0,0.0,0.0,0.0,0.0,0.0,0.0,0.0,0.0,0.0,0.0,0.0,0.0,0.0,0.0,0.0,0.0,0.0,0.0,0.0,0.0,0.0,0.0,0.0,0.0,0.0,0.0,0.0,0.0,0.0,0.0,0.0,0.0,0.0,0.0,0.0,0.0,0.0,0.0
0.8141079545021057,0.0,0.45455671903690864,0.3859787881374359,0.0,0.0,0.31747185183946935,0.6991993398921854,0.11132956136815414,0.0,0.0,0.0,0.0,0.24406567289191589,0.8127828267316946,0.4463216017193941,0.04461613636823869,0.2198820147155871,0.10352766957594726,0.0,0.3324634735474794,0.0,0.0,0.46324025398319507,0.5943150923808823,0.2680770345651822,0.0,0.0,0.14642040506324167,0.361395117126161,0.0,0.0,0.059868132217229135,0.0,0.19325035851201683,0.0,0.0,0.6488746999193928,0.0,0.0,0.0,0.0,0.0,0.4867285192012787,0.33343986546332416,0.5441345376478287,0.30144353043107286,0.07760672875528529,0.0,0.0,0.0,0.18544293015833108,0.02129659049826239,0.0,0.305756042515181,0.2643601072954149,0.18146552744730685,0.23684631577539272,0.0,0.0,0.0,0.0,0.0,0.0,0.0,0.30065472091558654,0.0,0.5012350354639155,0.18174479766325496,0.0,0.0,0.0,0.4430941401196673,0.0,0.0,0.0,0.0,0.0,0.17461098612626014,0.16633402421361138,0.4712926600360052,0.0,0.0,0.0,0.0,0.053003158158044794,0.4897987337894705,0.0,0.0,0.0,0.0,0.05647735279669972,0.0,0.3274394221014371,0.09970290872600307,0.21327085509822064,0.0,0.0,0.24722038095844928,0.0
0.040857062174450766,0.0,0.08800294909130729,0.0,0.0,0.1389420433616415,0.05084628455053049,0.028425863160574404,0.13893232893874685,0.0,0.0,0.0,0.0,0.44029405480396167,0.043172430220369276,0.36422609994869914,0.08479302202874732,0.22343358162332938,0.01942835016121107,0.0,0.06284536682966999,0.0,0.1375764290669359,0.08932830882393716,0.1303967869346856,0.22718308029409923,0.0,0.11613201547971008,0.06652252527602623,0.09997820095909407,0.0,0.10893278689467596,0.12356182351905748,0.0,0.15171651673541747,0.0,0.0,0.03256461727394428,0.0,0.051150160970239965,0.0,0.0,0.0,0.09134110854831018,0.15961533057386532,0.5323288941132502,0.009860328937771739,0.01262743668947671,0.0,0.0,0.0,0.2683311853474554,0.003465180822999257,0.0,0.03571674670409372,0.13213063516385234,0.1847985126384762,0.09609345845590644,0.0,0.02949037876369785,0.0,0.06764143206558693,0.0,0.0,0.0,0.05642187464950245,0.0,0.2123438257068775,0.09795552187477924,0.0,0.0,0.0,0.20130897140353193,0.0,0.0,0.021607636083721748,0.0,0.05746880288483533,0.10195919274985057,0.0748322568825832,0.060505398684816074,0.0,0.2389422741810001,0.0,0.0,0.0,0.23446322682452653,0.0,0.0,0.0,0.09102941358594101,0.03424969119798873,0.0,0.041229362364828936,0.1016706005997645,0.10886143297841482,0.3424643278121948,0.0,0.10544469485981475,0.05802666304905612
0.0,0.6664767861366272,0.08225994714331504,0.0,0.0,0.0,0.38915930122899367,0.13414366234108918,0.13379393505121354,0.0,0.0,0.0,0.0,0.5399365288192607,0.4720229043521834,0.11489541366721269,0.0,0.42926349276805853,0.1777730168316004,0.0,0.18266510670466152,0.0,0.0,0.21656336084581085,0.11745759348111429,0.16540508030677908,0.0,0.0,0.0,0.22086035068053764,0.0,0.0,0.3358576736558234,0.0,0.11923658854567748,0.0,0.0,0.0,0.0,0.0,0.0,0.0,0.0,0.43362081165820854,0.0,0.13247899733819157,0.3510578865979497,0.43537044525146484,0.0,0.0,0.0,0.6937355902187806,0.11947296627852211,0.0,0.312384172192228,0.13913973551269881,0.0,0.4908115676300342,0.0,0.0,0.0,0.0,0.618027925491333,0.0,0.0,0.5162706451401124,0.0,0.26435309449447414,0.0830230829285445,0.0,0.0,0.0,0.0,0.0,0.0,0.0,0.0,0.0,0.1955863249822148,0.7871589279798741,0.21469321055694585,0.0,0.10073392624421196,0.0,0.0,0.0,0.0,0.0,0.0,0.0,0.0,0.2672733536795735,0.0,0.1901601534092721,0.4671834242676479,0.13207387076137056,0.0,0.0,0.14209905592629246,0.0
0.03015405013692577,0.0,0.16179929873385707,0.21531611680984497,0.0,0.0,0.10093387672454009,0.04934577058359314,0.041566308346476136,0.0,0.0,0.0,0.0,0.0701299299426717,0.04884006702255472,0.42358915628857974,0.052784056406983526,0.08609889107024442,0.03490872929584281,0.0,0.10605394261120367,0.0,0.0,0.14777098604823757,0.23269626794919263,0.20964979293055916,0.0,0.0,0.035740229978596286,0.02902524065555555,0.0,0.0,0.033397104052987986,0.0,0.360577046895085,0.0,0.0,0.0317024210639564,0.17317688465118408,0.0,0.0,0.0,0.019012141357845458,0.1641210913658142,0.012350404347762524,0.10319302476078576,0.16815859421465906,0.043292481316234976,0.0,0.0,0.0,0.04394952290506218,0.026033048373728267,0.0,0.225007808909746,0.15901513537278492,0.30638027853406596,0.07479855931061376,0.0,0.0,0.0,0.01448178214049818,0.0,0.0,0.020593849107105693,0.10137844604200197,0.0,0.2573809587785747,0.14222794435348896,0.08306380082723308,0.0,0.0,0.028158875889231577,0.0,0.0,0.0,0.0,0.01230385959963778,0.1903480376493392,0.02773217233893891,0.07828162374786114,0.0,0.0,0.0,0.0,0.029567516516437742,0.01814183916766072,0.0,0.23779229819774628,0.5093027949333191,0.0,0.06341850352785774,0.0,0.01967581350797893,0.7371645239788006,0.034484335580278754,0.0,0.03804762256397995,0.16386971758810995,0.0
0.0,0.0,0.0,0.0,0.0,0.0,0.0,0.0,0.0,0.0,0.0,0.0,0.0,0.0,0.0,0.0,0.0,0.0,0.0,0.0,0.0,0.0,0.0,0.0,0.0,0.0,0.0,0.0,0.0,0.0,0.0,0.0,0.0,0.0,0.0,0.0,0.0,0.0,0.0,0.0,0.0,0.0,0.0,0.0,0.0,0.0,0.0,0.0,0.0,0.0,0.0,0.0,0.0,0.0,0.0,0.0,0.0,0.0,0.0,0.0,0.0,0.0,0.0,0.0,0.0,0.0,0.0,0.0,0.0,0.0,0.0,0.0,0.0,0.0,0.0,0.0,0.0,0.0,0.0,0.0,0.0,0.0,0.0,0.0,0.0,0.0,0.0,0.0,0.0,0.0,0.0,0.0,0.0,0.0,0.0,0.0,0.0,0.0,0.0,0.0
0.0,0.0,0.0,0.0,0.0,0.0,0.0,0.0,0.0,0.0,0.0,0.0,0.0,0.0,0.0,0.0,0.0,0.28122787861771315,0.0,0.0,0.0,0.0,0.0,0.0,0.21267784764101838,0.35041748775683956,0.0,0.0,0.0,0.4679017663002014,0.0,0.0,0.0,0.0,0.25260763290569743,0.0,0.0,0.0,0.0,0.0,0.0,0.0,0.0,0.0,0.0,0.0,0.0,0.0,0.0,0.0,0.0,0.0,0.0,0.0,0.0,0.0,0.0,0.3869658987517717,0.0,0.0,0.0,0.0,0.0,0.0,0.0,0.0,0.0,0.5345700259827719,0.17588782697417524,0.0,0.0,0.0,0.0,0.0,0.0,0.0,0.0,0.0,0.0,0.0,0.5813977718353271,0.0,0.0,0.0,0.0,0.0,0.0,0.0,0.0,0.0,0.0,0.0,0.0,0.4028621315956116,0.0718961885379524,0.0,0.0,0.0,0.0,0.0
0.0,0.0,0.0,0.0,0.0,0.0,0.0,0.0,0.0,0.0,0.0,0.0,0.0,0.0,0.0,0.0,0.0,0.0,0.0,0.0,0.0,0.0,0.0,0.0,0.0,0.0,0.0,0.0,0.0,0.0,0.0,0.0,0.0,0.0,0.0,0.0,0.0,0.0,0.0,0.0,0.0,0.0,0.0,0.0,0.0,0.0,0.0,0.0,0.0,0.0,0.0,0.0,0.0,0.0,0.0,0.0,0.0,0.0,0.0,0.0,0.0,0.0,0.0,0.0,0.0,0.0,0.0,0.0,0.0,0.0,0.0,0.0,0.0,0.0,0.0,0.0,0.0,0.0,0.0,0.0,0.0,0.0,0.0,0.0,0.0,0.0,0.0,0.0,0.0,0.0,0.0,0.0,0.0,0.0,0.0,0.0,0.0,0.0,0.0,0.0
0.0,0.0,0.0,0.0,0.0,0.0,0.0,0.0,0.0,0.0,0.0,0.0,0.0,0.0,0.0,0.0,0.0,0.0,0.0,0.0,0.0,0.0,0.0,0.0,0.0,0.0,0.0,0.0,0.0,0.0,0.0,0.0,0.0,0.0,0.0,0.0,0.0,0.0,0.0,0.0,0.0,0.0,0.0,0.0,0.0,0.0,0.0,0.0,0.0,0.0,0.0,0.0,0.0,0.0,0.0,0.0,0.0,0.0,0.0,0.0,0.0,0.0,0.0,0.0,0.0,0.0,0.0,0.5863666165675028,0.6824116110801697,0.0,0.0,0.0,0.0,0.0,0.0,0.0,0.0,0.0,0.0,0.0,0.0,0.0,0.0,0.0,0.0,0.0,0.0,0.0,0.0,0.0,0.0,0.0,0.0,0.0,0.2051561176776886,0.0,0.0,0.0,0.0,0.0
0.0,0.0,0.0,0.0,0.0,0.0,0.0,0.0,0.0,0.0,0.0,0.0,0.0,0.0,0.0,0.0,0.0,0.0,0.0,0.0,0.0,0.0,0.0,0.0,0.0,0.0,0.0,0.0,0.0,0.0,0.0,0.0,0.0,0.0,0.0,0.0,0.0,0.0,0.0,0.0,0.0,0.0,0.0,0.0,0.0,0.0,0.0,0.0,0.0,0.0,0.0,0.0,0.0,0.0,0.0,0.0,0.0,0.0,0.0,0.0,0.0,0.0,0.0,0.0,0.0,0.0,0.0,0.0,0.0,0.0,0.0,0.0,0.0,0.0,0.0,0.0,0.0,0.0,0.0,0.0,0.0,0.0,0.0,0.0,0.0,0.0,0.0,0.0,0.0,0.0,0.0,0.0,0.0,0.0,0.0,0.0,0.0,0.0,0.0,0.0
0.0,0.0,0.0,0.0,0.0,0.0,0.0,0.0,0.3041896558402257,0.0,0.0,0.0,0.0,0.0,0.0,0.15267461538014393,0.0,0.08017876650656419,0.0,0.0,0.0,0.0,0.0,0.0,0.0,0.0,0.0,0.0,0.0,0.0,0.0,0.0,0.0,0.0,0.0,0.0,0.0,0.0,0.0,0.0,0.0,0.0,0.0,0.0,0.0,0.22796409931324746,0.0,0.0,0.0,0.0,0.0,0.0,0.0,0.0,0.0,0.0,0.0,0.5267781815583845,0.0,0.0,0.0,0.0,0.0,0.0,0.0,0.0,0.0,0.0,0.0,0.0,0.0,0.0,0.0,0.0,0.0,0.0,0.0,0.0,0.0,0.0,0.0,0.0,0.0,0.0,0.0,0.0,0.0,0.0,0.0,0.0,0.0,0.0,0.0,0.0,0.43808010519836665,0.7429354190826416,0.0,0.0,0.0,0.0
0.0,0.0,0.0,0.0,0.0,0.0,0.0,0.0,0.0,0.0,0.0,0.0,0.0,0.0,0.0,0.0,0.0,0.0,0.0,0.0,0.0,0.0,0.0,0.0,0.0,0.0,0.0,0.0,0.0,0.0,0.0,0.0,0.0,0.0,0.0,0.0,0.0,0.0,0.0,0.0,0.0,0.0,0.0,0.0,0.0,0.0,0.0,0.0,0.0,0.0,0.0,0.0,0.0,0.0,0.5234125852584839,0.0,0.0,0.0,0.0,0.0,0.0,0.0,0.0,0.0,0.0,0.0,0.0,0.0,0.0,0.0,0.0,0.0,0.0,0.0,0.0,0.0,0.0,0.0,0.0,0.0,0.0,0.0,0.0,0.0,0.0,0.0,0.0,0.0,0.0,0.0,0.0,0.0,0.0,0.0,0.0,0.0,0.0,0.0,0.0,0.0
0.0,0.0,0.0,0.0,0.0,0.0,0.0,0.0,0.0,0.0,0.0,0.0,0.0,0.0,0.0,0.0,0.0,0.0,0.0,0.0,0.0,0.0,0.0,0.0,0.0,0.0,0.0,0.0,0.0,0.0,0.0,0.0,0.0,0.0,0.0,0.0,0.0,0.0,0.0,0.0,0.0,0.0,0.0,0.0,0.0,0.0,0.0,0.0,0.0,0.0,0.0,0.0,0.0,0.0,0.0,0.0,0.0,0.0,0.0,0.0,0.0,0.0,0.0,0.0,0.0,0.0,0.0,0.21145591139793396,0.0,0.0,0.0,0.0,0.0,0.0,0.0,0.0,0.0,0.0,0.0,0.0,0.0,0.0,0.0,0.0,0.0,0.0,0.0,0.0,0.0,0.0,0.0,0.0,0.0,0.0,0.0,0.0,0.0,0.0,0.0,0.0
0.0,0.27563765154727227,0.12841223725620066,0.0,0.02618530045121641,0.0,0.22801213157063302,0.07213425709541234,0.191775349022077,0.0,0.0,0.0,0.0,0.2158052469643733,0.05910238880843604,0.42503232448892636,0.014362625822611384,0.5585858105118812,0.09559545547631727,0.018883505511963994,0.2976210852036259,0.0,0.0,0.3185252456598111,0.5131437742601233,0.40269244220920425,0.019811161077210815,0.0,0.22253214722616418,0.02926217575267792,0.6331131458282471,0.0,0.32011070687084336,0.0,0.27431641003551094,0.07164942475395063,0.0,0.32370543151969505,0.0,0.0,0.0,0.0,0.8025464467156144,0.2831096817341091,0.007497573728620519,0.26339299444510383,0.14518850983531598,0.10258760390529971,0.0,0.0,0.0,0.0663767837059312,0.6077480431450066,0.0,0.11884275312935622,0.2584422708876392,0.09052807402658285,0.2576781785436646,0.0,0.4889181665075881,0.0,0.011738285954516677,0.0342688504372673,0.0,0.0,0.2776187767459226,0.0,0.41237590689819753,0.19149190836561214,0.0,0.2796447893006685,0.0,0.014997183588358862,0.0,0.0,0.34140756951487444,0.6911366581916809,0.009972959192700921,0.18683884118853422,0.0575602656018238,0.43004222097017325,0.0,0.2552356046392439,0.0,0.0,0.0,0.011013386517742146,0.0,0.033802582840140705,0.3108586468296366,0.0,0.5709716179526072,0.3292937677825378,0.02381011433775916,0.21504699536128077,0.07621134608080617,0.0,0.0,0.13838696007667073,0.0946446839495578
0.0,0.0,0.0,0.0,0.0,0.0,0.3398492932319641,0.0,0.0,0.0,0.0,0.0,0.0,0.07003496893175479,0.0,0.7033977508544922,0.0,0.0,0.0,0.0,0.0,0.0,0.0,0.0,0.0,0.0,0.0,0.0,0.0,0.0,0.0,0.0,0.0,0.0,0.0,0.0,0.0,0.0,0.0,0.0,0.0,0.0,0.0,0.0,0.0,0.0,0.0,0.0,0.0,0.0,0.0,0.09225884048604804,0.0,0.0,0.0,0.0,0.0,0.0,0.0,0.0,0.0,0.0,0.0,0.0,0.0,0.0,0.0,0.0,0.0,0.0,0.0,0.0,0.0,0.0,0.0,0.0,0.0,0.0,0.0,0.0,0.12587604978913092,0.0,0.0,0.0,0.0,0.0,0.0,0.0,0.0,0.0,0.0,0.0,0.0,0.0,0.0,0.0,0.0,0.0,0.0,0.0
0.0,0.0,0.0,0.0,0.0,0.0,0.0,0.0,0.0,0.0,0.0,0.0,0.0,0.0,0.0,0.0,0.0,0.0,0.0,0.0,0.7176912426948547,0.0,0.0,0.0,0.0,0.0,0.0,0.0,0.0,0.0,0.0,0.0,0.0,0.0,0.0,0.0,0.0,0.0,0.0,0.0,0.0,0.0,0.0,0.0,0.0,0.0,0.0,0.0,0.0,0.0,0.0,0.0,0.0,0.0,0.0,0.0,0.0,0.0,0.0,0.0,0.0,0.0,0.0,0.0,0.0,0.0,0.0,0.15176005582635632,0.0,0.0,0.0,0.0,0.0,0.0,0.0,0.0,0.0,0.0,0.0,0.0,0.0,0.0,0.0,0.0,0.0,0.0,0.0,0.0,0.0,0.0,0.0,0.0,0.0,0.0,0.0,0.0,0.0,0.0,0.0,0.0
0.0,0.0,0.0,0.0,0.0,0.0,0.0,0.0,0.0,0.0,0.0,0.0,0.0,0.0,0.0,0.0,0.0,0.0,0.0,0.0,0.0,0.0,0.0,0.0,0.0,0.0,0.0,0.0,0.0,0.0,0.0,0.0,0.0,0.0,0.0,0.0,0.0,0.0,0.0,0.0,0.0,0.0,0.0,0.0,0.0,0.0,0.0,0.0,0.0,0.0,0.0,0.0,0.0,0.0,0.0,0.0,0.0,0.0,0.0,0.0,0.0,0.0,0.0,0.0,0.0,0.0,0.0,0.0,0.0,0.0,0.0,0.0,0.0,0.0,0.0,0.0,0.0,0.0,0.0,0.0,0.0,0.0,0.0,0.0,0.0,0.0,0.0,0.0,0.0,0.0,0.0,0.0,0.0,0.0,0.0,0.0,0.0,0.0,0.0,0.0
0.0,0.0,0.0,0.0,0.0,0.0,0.0,0.0,0.0,0.0,0.0,0.0,0.0,0.0,0.0,0.0,0.0,0.0,0.0,0.0,0.0,0.0,0.0,0.0,0.6069270372390747,0.0,0.0,0.0,0.0,0.0,0.0,0.0,0.0,0.0,0.7208762168884277,0.0,0.0,0.0,0.0,0.0,0.0,0.0,0.0,0.0,0.0,0.0,0.0,0.0,0.0,0.0,0.0,0.0,0.0,0.0,0.0,0.0,0.0,0.0,0.0,0.0,0.0,0.0,0.0,0.0,0.0,0.0,0.0,0.6907618049847173,0.5019379258155823,0.0,0.0,0.0,0.0,0.0,0.0,0.0,0.0,0.0,0.0,0.0,0.0,0.0,0.0,0.0,0.0,0.0,0.0,0.0,0.0,0.0,0.0,0.0,0.0,0.0,0.0,0.0,0.0,0.0,0.0,0.0
0.0,0.0,0.1430365787090096,0.0,0.0,0.0,0.04662690699905822,0.0,0.19952968016387018,0.0,0.0,0.0,0.0,0.10633714371237846,0.21787329002260947,0.2191601682877595,0.7249764800071716,0.41232056219318297,0.0,0.0,0.19182816990811605,0.0,0.0,0.2672850921070481,0.24741219569335118,0.1881850957883841,0.0,0.0,0.250152804539873,0.18311287787226233,0.0,0.0,0.0,0.0,0.5158038952374114,0.0,0.0,0.28638433968467325,0.0,0.0,0.0,0.0,0.7100181579589844,0.0,0.37845200992510897,0.31302003770208964,0.0,0.0,0.0,0.0,0.0,0.09726279985384666,0.5285459558747334,0.0,0.11031818585954012,0.017412660178825742,0.08009078680365224,0.1913795321193701,0.0,0.0,0.0,0.5925087332725525,0.0,0.0,0.0,0.0,0.0,0.5230529271229128,0.470447652375352,0.0,0.0,0.0,0.757006796820729,0.0,0.0,0.0,0.0,0.5034010451902802,0.29137263058984625,0.1417776283406593,0.18892976869862446,0.0,0.0,0.0,0.0,0.0,0.555918276309967,0.0,0.0,0.0,0.0,0.048139430115582714,0.0,0.08777289803625735,0.13082486977457933,0.26197840115906534,0.0,0.0,0.3451103462215872,0.0
0.0,0.0,0.07741168888578252,0.0,0.0,0.0,0.40111396933600274,0.1262374681211031,0.26940240126789916,0.0,0.0,0.0,0.0,0.2383819658301571,0.10145749311093294,0.20506450090066336,0.0,0.4018716677433538,0.16729538431721683,0.0,0.44704496979648933,0.0,0.0,0.0,0.1272217340155122,0.035552479850039974,0.0,0.0,0.0,0.04747214023099604,0.0,0.0,0.13132517402241148,0.0,0.025628937175298874,0.0,0.0,0.0,0.0,0.0,0.0,0.0,0.0,0.7865282297134399,0.0,0.12467091557908834,0.0,0.0,0.0,0.0,0.0,0.10889035360870146,0.0,0.0,0.31178881843798223,0.1869414279009951,0.0,0.12366478922510223,0.0,0.0,0.0,0.0,0.0,0.0,0.0,0.48584255096614726,0.0,0.12522216934616942,0.01784513799352935,0.0,0.0,0.0,0.0,0.0,0.0,0.1860609754723228,0.0,0.0,0.18405880705780628,0.0,0.2319028694680892,0.0,0.36842572072598045,0.0,0.0,0.0,0.0,0.0,0.0,0.0,0.0,0.0,0.0,0.04087338194101752,0.17030045917954523,0.12428966645830307,0.0,0.0,0.1337239846406041,0.4996612071990967
0.0,0.0,0.0,0.0,0.0,0.0,0.0,0.0,0.0,0.0,0.0,0.0,0.0,0.0,0.0,0.0,0.0,0.0,0.0,0.0,0.0,0.0,0.0,0.0,0.7485129833221436,0.0,0.0,0.0,0.0,0.0,0.0,0.0,0.0,0.0,0.0,0.0,0.0,0.0,0.0,0.0,0.0,0.0,0.0,0.0,0.0,0.0,0.0,0.0,0.0,0.0,0.0,0.0,0.0,0.0,0.46287980675697327,0.0,0.0,0.0,0.0,0.0,0.0,0.0,0.0,0.0,0.0,0.0,0.0,0.5705670918116965,0.6640241742134094,0.0,0.0,0.0,0.0,0.0,0.0,0.0,0.0,0.0,0.0,0.0,0.0,0.0,0.0,0.0,0.0,0.0,0.0,0.0,0.0,0.0,0.0,0.0,0.0,0.0,0.0,0.0,0.0,0.0,0.0,0.0
0.0,0.0,0.0,0.0,0.0,0.0,0.0,0.0,0.0,0.0,0.0,0.0,0.0,0.0,0.0,0.0,0.0,0.5138367414474487,0.0,0.0,0.0,0.0,0.0,0.0,0.45453525282177765,0.748912513256073,0.0,0.0,0.0,0.0,0.0,0.0,0.0,0.0,0.5398732193364424,0.0,0.0,0.0,0.0,0.0,0.0,0.0,0.0,0.0,0.0,0.0,0.0,0.0,0.0,0.0,0.0,0.0,0.0,0.0,0.0,0.0,0.0,0.8270238041877747,0.0,0.0,0.0,0.0,0.0,0.0,0.0,0.0,0.0,0.517320159432406,0.37590759352108805,0.0,0.0,0.0,0.0,0.0,0.0,0.0,0.0,0.0,0.0,0.0,0.0,0.0,0.0,0.0,0.0,0.0,0.0,0.0,0.0,0.0,0.0,0.0,0.0,0.0,0.153656587164547,0.0,0.0,0.0,0.0,0.0
0.0,0.0,0.0,0.0,0.0,0.0,0.0,0.0,0.0,0.0,0.0,0.0,0.0,0.0,0.0,0.47575594246247077,0.0,0.1782788758231019,0.0,0.0,0.0,0.0,0.0,0.0,0.0,0.0,0.0,0.0,0.0,0.0,0.0,0.0,0.0,0.0,0.34993996416685036,0.0,0.0,0.0,0.0,0.0,0.0,0.0,0.0,0.0,0.0,0.10790244064840415,0.0,0.0,0.0,0.0,0.0,0.0,0.17484033107757568,0.0,0.0,0.31504404223666,0.0,0.0,0.0,0.3510649800300598,0.0,0.0,0.0,0.0,0.0,0.0,0.0,0.19494254466122307,0.0,0.0,0.0,0.0,0.0,0.0,0.0,0.0,0.0,0.0,0.0,0.0,0.707954228090216,0.0,0.0,0.0,0.0,0.0,0.0,0.0,0.0,0.49100014567375183,0.0,0.8709778114790692,0.0,0.0,0.0,0.0,0.0,0.0,0.0,0.0
0.37506671167748884,0.0,0.6262810342661742,0.0,0.0,0.0,0.08605049843592379,0.2861368498626721,0.0559876263261764,0.0,0.0,0.0,0.0,0.24864729352576992,0.059828807571578047,0.24980004238322817,0.7783976197242737,0.6665507893021407,0.0,0.0,0.09874581898690912,0.0,0.0,0.1375881620292997,0.21280994211880444,0.0772800523490807,0.0,0.0,0.06402331691362567,0.10477455094000396,0.0,0.0,0.17712247405821735,0.0,0.6039776103499697,0.0,0.0,0.29894229462273914,0.0,0.4695570766925812,0.0,0.0,0.0,0.0,0.15361868556854863,0.3863513288735288,0.09051754957215419,0.11591952294111252,0.0,0.0,0.0,0.1400729621370525,0.03181026504306406,0.0,0.19398132261244505,0.11810997567385625,0.08360276826444696,0.11015440520754455,0.0,0.27072086930274963,0.0,0.0,0.0,0.0,0.0,0.0,0.0,0.5797082607699415,0.5778207332640651,0.0,0.0,0.0,0.1937459232078965,0.0,0.0,0.0,0.0,0.0,0.09053190122416514,0.19558265376845252,0.4493390699092507,0.0,0.0,0.0,0.0,0.0,0.22565459463980617,0.0,0.0,0.0,0.8356475234031677,0.14756873779753113,0.0,0.024102760949109597,0.13290023301306242,0.10634050441790363,0.0,0.0,0.29689647182296086,0.0
0.0,0.0,0.0,0.0,0.0,0.0,0.0,0.0,0.0,0.0,0.0,0.0,0.0,0.0,0.0,0.0,0.0,0.0,0.0,0.0,0.0,0.0,0.0,0.0,0.0,0.0,0.0,0.0,0.0,0.0,0.0,0.0,0.0,0.0,0.0,0.0,0.0,0.0,0.0,0.0,0.0,0.0,0.0,0.0,0.0,0.0,0.0,0.0,0.0,0.0,0.0,0.0,0.0,0.0,0.0,0.3654671013355255,0.0,0.17745830118656158,0.0,0.0,0.0,0.0,0.0,0.0,0.0,0.0,0.0,0.22614325990265627,0.0,0.0,0.0,0.0,0.0,0.0,0.0,0.0,0.0,0.0,0.0,0.0,0.0,0.0,0.0,0.0,0.0,0.0,0.0,0.0,0.0,0.0,0.0,0.0,0.0,0.0,0.33197747129530764,0.0,0.0,0.0,0.0,0.0
0.46898549408852946,0.1391823667200026,0.414606819500653,0.19719197668704425,0.2573947745985861,0.03187076591593038,0.3767228393381861,0.45706203195653494,0.3061753964784131,0.0,0.0,0.0,0.0,0.3743988401570001,0.1865873183704446,0.6397816971766719,0.4442508283215394,0.7118024170240435,0.13685404908861076,0.18562000668804013,0.38709427984072986,0.0,0.03155751895003736,0.5361571768024647,0.6980630824313507,0.2864595086734711,0.01000358358416976,0.7121648141110495,0.5839819854548853,0.20050436954708564,0.0,0.02498719082929953,0.23178952192254265,0.0,0.42956752883081395,0.03617915206940194,0.0,0.4842139762148509,0.6966335932714287,0.21110490313356806,0.0,0.0,0.8111822898994039,0.5594244778512594,0.22864587260731106,0.3446382791143911,0.13012590643658278,0.09434614733827773,0.0,0.0,0.0,0.2369240692684694,0.6297439063534624,0.0,0.2947119759720934,0.36396569169939924,0.17571660134128578,0.2593736816687339,0.0,0.5031874437522859,0.0,0.22637968600529818,0.0173039484332374,0.0,0.2914307653419216,0.3974378647122925,0.0,0.7378527425237734,0.5441025097766256,0.33413832427815304,0.141205758347235,0.0,0.3026924553486732,0.0,0.0,0.19324819653179703,0.34898728556891,0.19233433052621918,0.1038714923531606,0.1702526100403556,0.5242531117189587,0.0,0.34076886033915776,0.0,0.0,0.027078683723208395,0.33586403573440626,0.7239048480987549,0.19162065600352002,0.0,0.0208804841333065,0.094296150560569,0.16627585414708962,0.08063669692481375,0.5029181515826621,0.25626597402134754,0.07855505908927896,0.5384252213169493,0.5830476956236145,0.40363166674468337
0.0,0.0,0.0,0.0,0.0,0.0,0.0,0.0,0.0,0.0,0.0,0.0,0.0,0.0,0.0,0.0,0.0,0.0,0.0,0.0,0.0,0.0,0.0,0.0,0.0,0.0,0.0,0.0,0.0,0.0,0.0,0.0,0.0,0.0,0.0,0.0,0.0,0.0,0.0,0.0,0.0,0.0,0.0,0.0,0.0,0.0,0.0,0.0,0.0,0.0,0.0,0.0,0.0,0.0,0.0,0.0,0.0,0.0,0.0,0.0,0.0,0.0,0.0,0.0,0.0,0.0,0.0,0.0,0.0,0.0,0.0,0.0,0.0,0.0,0.0,0.0,0.0,0.0,0.0,0.0,0.0,0.0,0.0,0.0,0.0,0.0,0.0,0.0,0.0,0.0,0.0,0.0,0.0,0.0,0.0,0.0,0.0,0.0,0.0,0.0
0.0,0.0,0.03954980393029723,0.0,0.3654642105102539,0.0,0.01289240169425837,0.0,0.055170221491454896,0.0,0.0,0.0,0.0,0.029402361425941347,0.060242253973180566,0.060598077522151114,0.2004569593117278,0.11400718290630613,0.0,0.2635541817231797,0.3873481812501156,0.0,0.0,0.5397142367178177,0.5493179492384793,0.8443990990529889,0.276501327753067,0.0,0.06916758259642833,0.05063095386036573,0.0,0.0,0.0,0.0,0.6907182738295787,0.0,0.0,0.07918565017049752,0.0,0.0,0.0,0.0,0.19632096340444605,0.0,0.10464248323510952,0.08655045603794288,0.0,0.0,0.0,0.0,0.0,0.026893293300569415,0.14614365857787776,0.0,0.3248503886142133,0.7219502914600616,0.022145208891997663,0.05291669473576657,0.0,0.0,0.0,0.1638294514551486,0.4782850742340088,0.0,0.0,0.0,0.0,0.5800836682960636,0.41180535192755746,0.0,0.0,0.0,0.2093133844390278,0.0,0.0,0.0,0.0,0.13919105738739415,0.08056491922899639,0.03920170248187316,0.0522393318972495,0.0,0.0,0.0,0.0,0.0,0.15371214152190227,0.0,0.4717774491033424,0.0,0.0,0.0133106163442346,0.0,0.024269322847759723,0.43697984821738217,0.0724373757631072,0.0,0.0,0.09542346895158954,0.0
0.0,0.0,0.06460716027194428,0.0,0.0,0.0,0.33476642710176563,0.10535675493733443,0.2979706366012032,0.0,0.0,0.0,0.0,0.6010944526541433,0.0846755911485042,0.2078377101386637,0.0,0.14321113498572685,0.1396233548564787,0.0,0.21500904027503834,0.0,0.0,0.3096708010036764,0.3929776907920986,0.029671807924584123,0.0,0.0,0.5463481083483046,0.039619858660898816,0.0,0.0,0.15931011266300552,0.0,0.021389700644914272,0.0,0.0,0.0,0.0,0.0,0.0,0.0,0.0,0.0,0.0,0.10404932304154282,0.2175961583852768,0.0,0.0,0.0,0.0,0.42276182995734346,0.0,0.0,0.2528935068143011,0.22677799715086022,0.0,0.11917961505046089,0.0,0.0,0.0,0.0,0.0,0.0,0.0,0.40548020601272583,0.0,0.6207575292138772,0.3776817572039054,0.0,0.0,0.0,0.0,0.0,0.0,0.2257099233664519,0.0,0.0,0.15361396990823906,0.0,0.6446303032988332,0.0,0.44693596268746205,0.8201572299003601,0.0,0.0,0.0,0.0,0.0,0.0,0.0,0.0,0.0,0.034112589144204904,0.15996128985115124,0.10373113565402238,0.0,0.0,0.11160494018707896,0.6061372756958008
0.0,0.0,0.15541014919232055,0.0,0.0,0.0,0.0,0.0,0.0,0.0,0.0,0.0,0.0,0.035315366974227096,0.0,0.06860114169527227,0.0,0.0,0.0,0.0,0.0,0.0,0.0,0.0,0.10591532744058818,0.17546160048202353,0.0,0.0,0.0,0.0,0.0,0.0,0.0,0.0,0.12648609476466985,0.0,0.0,0.0,0.0,0.0,0.0,0.0,0.0,0.0,0.0,0.0,0.0,0.0,0.0,0.0,0.0,0.0,0.0,0.0,0.36859163641929626,0.0,0.2796618938446045,0.0,0.0,0.0,0.0,0.0,0.0,0.0,0.0,0.0,0.0,0.12120217185446991,0.08807083180622927,0.0,0.0,0.0,0.0,0.0,0.0,0.0,0.0,0.0,0.0,0.0,0.04888048960732721,0.0,0.0,0.0,0.0,0.0,0.0,0.0,0.0,0.0,0.0,0.0,0.0,0.0,0.0,0.0,0.0,0.0,0.0,0.0
0.1741228351443242,0.0,0.12066019319059977,0.0,0.0,0.0,0.00878652289790944,0.13283759391634817,0.03481261126382762,0.0,0.0,0.0,0.0,0.041332223135986966,0.030749731126619616,0.047907095379924505,0.1610791955925043,0.09378479109350528,0.0,0.0,0.5231569339737157,0.0,0.0,0.728944290875442,0.4193231982991769,0.044688873171386784,0.0,0.0,0.18237066325307794,0.05003283604600955,0.0,0.0,0.0,0.0,0.2595549140433443,0.0,0.0,0.18306381436420902,0.0,0.0,0.0,0.0,0.10978452116250992,0.0,0.07131670241463764,0.05789984199422052,0.0,0.0,0.0,0.0,0.0,0.018328511862214406,0.0817249024234683,0.0,0.0955955273911281,0.0032812971569797346,0.05119597301951181,0.04824277714985419,0.0,0.0,0.0,0.08362422138305374,0.0,0.0,0.11891800195266353,0.0,0.0,0.12164734922905078,0.13890703341623756,0.479647159576416,0.0,0.0,0.08994557073788491,0.0,0.0,0.0,0.0,0.07104793243290194,0.052595856019309425,0.02671702795666156,0.428341504049085,0.0,0.0,0.0,0.0,0.0,0.10475901102045074,0.0,0.0,0.0,0.0,0.009071547572551233,0.0,0.012387902227661906,0.037910781799124126,0.04936804451962311,0.0,0.2197038169419443,0.1859503596146614,0.0
0.7987670302391052,0.0,0.4550260993448887,0.0,0.0,0.0,0.09365337467052262,0.6093760781503583,0.11923497505465448,0.0,0.0,0.0,0.0,0.251699818468063,0.0,0.16995069647305813,0.0,0.0816413675017905,0.0,0.0,0.12216402189759328,0.0,0.0,0.1702180751695956,0.4683607292061086,0.11993215457645066,0.0,0.0,0.1363483165126307,0.1635169610102499,0.0,0.0,0.0,0.0,0.08645623787434989,0.0,0.0,0.6366474055260731,0.0,0.0,0.0,0.0,0.0,0.0,0.3271565762581888,0.24281866059312637,0.0,0.0,0.0,0.0,0.0,0.19535907531675517,0.0,0.0,0.22246193215740234,0.09749456543147239,0.17804601914067553,0.15283534877796043,0.0,0.0,0.0,0.0,0.0,0.0,0.0,0.0,0.0,0.14438794408747863,0.0769022603752057,0.0,0.0,0.0,0.4126142120412379,0.0,0.0,0.0,0.0,0.0,0.19280276183216027,0.28477019389585634,0.1778054853831615,0.0,0.0,0.0,0.0,0.0,0.48056904227543384,0.0,0.0,0.0,0.0,0.26953565802338975,0.0,0.0,0.12909899012490977,0.22646981527130666,0.0,0.0,0.6322904851401885,0.0
0.0,0.0,0.3979633778579303,0.0,0.0,0.0,0.1025996438319381,0.0,0.3035065530254474,0.0,0.0,0.0,0.0,0.2528992845224506,0.0,0.3990484744470976,0.0,0.21738990815781445,0.0,0.0,0.31096229250577123,0.0,0.0,0.43328143637107885,0.2334803715211039,0.45885935974691083,0.0,0.0,0.0,0.0,0.0,0.0,0.0,0.0,0.3307807993381992,0.0,0.0,0.0,0.0,0.0,0.0,0.0,0.0,0.0,0.8327603936195374,0.6180825269858516,0.0,0.0,0.0,0.0,0.0,0.21402081470476497,0.0,0.0,0.0,0.03831548879170084,0.7513154149055481,0.40048540258913257,0.0,0.0,0.0,0.0,0.0,0.0,0.0,0.0,0.0,0.3072317999112458,0.2303189152724305,0.0,0.0,0.0,0.0,0.0,0.0,0.0,0.0,0.0,0.4907696054001143,0.311972959548493,0.1631713810448589,0.0,0.0,0.0,0.0,0.0,0.0,0.0,0.0,0.0,0.0,0.10592785801192049,0.0,0.0,0.33074239990435306,0.5764673743236628,0.0,0.0,0.35655814695131055,0.0
0.29324145716119554,0.0,0.26518774384303945,0.055609041411620014,0.0,0.0,0.2301437300362181,0.23496762824569184,0.5986814375765221,0.14407279135717488,0.0,0.0,0.0,0.3708400836619071,0.14612131446422016,0.29040209942365786,0.12304915959836174,0.200470343290313,0.44757913926257736,0.0,0.3372277507039021,0.0,0.0,0.43941203821175057,0.29643934376285375,0.30682123854951115,0.0,0.0,0.14294020878090608,0.10166553676799789,0.0,0.17595109343528748,0.06861304985474723,0.0,0.30786709616134966,0.0,0.0,0.2571879085091485,0.6014517545700073,0.4013792675081289,0.577015221118927,0.0,0.24402037862787562,0.0701243363944725,0.4479087836350647,0.35647127859198047,0.059356472688069525,0.031577184851858724,0.0,0.0,0.0,0.404444595404769,0.19031698036923742,0.0,0.13596693770078674,0.1830378869848847,0.5054460878293846,0.2532948933559201,0.0,0.04763363296957035,0.0,0.050295934675388405,0.0,0.0,0.07152344092438905,0.04331616487702094,0.0,0.3633234637451249,0.24581835555389223,0.2884846257017557,0.0,0.0,0.15472756438158522,0.5345237255096436,0.0,0.04083600940792532,0.0,0.04273190362034021,0.28429829269955303,0.5730552858125177,0.30674966298342987,0.0,0.0808607831894647,0.0,0.0,0.0076363129465753295,0.17642536670701617,0.0,0.0,0.0,0.14703309546927734,0.2639523279846568,0.0,0.0588667442166084,0.18825107899911553,0.3046538406513195,0.0,0.1321412461854601,0.5683814095603483,0.10966388683151251
0.0,0.0,0.1031657510630565,0.0,0.0,0.0,0.0,0.0,0.013233586733237157,0.0,0.0,0.0,0.0,0.023443361819664423,0.0,0.05813372099173102,0.0,0.6133847182169214,0.0,0.0,0.30059199731497976,0.0,0.0,0.4188319146633148,0.07484102466814371,0.07077206974326847,0.0,0.0,0.0,0.0,0.0,0.0,0.0,0.0,0.051017901897891335,0.0,0.0,0.403347909450531,0.0,0.0,0.0,0.0,0.0,0.0,0.0,0.04525155830802996,0.0,0.0,0.0,0.0,0.0,0.0,0.7444118857383728,0.0,0.14867066599067336,0.0,0.11280104023519755,0.027573802532197433,0.0,0.0,0.0,0.0,0.0,0.0,0.0,0.0,0.0,0.1124485973895288,0.0355231858926119,0.0,0.0,0.0,0.0,0.0,0.0,0.0,0.0,0.0,0.09625105559825897,0.0,0.032448282489127324,0.0,0.0,0.0,0.0,0.0,0.0,0.0,0.0,0.0,0.0,0.0,0.0,0.0,0.06781240531483224,0.0,0.0,0.0,0.06992914322443244,0.0
0.0,0.0,0.09842200948589772,0.0,0.0,0.0,0.5099803849152913,0.1604996023691303,0.09687614954990259,0.0,0.0,0.0,0.0,0.12746039194633618,0.12899408982166793,0.13746954485807164,0.0,0.09202658983929968,0.2127010550888535,0.0,0.0,0.0,0.0,0.0,0.16175100804946774,0.045201784890788986,0.0,0.0,0.0,0.06035656246984526,0.0,0.0,0.0,0.0,0.032584891688676454,0.0,0.0,0.0,0.0,0.0,0.0,0.0,0.0,0.0,0.0,0.15850787151595355,0.0,0.0,0.0,0.0,0.0,0.13844430434286392,0.0,0.0,0.3964114785194397,0.0,0.0,0.10358491377058707,0.0,0.0,0.0,0.0,0.0,0.0,0.0,0.6177051663398743,0.0,0.06895637394759305,0.02268849015124475,0.0,0.0,0.0,0.0,0.0,0.0,0.0,0.0,0.0,0.23401424145305683,0.0,0.29484366956870656,0.0,0.0,0.0,0.0,0.0,0.0,0.0,0.0,0.0,0.0,0.0,0.0,0.051966833988792926,0.1566304205890135,0.15802314750175742,0.0,0.0,0.17001803570270385,0.0
0.0,0.0,0.24786062231990869,0.0,0.0,0.0,0.12320427894750807,0.0,0.3644584388869365,0.0,0.0,0.0,0.0,0.25141733608408756,0.0,0.49804321975993715,0.0,0.2610473670739115,0.0,0.0,0.37341148172788863,0.0,0.0,0.5202954411506653,0.1829752521357551,0.24408848583698273,0.0,0.0,0.0,0.0,0.0,0.0,0.0,0.0,0.17595758425618868,0.0,0.0,0.0,0.0,0.0,0.0,0.0,0.0,0.0,0.0,0.7422093218187253,0.0,0.0,0.0,0.0,0.0,0.2570016734039642,0.0,0.0,0.0,0.04601021984867115,0.0,0.48091312418023335,0.0,0.0,0.0,0.0,0.0,0.0,0.0,0.0,0.0,0.15692210576869953,0.12251726829648124,0.0,0.0,0.0,0.0,0.0,0.0,0.0,0.0,0.0,0.5893287062644958,0.3746251165866852,0.12359190981197724,0.0,0.0,0.0,0.0,0.0,0.0,0.0,0.0,0.0,0.0,0.12720088373981397,0.0,0.0,0.3971639410789018,0.6922367811203003,0.0,0.0,0.42816415103695604,0.0
0.0,0.0,0.0,0.0,0.0,0.0,0.0,0.0,0.0,0.0,0.0,0.0,0.0,0.0,0.0,0.6697309613227844,0.0,0.35171663761138916,0.0,0.0,0.0,0.0,0.0,0.0,0.0,0.0,0.0,0.0,0.0,0.0,0.0,0.0,0.0,0.0,0.0,0.0,0.0,0.0,0.0,0.0,0.0,0.0,0.0,0.0,0.0,0.0,0.0,0.0,0.0,0.0,0.0,0.0,0.0,0.0,0.0,0.0,0.0,0.0,0.0,0.0,0.0,0.0,0.0,0.0,0.0,0.0,0.0,0.0,0.0,0.0,0.0,0.0,0.0,0.0,0.0,0.0,0.0,0.0,0.0,0.0,0.0,0.0,0.0,0.0,0.0,0.0,0.0,0.0,0.0,0.0,0.0,0.0,0.0,0.0,0.0,0.0,0.0,0.0,0.0,0.0
0.0,0.0,0.0,0.0,0.0,0.0,0.0,0.0,0.0,0.0,0.0,0.0,0.0,0.0,0.0,0.0,0.0,0.0,0.0,0.0,0.0,0.0,0.0,0.0,0.0,0.0,0.0,0.0,0.0,0.0,0.0,0.0,0.0,0.0,0.0,0.0,0.0,0.0,0.0,0.0,0.0,0.0,0.0,0.0,0.0,0.0,0.0,0.0,0.0,0.0,0.0,0.0,0.0,0.0,0.0,0.0,0.0,0.0,0.0,0.0,0.0,0.0,0.0,0.0,0.0,0.0,0.0,0.0,0.0,0.0,0.0,0.0,0.0,0.0,0.0,0.0,0.0,0.0,0.0,0.0,0.0,0.0,0.0,0.0,0.0,0.0,0.0,0.0,0.0,0.0,0.0,0.0,0.0,0.0,0.0,0.0,0.0,0.0,0.0,0.0
0.0,0.0,0.0,0.0,0.0,0.0,0.36296641442022093,0.0,0.0,0.0,0.0,0.0,0.0,0.31656546159999227,0.5161236524581909,0.0,0.0,0.7191938146148424,0.0,0.0,0.35699627584465965,0.0,0.0,0.4974232017993927,0.10976806752142904,0.18085875366628343,0.0,0.0,0.0,0.24149516861449882,0.0,0.0,0.7714296579360962,0.0,0.13037677413410645,0.0,0.0,0.0,0.0,0.0,0.0,0.0,0.0,0.0,0.0,0.0,0.0,0.0,0.0,0.0,0.0,0.4170197098767253,0.27441680431365967,0.0,0.7722836136817932,0.3474800097554509,0.0,0.19691782592494775,0.0,0.0,0.0,0.0,0.0,0.0,0.0,0.0,0.0,0.3075498134717305,0.09077986768084564,0.0,0.0,0.0,0.0,0.0,0.0,0.0,0.0,0.0,0.0,0.5337046980857849,0.2903862243223392,0.0,0.0,0.0,0.0,0.0,0.0,0.0,0.0,0.0,0.0,0.18121505005095884,0.0,0.2079266747962194,0.2672488896182678,0.0,0.0,0.0,0.0,0.0
0.7820395231246948,0.15452505814737805,0.4777771554021914,0.0,0.01467972554590147,0.0,0.19782498705240142,0.6466641577727101,0.16860627829022945,0.0,0.0,0.0,0.0,0.21324736508006842,0.04085717293357574,0.22198763689826678,0.008051823029000918,0.1529678700049466,0.06632767646934996,0.010586270674135869,0.18066349993440123,0.0,0.0,0.23775946664516645,0.4807794994410164,0.16480698051077258,0.01110632310295262,0.0,0.12481537358283332,0.18011128347146685,0.0,0.0,0.05831146961510029,0.0,0.12209959826352627,0.04016734094264915,0.0,0.6264956293881419,0.0,0.0,0.0,0.0,0.00788569107125573,0.21859125203249943,0.3245085849577719,0.29063847070056503,0.08139404322557033,0.05751157495966375,0.0,0.0,0.0,0.12782013773476994,0.021652344772180143,0.0,0.26618870338406125,0.06148650165994519,0.1752069542000552,0.28672984761346765,0.0,0.0,0.0,0.0065805934330461415,0.16539855137988163,0.0,0.0,0.1926222152932999,0.0,0.11672793429620532,0.09098662797187344,0.0,0.15677149723460815,0.0,0.4123809478116459,0.0,0.0,0.019757694256200064,0.0,0.005590934658247304,0.2649751088781194,0.15226326422347086,0.23901057567926814,0.0,0.03707557478775456,0.0,0.0,0.0,0.4766793370530918,0.0,0.01895004564718726,0.0,0.0,0.05169974172261003,0.1846051812171936,0.01645980777899085,0.31238334408120566,0.2739139584116059,0.0,0.0,0.3096276153835439,0.053058699377785956
0.0,0.0,0.47169311524188373,0.0,0.0,0.0,0.0,0.0,0.017791120501059243,0.0,0.0,0.0,0.0,0.10718743628107047,0.0,0.20821475562287045,0.0,0.0,0.0,0.0,0.0,0.0,0.0,0.0,0.30950201697471436,0.5325522777426315,0.0,0.0,0.3237571716308594,0.0,0.0,0.0,0.0,0.0,0.3839042712744234,0.0,0.0,0.0,0.0,0.0,0.0,0.0,0.0,0.0,0.0,0.0,0.0,0.0,0.0,0.0,0.0,0.0,0.0,0.0,0.41952774602611953,0.0,0.8488157987594604,0.25236159563064575,0.0,0.0,0.0,0.0,0.0,0.0,0.0,0.0,0.0,0.35458662772761296,0.2518527951142161,0.0,0.0,0.0,0.0,0.0,0.0,0.0,0.0,0.17156048119068146,0.0,0.0,0.14835961832129824,0.0,0.0,0.0,0.0,0.0,0.0,0.0,0.0,0.0,0.0,0.0,0.0,0.0,0.046887430953801434,0.0,0.0,0.0,0.0,0.0
0.21767169879190873,0.5382354245146992,0.26582426881615157,0.08508405138456965,0.0,0.4635694622993469,0.42092186029884704,0.21003299198481384,0.31930242557635713,0.0,0.0,0.8075831532478333,0.3951587677001953,0.538191624984394,0.42236549386756295,0.5684358778384982,0.28863867793374687,0.5350966805041718,0.1352270110114262,0.0,0.7790659253602278,0.0,0.6721886396408081,0.4227305605072687,0.6018345378566472,0.25840284060802216,0.0,0.3874655551994799,0.5325057750537102,0.24218550529080995,0.0,0.36344588164791247,0.33811914411263905,0.0,0.282575984450404,0.0,0.0,0.19603118395689986,0.508987161754689,0.26414186506582993,0.0,0.0,0.05587891183110352,0.3109773348122263,0.0891533138313778,0.19993560172650016,0.2623242454790528,0.4108357137902363,0.0,0.0,0.0,0.6340401697681268,0.355153193207625,0.5341398160634547,0.3896832930861249,0.29817299078159004,0.17238784399310117,0.5134535616834226,0.0,0.09839238502422712,0.0,0.0425636550957063,0.49910894086350766,0.6785886883735657,0.06052773629542478,0.39271278318559877,0.0,0.721666843137273,0.40317049368750935,0.24413424639649842,0.0,0.0,0.19858742637098445,0.0,0.0,0.07209221916234038,0.0,0.03616248547756168,0.09594327539828126,0.7435571132755774,0.44110898021561734,0.0,0.26443129360902773,0.5842323303222656,0.0,0.20243589430846576,0.13095968644021416,0.0,0.0939657115244188,0.20125546483211565,0.30371265089015886,0.31946359598793833,0.0,0.24968480037184113,0.4132755424033938,0.10858323848181065,0.0,0.11182642221195199,0.26274303583045006,0.19360150705904036
0.0,0.0,0.0,0.0,0.0,0.0,0.0,0.0,0.0,0.0,0.0,0.0,0.0,0.7591139078140259,0.0,0.0,0.0,0.0,0.0,0.0,0.0,0.0,0.0,0.0,0.0,0.0,0.0,0.0,0.0,0.0,0.0,0.0,0.0,0.0,0.0,0.0,0.0,0.0,0.0,0.0,0.0,0.0,0.0,0.0,0.0,0.0,0.0,0.0,0.0,0.0,0.0,0.0,0.0,0.0,0.0,0.0,0.0,0.0,0.0,0.0,0.0,0.0,0.0,0.0,0.0,0.0,0.0,0.0,0.0,0.0,0.0,0.0,0.0,0.0,0.0,0.0,0.0,0.0,0.0,0.0,0.0,0.0,0.0,0.0,0.0,0.0,0.0,0.0,0.0,0.0,0.0,0.0,0.0,0.0,0.0,0.0,0.0,0.0,0.0,0.0
0.0,0.0,0.0,0.0,0.0,0.0,0.0,0.0,0.0,0.0,0.0,0.0,0.0,0.0,0.0,0.0,0.0,0.802605390548706,0.0,0.0,0.0,0.0,0.0,0.0,0.0,0.0,0.0,0.0,0.0,0.0,0.0,0.0,0.0,0.0,0.0,0.0,0.0,0.0,0.0,0.0,0.0,0.0,0.0,0.0,0.0,0.0,0.0,0.0,0.0,0.0,0.0,0.0,0.0,0.0,0.0,0.0,0.0,0.0,0.0,0.0,0.0,0.0,0.0,0.0,0.0,0.0,0.0,0.0,0.0,0.0,0.0,0.0,0.0,0.0,0.0,0.0,0.0,0.0,0.0,0.0,0.0,0.0,0.0,0.0,0.0,0.0,0.0,0.0,0.0,0.0,0.0,0.0,0.0,0.0,0.0,0.0,0.0,0.0,0.0,0.0
0.0,0.0,0.4991161049605793,0.0,0.0,0.0,0.0,0.0,0.33031643829783763,0.0,0.0,0.0,0.0,0.3523640634565934,0.0,0.25469318153504955,0.47504891943242455,0.5085774478463295,0.0,0.0,0.15170196173063033,0.0,0.0,0.0,0.2210086952243932,0.0,0.0,0.0,0.050218974401364004,0.0,0.0,0.0,0.0,0.0,0.0,0.0,0.0,0.0,0.0,0.0,0.0,0.0,0.0,0.0,0.0,0.12350417845047343,0.2028939756863224,0.0,0.0,0.0,0.0,0.0,0.5795363187789917,0.0,0.02324534916643676,0.2934684753787842,0.0,0.07525663106037876,0.0,0.0,0.0,0.0,0.0,0.0,0.0,0.0,0.0,0.29835749664363803,0.32226286559487727,0.0,0.0,0.0,0.1519715320446835,0.0,0.0,0.0,0.0,0.0,0.2626960924911259,0.0,0.15698485400193407,0.0,0.5610068440437317,0.0,0.0,0.3571200370788574,0.0,0.0,0.0,0.0,0.0,0.0,0.0,0.0,0.22081992605518103,0.0,0.0,0.0,0.19075508198511648,0.0
0.0,0.0,0.0,0.0,0.0,0.0,0.0,0.0,0.0,0.0,0.0,0.0,0.0,0.0,0.0,0.0,0.0,0.0,0.0,0.0,0.0,0.0,0.0,0.0,0.0,0.0,0.0,0.0,0.0,0.0,0.0,0.0,0.0,0.0,0.0,0.0,0.0,0.0,0.0,0.0,0.0,0.0,0.0,0.0,0.0,0.0,0.0,0.0,0.0,0.0,0.0,0.0,0.0,0.0,0.0,0.0,0.0,0.0,0.0,0.0,0.0,0.0,0.0,0.0,0.0,0.0,0.0,0.0,0.0,0.0,0.0,0.0,0.0,0.0,0.0,0.0,0.0,0.0,0.0,0.0,0.0,0.0,0.0,0.0,0.0,0.0,0.0,0.0,0.0,0.0,0.0,0.0,0.0,0.0,0.0,0.0,0.0,0.0,0.0,0.0
0.0,0.0,0.0,0.0,0.0,0.0,0.0,0.0,0.0,0.0,0.0,0.0,0.0,0.0,0.0,0.0,0.0,0.0,0.0,0.0,0.0,0.0,0.0,0.0,0.0,0.0,0.0,0.0,0.0,0.0,0.0,0.0,0.0,0.0,0.0,0.0,0.0,0.0,0.0,0.0,0.0,0.0,0.0,0.0,0.0,0.0,0.0,0.0,0.0,0.0,0.0,0.0,0.0,0.0,0.0,0.0,0.0,0.0,0.0,0.0,0.0,0.0,0.0,0.0,0.0,0.0,0.0,0.6187787055969238,0.0,0.0,0.0,0.0,0.0,0.0,0.0,0.0,0.0,0.0,0.0,0.0,0.0,0.0,0.0,0.0,0.0,0.0,0.0,0.0,0.0,0.0,0.0,0.0,0.0,0.0,0.0,0.0,0.0,0.0,0.0,0.0
0.0,0.0,0.5557072758674622,0.0,0.0,0.0,0.0,0.0,0.0,0.0,0.0,0.0,0.0,0.1262787950433113,0.0,0.24530028296737072,0.0,0.0,0.0,0.0,0.0,0.0,0.0,0.0,0.3787263469632389,0.6274061799049377,0.0,0.0,0.0,0.0,0.0,0.0,0.0,0.0,0.4522821934222918,0.0,0.0,0.0,0.0,0.0,0.0,0.0,0.0,0.0,0.0,0.0,0.0,0.0,0.0,0.0,0.0,0.0,0.0,0.0,0.0,0.0,0.0,0.0,0.0,0.0,0.0,0.0,0.0,0.0,0.0,0.0,0.0,0.43338822528970106,0.3149189565853625,0.0,0.0,0.0,0.0,0.0,0.0,0.0,0.0,0.0,0.0,0.0,0.17478423297271917,0.0,0.0,0.0,0.0,0.0,0.0,0.0,0.0,0.0,0.0,0.0,0.0,0.0,0.0,0.0,0.0,0.0,0.0,0.0
0.0,0.0,0.0,0.0,0.0,0.0,0.0,0.0,0.0,0.0,0.0,0.0,0.0,0.0,0.0,0.0,0.0,0.0,0.0,0.0,0.0,0.0,0.0,0.0,0.0,0.0,0.0,0.0,0.0,0.0,0.0,0.0,0.0,0.0,0.0,0.0,0.0,0.0,0.0,0.0,0.0,0.0,0.0,0.0,0.0,0.0,0.0,0.0,0.0,0.0,0.0,0.0,0.0,0.0,0.0,0.0,0.0,0.0,0.0,0.0,0.0,0.0,0.0,0.0,0.0,0.0,0.0,0.0,0.0,0.0,0.0,0.0,0.0,0.0,0.0,0.0,0.0,0.0,0.0,0.0,0.0,0.0,0.0,0.0,0.0,0.0,0.0,0.0,0.0,0.0,0.0,0.0,0.0,0.0,0.1857946366071701,0.0,0.0,0.0,0.0,0.0
0.2267516454149796,0.31551841094445976,0.22032005575136338,0.11718183406616837,0.0,0.0,0.3193553719349752,0.24086420651046458,0.36660829536426487,0.30359656454603745,0.0,0.4734124541282654,0.0,0.5019908270096982,0.26338052836016507,0.1565763413145541,0.10907795141299363,0.6701020087566978,0.6569660985161312,0.0,0.40552915260260125,0.0,0.0,0.5019130965946548,0.40854750525218914,0.08831168570215929,0.0,0.0,0.13897447325324805,0.11331808531166829,0.0,0.11486014723777771,0.36694283122452975,0.0,0.14658807973764543,0.0,0.0,0.20446084537147485,0.6420351266860962,0.053933394965450354,0.0,0.0,0.3343503309491148,0.23251538912932007,0.0928722508146954,0.2151174582049351,0.26810925495038074,0.407219108657254,0.0,0.0,0.0,0.37851236318676607,0.2635026118295598,0.0,0.35287369223837883,0.23231369839539517,0.05717990723365549,0.4686391815378901,0.0,0.031095038908453,0.0,0.05368968756969507,0.2925821169266527,0.0,0.07634953444893576,0.2612314716908231,0.6109455823898315,0.20063229465157456,0.1252884105180497,0.30795032486327045,0.0,0.0,0.12397944413924668,0.7924140452095276,0.0,0.06053805633098063,0.0,0.42839689309434975,0.14465274691655822,0.39511876119900047,0.3238122816183348,0.0,0.16756217745710938,0.0,0.28840815769431316,0.016091576726872676,0.13642253241077837,0.0,0.0,0.0,0.09598259757697214,0.14348141116988528,0.0,0.10610604107595452,0.42146211506068315,0.52369437292728,0.0,0.14105756794374008,0.2135575181609657,0.1625731469537752
0.0,0.0,0.0,0.0,0.0,0.0,0.0,0.0,0.0,0.0,0.0,0.0,0.0,0.0,0.0,0.20584680732992133,0.0,0.10810273246756097,0.0,0.0,0.0,0.0,0.0,0.0,0.0,0.0,0.0,0.0,0.0,0.0,0.0,0.0,0.0,0.0,0.0,0.0,0.0,0.0,0.0,0.0,0.0,0.0,0.0,0.0,0.0,0.30735746026039124,0.0,0.0,0.0,0.0,0.0,0.0,0.0,0.0,0.0,0.0,0.0,0.0,0.0,0.0,0.0,0.0,0.0,0.0,0.0,0.0,0.0,0.0,0.0,0.0,0.0,0.0,0.0,0.0,0.0,0.0,0.0,0.0,0.0,0.0,0.7476634979248047,0.0,0.0,0.0,0.0,0.0,0.0,0.0,0.0,0.0,0.0,0.0,0.0,0.0,0.0,0.0,0.0,0.0,0.0,0.0
0.14223527998177055,0.0,0.702590463936681,0.06743552951933562,0.14012639224529266,0.0,0.055466474050526314,0.122159245985327,0.0194507267050738,0.17471304535865784,0.0,0.0,0.0,0.18425125583638832,0.14200376287351266,0.3530594161898968,0.8048041911124215,0.03841625641055742,0.018087634430498618,0.10105201982559997,0.05808570593399771,0.0,0.0,0.08093411550612213,0.3037012030365316,0.04683655509960115,0.0,0.0,0.025581554871247192,0.06314044149086041,0.0,0.0,0.010459743699606878,0.0,0.07109655548431472,0.0,0.0,0.11336687487910238,0.0,0.0,0.0,0.0,0.0,0.08503782185256537,0.05825629433907852,0.09506740215727741,0.05266611720527799,0.013558907921159215,0.0,0.0,0.0,0.032399299068194914,0.0037207921817076785,0.0,0.16627828147814344,0.04618715941692349,0.03170439492793409,0.04138014111109717,0.0,0.0,0.0,0.0,0.0,0.0,0.0,0.052528301892619485,0.0,0.6080849858861352,0.6375242028171881,0.0,0.0,0.0,0.07741432660088292,0.0,0.0,0.0,0.0,0.0,0.030506817139197256,0.029060723917120775,0.2783450640373779,0.0,0.0,0.0,0.0,0.009260343175418595,0.08557422839317293,0.0,0.10017243464173298,0.0,0.0,0.009867330300906718,0.0,0.057207938605821074,0.18093070589671667,0.03726120058045517,0.0,0.0,0.04319262563197822,0.0
0.0,0.0,0.12129587680101395,0.0,0.0,0.0,0.0,0.0,0.08810598329764119,0.0,0.0,0.0,0.0,0.027563247470970942,0.36771321296691895,0.053542420972656934,0.0,0.10341120682239,0.0,0.0,0.0,0.0,0.0,0.0,0.11710693666927015,0.12885314030286346,0.0,0.0,0.0,0.1720536618391435,0.0,0.0,0.0,0.0,0.7344738852591729,0.0,0.0,0.0,0.0,0.0,0.0,0.0,0.0,0.0,0.0,0.0,0.0,0.0,0.0,0.0,0.0,0.0,0.0,0.0,0.0,0.0,0.0,0.14229247393864541,0.0,0.0,0.0,0.0,0.0,0.0,0.0,0.0,0.0,0.1965684618099344,0.0646762779784435,0.0,0.0,0.0,0.0,0.0,0.0,0.0,0.0,0.8496094942092896,0.0,0.0,0.25193831609660666,0.0,0.0,0.0,0.0,0.0,0.0,0.0,0.0,0.0,0.0,0.0,0.0,0.14813772879172404,0.026437178487365848,0.0,0.0,0.0,0.0,0.0
0.0,0.0,0.0,0.0,0.0,0.0,0.0,0.0,0.0,0.0,0.0,0.0,0.0,0.0,0.0,0.0,0.0,0.0,0.0,0.0,0.0,0.0,0.0,0.0,0.0,0.0,0.0,0.0,0.0,0.0,0.0,0.0,0.0,0.0,0.0,0.0,0.0,0.0,0.0,0.0,0.0,0.0,0.0,0.0,0.0,0.0,0.0,0.0,0.0,0.0,0.0,0.0,0.0,0.0,0.0,0.0,0.0,0.0,0.0,0.0,0.0,0.0,0.0,0.0,0.0,0.0,0.0,0.0,0.0,0.0,0.0,0.0,0.0,0.0,0.0,0.0,0.0,0.0,0.0,0.0,0.0,0.0,0.0,0.0,0.0,0.0,0.0,0.0,0.0,0.0,0.0,0.0,0.0,0.0,0.8380077481269836,0.0,0.0,0.0,0.0,0.0
0.3335255367543519,0.0,0.19604349430457246,0.0,0.0,0.0,0.03961991115115824,0.25444525857498274,0.14273379808754272,0.0,0.0,0.0,0.0,0.18387754423649524,0.019963406109422363,0.06779128410592178,0.13527398402967933,0.22400068024007933,0.0,0.0,0.42199167080975425,0.0,0.0,0.5202315263209089,0.3904802498657277,0.062117499110590585,0.0,0.0,0.1721318951348913,0.07761749441705851,0.0,0.0,0.0,0.0,0.19237303757569962,0.0,0.0,0.29458085094551184,0.6492221355438232,0.4272025227546692,0.0,0.0,0.07127454127878075,0.0,0.1366043772069131,0.08040209322693453,0.0650349841390831,0.0,0.0,0.0,0.0,0.08264634599503086,0.23882032830866107,0.3205367922782898,0.1309191858684035,0.13557207984301867,0.082383038665777,0.05875333821179104,0.0,0.0,0.0,0.0542906955894956,0.0,0.0,0.07720419918231275,0.0,0.0,0.1508913730283128,0.13174298798343287,0.3113975532477298,0.0,0.0,0.22099971929334639,0.0,0.0,0.0,0.0,0.04612589042006186,0.03586518085413054,0.12047157745617382,0.3276729423624397,0.0,0.17982333423594454,0.0,0.0,0.11447011114356087,0.20066182216416673,0.0,0.0,0.0,0.0,0.11474464607850385,0.0,0.008042500339150748,0.010478549306794437,0.09456257436465684,0.0,0.1426365812221783,0.3143594479901428,0.0
0.0,0.0,0.0852963646201963,0.0,0.0,0.0,0.0,0.0,0.061956929409110024,0.0,0.0,0.0,0.0,0.01938272650650387,0.25857927834054806,0.0376515177793217,0.43109241127967834,0.07271970190221151,0.0,0.0,0.0,0.0,0.0,0.0,0.08235066379117681,0.09061070110207141,0.0,0.0,0.0,0.12098970106417385,0.0,0.0,0.0,0.0,0.5164887214085,0.0,0.0,0.0,0.0,0.0,0.0,0.0,0.0,0.0,0.0,0.0,0.0,0.0,0.0,0.0,0.0,0.0,0.0,0.0,0.702822208404541,0.0,0.0,0.10006136284163471,0.0,0.0,0.0,0.7032091021537781,0.0,0.0,0.0,0.0,0.0,0.27418886721000296,0.3396634142736698,0.0,0.0,0.0,0.0,0.0,0.0,0.0,0.0,0.59745312960424,0.0,0.0,0.1771653170604295,0.0,0.0,0.0,0.0,0.0,0.0,0.0,0.0,0.0,0.0,0.0,0.0,0.10417179925872815,0.10703211000603194,0.0,0.0,0.0,0.0,0.0
0.0,0.0,0.15933493007527133,0.0,0.0,0.0,0.8256048560142517,0.2598320543766022,0.15683234466683954,0.0,0.0,0.0,0.0,0.2063450314032258,0.2088279277086258,0.2225488021617631,0.0,0.14898141517026706,0.3443407416343689,0.0,0.0,0.0,0.0,0.0,0.2618579491699911,0.07317695780112356,0.0,0.0,0.0,0.09771095622767678,0.0,0.0,0.0,0.0,0.05275152850307807,0.0,0.0,0.0,0.0,0.0,0.0,0.0,0.0,0.0,0.0,0.256607650629134,0.0,0.0,0.0,0.0,0.0,0.2241268357251993,0.0,0.0,0.0,0.0,0.0,0.1676931316348947,0.0,0.0,0.0,0.0,0.0,0.0,0.0,0.0,0.0,0.1116331507411285,0.03673029041619035,0.0,0.0,0.0,0.0,0.0,0.0,0.0,0.0,0.0,0.37884455919265747,0.0,0.4773210353990749,0.0,0.0,0.0,0.0,0.0,0.0,0.0,0.0,0.0,0.0,0.0,0.0,0.08412886409339126,0.25356825411887873,0.25582293319335747,0.0,0.0,0.2752414015089464,0.0
0.149762887024758,0.0,0.2898599011122542,0.07100446239606213,0.0,0.0,0.4251079178967892,0.12862435647382917,0.18321139854205404,0.18395949357398234,0.0,0.0,0.0,0.27955947223568756,0.3404134083165456,0.10025112774784944,0.008207561851528924,0.49275736045453694,0.5166055437734615,0.0,0.23041625871735144,0.0,0.0,0.31330710488539504,0.12125770918579079,0.1160666317607429,0.0,0.0,0.026935423564331294,0.15580183872081627,0.0,0.0,0.5240109841772654,0.0,0.08366967441066657,0.0,0.0,0.1185608912691806,0.0,0.0,0.0,0.0,0.04524727231978698,0.08953833190028157,0.061339428788009916,0.1153223270861636,0.0554533991992535,0.6697744627166246,0.0,0.0,0.0,0.349947774559937,0.2174799749816848,0.0,0.5621800663246844,0.24204767074269565,0.03315696338824328,0.26978092452999364,0.0,0.0,0.0,0.0,0.0,0.0,0.0,0.0553082902002583,0.0,0.1799477091471097,0.0669386981584688,0.0,0.0,0.0,0.08151137362201316,0.13588236272335052,0.0,0.010381004953991987,0.0,0.0,0.03647644630396185,0.3930389683752433,0.20015954726900576,0.0,0.020555784050500143,0.0,0.4720684885978699,0.00975043413257561,0.09010312702108877,0.0,0.0,0.0,0.0,0.1334531559897355,0.0,0.13713967129813084,0.23282542257050848,0.40888862563277184,0.0,0.0,0.1765227198365391,0.02787787957192034
0.0,0.0,0.0,0.0,0.0,0.0,0.0,0.0,0.0,0.0,0.0,0.0,0.0,0.0,0.0,0.0,0.0,0.0,0.0,0.0,0.0,0.0,0.0,0.0,0.0,0.0,0.0,0.0,0.0,0.0,0.0,0.0,0.0,0.0,0.0,0.0,0.0,0.0,0.0,0.0,0.0,0.0,0.0,0.0,0.0,0.0,0.0,0.0,0.0,0.0,0.0,0.0,0.0,0.0,0.0,0.0,0.0,0.0,0.0,0.0,0.0,0.0,0.0,0.0,0.0,0.0,0.0,0.0,0.0,0.0,0.0,0.0,0.0,0.0,0.0,0.0,0.0,0.0,0.0,0.0,0.0,0.0,0.0,0.0,0.0,0.0,0.0,0.0,0.0,0.0,0.0,0.0,0.0,0.0,0.0,0.0,0.0,0.0,0.0,0.0
0.0,0.0,0.0,0.0,0.0,0.0,0.0,0.0,0.0,0.0,0.0,0.0,0.0,0.0,0.0,0.0,0.0,0.0,0.0,0.0,0.0,0.0,0.0,0.0,0.0,0.0,0.0,0.0,0.0,0.0,0.0,0.0,0.0,0.0,0.0,0.0,0.0,0.0,0.0,0.0,0.0,0.0,0.0,0.0,0.0,0.0,0.0,0.0,0.0,0.0,0.0,0.0,0.0,0.0,0.0,0.0,0.0,0.0,0.0,0.0,0.0,0.0,0.0,0.0,0.0,0.0,0.0,0.8592565059661865,0.0,0.0,0.0,0.0,0.0,0.0,0.0,0.0,0.0,0.0,0.0,0.0,0.0,0.0,0.0,0.0,0.0,0.0,0.0,0.0,0.0,0.0,0.0,0.0,0.0,0.0,0.0,0.0,0.0,0.0,0.0,0.0
0.3630227588506827,0.0,0.22794712410332246,0.0,0.0,0.0,0.01831872184058998,0.27694856784653776,0.06955064283194583,0.0,0.0,0.0,0.0,0.0808062845997126,0.0641090654091962,0.08657387379115031,0.3358285197284518,0.05513353511571542,0.0,0.0,0.05552096992321299,0.0,0.0,0.07736052304990879,0.31055959581023673,0.0769715709680137,0.0,0.0,0.3802183743027528,0.10431175301901993,0.0,0.0,0.0,0.0,0.5294599020184736,0.0,0.0,0.2893428106315568,0.0,0.0,0.0,0.0,0.0,0.0,0.14868575991905914,0.1103559570336267,0.0,0.0,0.0,0.0,0.0,0.03821248911053826,0.0,0.0,0.1652752193600781,0.0068410645022426485,0.08091815839154194,0.09426846284706016,0.0,0.0,0.0,0.1743452863494566,0.0,0.0,0.24792808542363076,0.0,0.0,0.24988114999101443,0.2814717751733948,0.0,0.0,0.0,0.1875244519686456,0.0,0.0,0.0,0.0,0.14812541055313558,0.08762478653305256,0.05570142014445741,0.11575313393940609,0.0,0.0,0.0,0.0,0.0,0.2184084882582544,0.0,0.0,0.0,0.0,0.018912960061230135,0.0,0.02582711474535127,0.06351758525926074,0.10292575184479526,0.0,0.45805299282073975,0.37167575904733474,0.0
0.0,0.0,0.010133286258699328,0.0,0.0936377198970888,0.0,0.0033032375371646614,0.0,0.080986924656144,0.0,0.0,0.0,0.0,0.0901792997585565,0.015435019740056594,0.015526187369753561,0.051360248329780166,0.029210446200278052,0.0,0.06752675620807233,0.3597624610108795,0.0,0.0,0.4532462007547312,0.6021931778724072,0.21634842494723436,0.07084402011120705,0.0,0.7957671865893488,0.012972452402603554,0.0,0.0,0.0,0.0,0.17697296313188543,0.2562158405780792,0.0,0.02028861792015574,0.0,0.0,0.0,0.0,0.05030054066176847,0.0,0.02681106180226115,0.022175597846177633,0.0,0.0,0.0,0.0,0.0,0.006890487748918219,0.03744432032768676,0.0,0.4433732995410144,0.2516607069216027,0.005673953311040336,0.2182378974824653,0.0,0.0,0.0,0.041975700616026526,0.12254421233081558,0.0,0.0,0.0,0.0,0.5758738097752694,0.6221519795988599,0.0,0.0,0.0,0.05362940473828816,0.0,0.0,0.0,0.0,0.03566295376946286,0.02064200850136237,0.010044097153484905,0.01338454433329105,0.0,0.12747904658317566,0.0,0.0,0.0,0.03938348554709086,0.0,0.12087685568779487,0.0,0.0,0.003410390755250388,0.0,0.006218184953699542,0.14998956857128687,0.018559603120414696,0.0,0.0,0.02444900430830775,0.0
0.0,0.0,0.5504120656193726,0.0,0.0,0.0,0.19563511573140396,0.0,0.2030215691748315,0.0,0.0,0.0,0.0,0.24245381023536852,0.0,0.2864035585496405,0.36986791396767416,0.777469631438573,0.0,0.0,0.2017136603289409,0.0,0.0,0.281059107773877,0.3039885687340611,0.24921372484988735,0.0,0.0,0.2302279419855783,0.2795388389017397,0.0,0.0,0.14913658667220275,0.0,0.17965224716646036,0.0,0.0,0.22045368488646133,0.0,0.0,0.0,0.0,0.5465596318244934,0.0,0.5592873601690158,0.40560114221502835,0.32343671510832195,0.0,0.0,0.0,0.0,0.274867193607993,0.4068654861949419,0.0,0.1878252497633048,0.08023745043412364,0.06165249502036944,0.2860446709270456,0.0,0.5525644421577454,0.0,0.0,0.0,0.0,0.0,0.0,0.0,0.27986620746307034,0.2205626929041402,0.0,0.0,0.0,0.6967106254183584,0.0,0.0,0.0,0.0,0.0,0.3236732853683395,0.20952309250877693,0.4385232247103994,0.0,0.0,0.0,0.0,0.43939635157585144,0.8215521574020386,0.0,0.0,0.0,0.6812975406646729,0.07114184647800645,0.0,0.0,0.16546004699295477,0.38715928192466953,0.0,0.0,0.17741196791873293,0.0
0.0,0.0,0.0,0.0,0.0,0.0,0.0,0.0,0.0,0.0,0.0,0.0,0.0,0.0,0.0,0.0,0.0,0.0,0.0,0.0,0.0,0.0,0.0,0.0,0.2504318458404384,0.0,0.0,0.0,0.3304498791694641,0.0,0.0,0.0,0.0,0.0,0.0,0.0,0.0,0.0,0.0,0.0,0.0,0.0,0.0,0.0,0.0,0.0,0.0,0.0,0.0,0.0,0.0,0.0,0.0,0.0,0.1529585762128267,0.0,0.0,0.0,0.0,0.0,0.0,0.0,0.0,0.0,0.0,0.0,0.0,0.18854382654724766,0.21942670813442433,0.0,0.0,0.0,0.0,0.0,0.0,0.0,0.0,0.0,0.0,0.0,0.0,0.0,0.0,0.0,0.0,0.0,0.0,0.0,0.0,0.0,0.0,0.0,0.0,0.0,0.0,0.0,0.0,0.0,0.418379545211792,0.0
0.21943049461343733,0.0,0.1350771660231861,0.1040347486140103,0.0,0.0,0.11606019943798089,0.18845861428754077,0.3599673862323565,0.2695348858833313,0.0,0.0,0.0,0.123578433472023,0.2190733264510587,0.19721047100252043,0.012025605224568362,0.20392346966887928,0.8373419511656501,0.0,0.12385995951796078,0.0,0.0,0.115583550587399,0.17025627448673594,0.07121564175662956,0.0,0.0,0.03946540716971198,0.09740859165339295,0.0,0.0,0.0700589236455977,0.0,0.05133766241280066,0.0,0.0,0.16896446011301433,0.0,0.0,0.0,0.0,0.33298856019973755,0.13119031587907948,0.08987367608661043,0.20259851014309316,0.08124954757500773,0.020917720778834466,0.0,0.0,0.0,0.11358583181040527,0.2536208161172455,0.0,0.08022620550358257,0.15939934633776176,0.04725292090763673,0.5167384430863733,0.0,0.0,0.0,0.0,0.0,0.0,0.0,0.08103693589226743,0.0,0.1961661554966835,0.048464311360708376,0.0,0.0,0.0,0.11942932849272733,0.0,0.0,0.07639700065509736,0.0,0.0,0.07911425264088662,0.13754463598281383,0.14227300914664537,0.0,0.15127632194879226,0.0,0.0,0.014286200185584763,0.1320178458177451,0.0,0.0,0.0,0.0,0.04670215230119668,0.0,0.08825634726981478,0.42339459329332313,0.6588438223589065,0.0,0.0,0.08992012188797431,0.20516186952590942
0.23093728518850362,0.09793643474163861,0.19773284016173573,0.04379394775846858,0.4820145619198902,0.0,0.2434563045842378,0.2047566721102386,0.5013122119384531,0.11346205829029864,0.0,0.0,0.0,0.9028223060428906,0.13131862388083437,0.261280277095875,0.4749861904162246,0.20703380850470732,0.37860640590723804,0.3476043612261981,0.40106469688171165,0.0,0.0,0.39111771831915493,0.6997523912670883,0.26957223256625246,0.007039076385620689,0.0,0.8403314706935031,0.08823657278099808,0.0,0.1385672688891244,0.16777312663863003,0.0,0.24942985138053422,0.02545765853213922,0.0,0.2045598119317319,0.4736630240379256,0.31609936489411067,0.45441845081406385,0.7875328660011292,0.19717194019254258,0.11894428261672094,0.3554068406893567,0.29145460882514007,0.336738278014695,0.061318331287465874,0.0,0.3632509112358093,0.0,0.3369929022592072,0.16360391633117696,0.0,0.40888598158639705,0.38907725904443946,0.4108034768837754,0.256670669386189,0.0,0.03751305149057162,0.0,0.043780415815767054,0.012176018100868253,0.0,0.05632706041744655,0.10997707068238219,0.0,0.6899578113665544,0.6328074018081811,0.22719112407616668,0.09936020534367097,0.0,0.2067060555826488,0.42095500149621046,0.0,0.1534647533317749,0.24556681513786316,0.09951575806207519,0.4233159837538859,0.47175153039106577,0.2653131156776003,0.0,0.4451124419220241,0.0,0.0,0.6051357160308801,0.14285392588918505,0.0,0.34993799313554663,0.0,0.11579339507193762,0.21481532623407829,0.11700091557967696,0.05290330073483532,0.2784567828733315,0.26117679202412625,0.0,0.10406557432539616,0.519877610477302,0.11999198753268485
0.0,0.0,0.0,0.0,0.0,0.0,0.0,0.0,0.0,0.0,0.0,0.0,0.0,0.0,0.0,0.5210164189338684,0.0,0.36685192584991455,0.0,0.0,0.0,0.0,0.0,0.0,0.0,0.0,0.0,0.0,0.0,0.0,0.0,0.0,0.7058179378509521,0.0,0.0,0.0,0.0,0.0,0.0,0.0,0.0,0.0,0.0,0.0,0.0,0.0,0.0,0.0,0.0,0.0,0.0,0.0,0.0,0.0,0.0,0.2579532358170056,0.0,0.22676614623241775,0.0,0.0,0.0,0.0,0.0,0.0,0.0,0.0,0.0,0.15961596936338476,0.0,0.0,0.0,0.0,0.0,0.0,0.0,0.0,0.0,0.0,0.0,0.0,0.0,0.0,0.0,0.0,0.0,0.0,0.0,0.0,0.0,0.0,0.0,0.0,0.0,0.0,0.25317620546068853,0.0,0.0,0.0,0.0,0.0
0.0,0.39881787238498134,0.05332421310329792,0.0,0.03788729788943439,0.0,0.2533345282899862,0.08027119791961562,0.10435099487693064,0.0,0.0,0.0,0.0,0.08897976897146241,0.06614609676741423,0.33240684166771267,0.020781166289443195,0.21585875768434057,0.10637888342851315,0.02732239028005198,0.15758570381600157,0.0,0.0,0.18351948933147455,0.6327943268477091,0.4951252949019637,0.028664607559734382,0.0,0.3219799508369396,0.033276569686201,0.0,0.0,0.4631655738076381,0.0,0.36542605003065876,0.10366896894373567,0.0,0.008209094708314825,0.0,0.0,0.0,0.0,0.020352391858179785,0.2594774988785937,0.01084817834469595,0.08824766350783583,0.210072072020016,0.14843316830236475,0.0,0.0,0.0,0.07525239471403261,0.05588311810212046,0.0,0.1635013632228266,0.23492606080102452,0.0022957709728770453,0.3258215682038821,0.0,0.0,0.0,0.016984030314973052,0.04958332050701777,0.0,0.0,0.30893493149721263,0.0,0.3867838014889943,0.23313490156928482,0.0,0.40461576735394544,0.0,0.02169930275091778,0.0,0.0,0.4939798308602927,0.0,0.014429793405539496,0.12539040005178073,0.08328347935186496,0.1276680916582963,0.0,0.09568934664434829,0.0,0.0,0.0,0.015935179225709188,0.0,0.04890868171944924,0.0,0.0,0.028278221895547864,0.47645246982574463,0.02664775754045009,0.2102679593641922,0.08654214839985716,0.0,0.0,0.094924136159609,0.13694062212991298
0.0,0.0,0.0,0.0,0.0,0.0,0.0,0.0,0.10370174050331116,0.0,0.0,0.0,0.0,0.0,0.0,0.0,0.0,0.0,0.0,0.0,0.0,0.0,0.0,0.0,0.0,0.0,0.0,0.0,0.0,0.0,0.0,0.0,0.0,0.0,0.0,0.0,0.0,0.0,0.0,0.0,0.0,0.0,0.0,0.0,0.0,0.0,0.0,0.0,0.0,0.0,0.0,0.0,0.0,0.0,0.0,0.0,0.0,0.0,0.0,0.0,0.0,0.0,0.0,0.0,0.0,0.0,0.0,0.0,0.0,0.0,0.0,0.0,0.0,0.0,0.0,0.0,0.0,0.0,0.0,0.0,0.0,0.0,0.0,0.0,0.0,0.0,0.0,0.0,0.0,0.0,0.0,0.0,0.0,0.0,0.0,0.0,0.0,0.0,0.0,0.0
0.0,0.0,0.42058128118515015,0.0,0.0,0.0,0.0,0.0,0.13749030232429504,0.0,0.0,0.0,0.0,0.09557279472889224,0.0,0.3165014005682689,0.0,0.16535637802463654,0.0,0.0,0.0,0.0,0.0,0.0,0.33371372985539516,0.0,0.0,0.0,0.0,0.0,0.0,0.0,0.0,0.0,0.0,0.0,0.0,0.0,0.0,0.0,0.0,0.0,0.0,0.0,0.0,0.47014090418815613,0.0,0.0,0.0,0.0,0.0,0.0,0.0,0.0,0.0,0.0,0.0,0.2864779233932495,0.0,0.0,0.0,0.0,0.0,0.0,0.0,0.0,0.0,0.0,0.0,0.0,0.0,0.0,0.0,0.0,0.0,0.0,0.0,0.0,0.0,0.0,0.1322836317373728,0.0,0.0,0.0,0.0,0.0,0.0,0.0,0.0,0.0,0.0,0.0,0.0,0.0,0.7045367439695784,0.0,0.0,0.0,0.7265285849571228,0.0
0.0,0.0,0.0,0.0,0.0,0.0,0.32887351512908936,0.0,0.0,0.0,0.0,0.0,0.0,0.5207700604539797,0.0,0.0,0.0,0.0,0.0,0.0,0.0,0.0,0.0,0.0,0.0,0.0,0.0,0.0,0.0,0.0,0.0,0.0,0.0,0.0,0.0,0.0,0.0,0.0,0.0,0.0,0.0,0.0,0.0,0.0,0.0,0.0,0.0,0.0,0.0,0.0,0.0,0.6860236060667226,0.0,0.0,0.0,0.12281669811112295,0.0,0.0,0.0,0.0,0.0,0.0,0.0,0.0,0.0,0.0,0.0,0.07599635748288881,0.0,0.0,0.0,0.0,0.0,0.0,0.0,0.0,0.0,0.0,0.0,0.0,0.12181075491147197,0.0,0.0,0.0,0.0,0.0,0.0,0.0,0.0,0.0,0.0,0.33954179286956787,0.0,0.0,0.0,0.0,0.0,0.0,0.0,0.0
0.0,0.0,0.0,0.0,0.0,0.0,0.0,0.0,0.0,0.0,0.0,0.0,0.0,0.0,0.0,0.0,0.0,0.0,0.0,0.0,0.0,0.0,0.0,0.0,0.0,0.0,0.0,0.0,0.0,0.0,0.0,0.0,0.0,0.0,0.0,0.0,0.0,0.0,0.0,0.0,0.0,0.0,0.0,0.0,0.0,0.0,0.0,0.0,0.0,0.0,0.0,0.0,0.0,0.0,0.0,0.0,0.0,0.0,0.0,0.0,0.0,0.0,0.0,0.0,0.0,0.0,0.0,0.0,0.0,0.0,0.0,0.0,0.0,0.0,0.0,0.0,0.0,0.0,0.0,0.0,0.0,0.0,0.0,0.0,0.0,0.0,0.0,0.0,0.0,0.0,0.0,0.0,0.0,0.0,0.0,0.0,0.0,0.0,0.0,0.0
0.05349615747085255,0.0,0.05942178365973815,0.0,0.0,0.0,0.002699503555511322,0.04081199824427375,0.6229099221974458,0.0,0.0,0.0,0.0,0.01777764704531392,0.009447310326486148,0.1858303843641724,0.04948873021480753,0.24495175242428072,0.28828367590904236,0.0,0.15706776151616145,0.0,0.0,0.21885143941061425,0.1450440914859975,0.029062782064452973,0.0,0.0,0.056030156592407725,0.01537170281894483,0.0,0.0,0.0,0.0,0.090796786098617,0.0,0.0,0.14362928472047573,0.3072322905063629,0.0,0.0,0.0,0.25038144521674277,0.0,0.021910793834209782,0.2642801032607611,0.6950159668922424,0.0,0.0,0.0,0.0,0.005631110681001174,0.18638692378769456,0.0,0.06157984414171825,0.0010081204413709005,0.040167637776474155,0.17265721158695066,0.0,0.5562553405761719,0.0,0.025692061077326772,0.7007561922073364,0.0,0.03653545012235695,0.0,0.0,0.047190836643292725,0.0503728986999141,0.14736309547153326,0.0,0.0,0.02763418371870247,0.0,0.0,0.0,0.0,0.021828219017101774,0.037012138187872086,0.008208333694647662,0.43427018242079196,0.0,0.0,0.0,0.0,0.0,0.03218535090699439,0.0,0.0,0.0,0.0,0.0027870723391523514,0.0,0.0038059635759734424,0.5647346357784085,0.2293436109717527,0.0,0.0675001069120642,0.07228025030824896,0.0
0.0,0.0,0.0,0.0,0.0,0.0,0.0,0.0,0.5244112014770508,0.0,0.0,0.0,0.0,0.6483100652694702,0.0,0.0,0.0,0.0,0.0,0.0,0.2704101800918579,0.0,0.0,0.0,0.0,0.0,0.0,0.0,0.0,0.0,0.0,0.0,0.0,0.0,0.0,0.0,0.0,0.0,0.0,0.0,0.0,0.0,0.0,0.0,0.0,0.0,0.0,0.0,0.0,0.0,0.0,0.0,0.0,0.0,0.0,0.5231103301048279,0.0,0.0,0.0,0.0,0.0,0.0,0.0,0.0,0.0,0.0,0.0,0.3808693640292482,0.0,0.0,0.0,0.0,0.0,0.0,0.0,0.0,0.0,0.0,0.0,0.0,0.0,0.0,0.0,0.0,0.0,0.0,0.0,0.0,0.0,0.0,0.0,0.0,0.0,0.0,0.0,0.0,0.0,0.0,0.0,0.0
0.0,0.0,0.0,0.0,0.0,0.0,0.0,0.0,0.0,0.0,0.0,0.0,0.0,0.7583990693092346,0.0,0.0,0.0,0.0,0.0,0.0,0.2709822140147935,0.0,0.0,0.3775749206542969,0.4986222611996993,0.0,0.0,0.0,0.6661504507064819,0.0,0.0,0.0,0.0,0.0,0.0,0.0,0.0,0.0,0.0,0.0,0.0,0.0,0.0,0.0,0.0,0.0,0.0,0.0,0.0,0.0,0.0,0.0,0.0,0.0,0.308347591894087,0.0,0.0,0.0,0.0,0.0,0.0,0.0,0.0,0.0,0.0,0.0,0.0,0.7444473297209773,0.44234000293226217,0.0,0.0,0.0,0.0,0.0,0.0,0.0,0.0,0.0,0.0,0.0,0.8141601085662842,0.0,0.0,0.0,0.0,0.0,0.0,0.0,0.0,0.0,0.0,0.0,0.0,0.0,0.0,0.0,0.0,0.0,0.0,0.0
0.0,0.0,0.6401806473731995,0.0,0.0,0.0,0.0,0.0,0.0,0.0,0.0,0.0,0.0,0.46149848039230346,0.0,0.28342494855017186,0.0,0.09799752386831884,0.0,0.0,0.0,0.0,0.0,0.0,0.20733930250635169,0.0,0.0,0.0,0.0,0.0,0.0,0.0,0.0,0.0,0.0,0.0,0.0,0.0,0.0,0.0,0.0,0.0,0.0,0.0,0.0,0.27862635254859924,0.0,0.0,0.0,0.0,0.0,0.0,0.0,0.0,0.0,0.3321518898010254,0.0,0.0,0.0,0.0,0.0,0.0,0.0,0.0,0.0,0.0,0.0,0.20552851643265058,0.0,0.0,0.0,0.0,0.0,0.0,0.0,0.0,0.0,0.0,0.0,0.0,0.20135328125844154,0.0,0.0,0.0,0.0,0.0,0.0,0.0,0.0,0.0,0.0,0.0,0.0,0.0,0.0,0.0,0.0,0.0,0.27089306712150574,0.0
0.0,0.0,0.30937793366619104,0.0,0.0,0.0,0.0,0.0,0.10113732478147242,0.0,0.0,0.0,0.0,0.07030297131771567,0.0,0.2328171834807844,0.8417637348175049,0.12163550029528486,0.0,0.0,0.0,0.0,0.0,0.0,0.2698404892543409,0.0,0.0,0.0,0.14062211353958531,0.0,0.0,0.0,0.0,0.0,0.0,0.0,0.0,0.0,0.0,0.0,0.0,0.0,0.0,0.0,0.0,0.3458337971195995,0.5681394338607788,0.0,0.0,0.0,0.0,0.0,0.0,0.0,0.0650911367409604,0.0,0.0,0.21073203194073642,0.0,0.0,0.0,0.0,0.0,0.0,0.0,0.0,0.0,0.4889720402113484,0.5690641116083565,0.0,0.0,0.0,0.4255474805831909,0.0,0.0,0.0,0.0,0.0,0.7355960607528687,0.0,0.09730731840809458,0.0,0.0,0.0,0.0,0.0,0.0,0.0,0.0,0.0,0.0,0.0,0.0,0.0,0.5181251069349673,0.0,0.0,0.0,0.53414835959763,0.0
0.0,0.0,0.1687358640570313,0.0,0.0,0.0,0.0838736716996513,0.0,0.24811206000721958,0.0,0.0,0.0,0.0,0.17115716504701936,0.0,0.3390524571324327,0.0,0.16988478307971927,0.0,0.0,0.25420701533157863,0.0,0.0,0.3542010828738249,0.24226113443178635,0.2562619628841434,0.0,0.0,0.2837226382020752,0.3402569591999054,0.0,0.0,0.0,0.0,0.18473315433632395,0.0,0.0,0.0,0.0,0.0,0.0,0.0,0.0,0.0,0.680769145488739,0.5052732057883101,0.0,0.0,0.0,0.0,0.0,0.17495880959239266,0.0,0.0,0.1313294799435552,0.03132233805012888,0.0,0.31802995060668976,0.0,0.0,0.0,0.0,0.0,0.0,0.0,0.0,0.0,0.1989275548440988,0.16338589921083574,0.0,0.0,0.0,0.858595073223114,0.0,0.0,0.0,0.0,0.0,0.4011967997756649,0.2550332204973369,0.08413755883202104,0.0,0.0,0.0,0.0,0.0,0.0,0.0,0.0,0.0,0.0,0.0865944369289656,0.0,0.0,0.2686377580912044,0.4712534419591421,0.0,0.0,0.32098138693631023,0.0
0.28852263948328044,0.192266106637561,0.24739070352945014,0.2724004089832306,0.3555643746199533,0.04402618106459011,0.18671951215801894,0.2579412479972761,0.12577084499418095,0.0,0.0,0.0,0.0,0.21871370735544232,0.08365290637838602,0.7053572050461752,0.11979632287205308,0.28330281969529997,0.05744040311298956,0.2564149241099127,0.2154992988731643,0.0,0.043593462639349934,0.2834447389442223,0.5650977462028139,0.3342008572131732,0.013818920553499424,0.03679843060604527,0.27733369847374956,0.12195568170159723,0.0,0.0345172309522795,0.3046914782693074,0.0,0.25418782236573795,0.049977772858438435,0.0,0.6870934594175688,0.31923699378967285,0.29161968411733746,0.0,0.0,0.04485896501693559,0.1540345109649519,0.16867640213711432,0.3438502033849973,0.17975553938938538,0.13032948679106934,0.0,0.0,0.0,0.20379935512336658,0.06915814801357328,0.0,0.4020246172115415,0.35876416887136353,0.247824715726307,0.22973468234684086,0.0,0.6951016353514476,0.0,0.05631712968494279,0.023903622801648657,0.0,0.03796302545084275,0.16681268339132949,0.0,0.5220382548773741,0.3672648205393779,0.15312111730293054,0.19506121380191638,0.0,0.23252024569284727,0.0,0.0,0.24498948674484167,0.4820899963378906,0.04784756806694321,0.07165197154143213,0.18005124953453572,0.5682627049953284,0.0,0.1218438544477646,0.0,0.0,0.037406413003486794,0.24777327711586847,0.0,0.2647042031929853,0.0,0.02884423856000753,0.11153971719503138,0.22969296943347217,0.04125369703143208,0.6395633350549033,0.15434830760198337,0.10851572453975677,0.07013758604466289,0.24655489658783886,0.08440445228076698
0.0,0.0,0.0,0.0,0.0,0.0,0.0,0.0,0.0,0.0,0.0,0.0,0.0,0.0,0.0,0.0,0.0,0.0,0.0,0.0,0.0,0.0,0.0,0.0,0.0,0.0,0.0,0.0,0.0,0.0,0.0,0.0,0.0,0.0,0.0,0.0,0.0,0.0,0.0,0.0,0.0,0.0,0.0,0.0,0.0,0.0,0.0,0.0,0.0,0.0,0.0,0.0,0.0,0.0,0.0,0.0,0.0,0.0,0.0,0.0,0.0,0.0,0.0,0.0,0.0,0.0,0.0,0.0,0.0,0.0,0.0,0.0,0.0,0.0,0.0,0.0,0.0,0.0,0.0,0.0,0.0,0.0,0.0,0.0,0.0,0.0,0.0,0.0,0.0,0.0,0.0,0.0,0.0,0.0,0.0,0.0,0.0,0.0,0.0,0.0
0.0,0.0,0.0,0.0,0.0,0.0,0.0,0.0,0.0,0.0,0.0,0.0,0.0,0.0,0.0,0.8217723369598389,0.0,0.0,0.0,0.0,0.0,0.0,0.0,0.0,0.0,0.0,0.0,0.0,0.0,0.0,0.0,0.0,0.0,0.0,0.7127084732055664,0.0,0.0,0.0,0.0,0.0,0.0,0.0,0.0,0.0,0.0,0.0,0.0,0.0,0.0,0.0,0.0,0.0,0.0,0.0,0.0,0.03835307170429836,0.0,0.0,0.0,0.0,0.0,0.0,0.0,0.0,0.0,0.0,0.0,0.023732064064851743,0.0,0.0,0.0,0.0,0.0,0.0,0.0,0.0,0.0,0.0,0.0,0.0,0.0,0.0,0.0,0.0,0.0,0.0,0.0,0.0,0.0,0.0,0.0,0.10603176057338715,0.0,0.0,0.0,0.0,0.0,0.0,0.0,0.0
0.0,0.0,0.799609899520874,0.0,0.0,0.0,0.0,0.0,0.0,0.0,0.0,0.0,0.0,0.18170317179773932,0.0,0.35296376911711036,0.0,0.0,0.0,0.0,0.0,0.0,0.0,0.0,0.2564539746327128,0.0,0.0,0.0,0.0,0.0,0.0,0.0,0.21890081465244293,0.0,0.0,0.0,0.0,0.0,0.0,0.0,0.0,0.0,0.0,0.0,0.0,0.0,0.10832025110721588,0.0,0.0,0.0,0.0,0.0,0.0,0.0,0.0,0.08000104621101345,0.0,0.03884576669657691,0.0,0.0,0.0,0.0,0.0,0.0,0.0,0.0,0.0,0.04950294382085059,0.0,0.0,0.0,0.0,0.0,0.0,0.0,0.0,0.0,0.0,0.0,0.0,0.251497882130451,0.0,0.0,0.0,0.0,0.0,0.0,0.0,0.0,0.0,0.0,0.0,0.0,0.0,0.07267013891280083,0.0,0.0,0.0,0.0,0.0
0.0,0.0,0.0,0.0,0.0,0.0,0.0,0.0,0.0,0.0,0.0,0.0,0.0,0.0,0.0,0.0,0.0,0.0,0.0,0.0,0.0,0.0,0.0,0.0,0.0,0.0,0.0,0.0,0.0,0.0,0.0,0.0,0.0,0.0,0.0,0.0,0.0,0.0,0.0,0.0,0.0,0.0,0.0,0.0,0.0,0.0,0.0,0.0,0.0,0.0,0.0,0.0,0.0,0.0,0.0,0.3617130517959595,0.0,0.0,0.0,0.0,0.0,0.0,0.0,0.0,0.0,0.0,0.0,0.22382033398781687,0.0,0.0,0.0,0.0,0.0,0.0,0.0,0.0,0.0,0.0,0.0,0.0,0.0,0.0,0.0,0.0,0.0,0.0,0.0,0.0,0.0,0.0,0.0,0.0,0.0,0.0,0.0,0.0,0.0,0.0,0.0,0.0
0.0,0.8370569944381714,0.11191927102991084,0.0,0.07951957496052252,0.0,0.5317099696904489,0.16847682193561428,0.21901658924151546,0.0,0.0,0.0,0.0,0.18675476486459486,0.1388304205697709,0.21325005356292875,0.04361645201890463,0.33678381490960707,0.22327281348214992,0.057345468877608594,0.3307480048820739,0.0,0.0,0.3851790072545832,0.5210690340225319,0.22778407976058992,0.06016257523067944,0.0,0.675786088284313,0.06984237000255533,0.0,0.0,0.3158712514493029,0.0,0.18204850911149614,0.21758512235575367,0.0,0.01722961938116761,0.0,0.0,0.0,0.0,0.04271652084335583,0.5446031142906946,0.022768647518321212,0.185218188794595,0.44090876913041654,0.3115382492542267,0.0,0.0,0.0,0.15794313070001514,0.11729001661500227,0.0,0.3431640584896638,0.2532387262645843,0.004818467986359036,0.6763972624697219,0.0,0.0,0.0,0.035646851240344515,0.10406771639813753,0.0,0.0,0.6484066114930644,0.0,0.5054007700843534,0.5504606369014902,0.0,0.8492258787155151,0.0,0.04554347836386277,0.0,0.0,0.10702675908621728,0.0,0.03028590325246289,0.2631750447167173,0.17479913449147327,0.26795556691098477,0.0,0.20083713004855497,0.0,0.0,0.0,0.03344547512060803,0.0,0.10265175398783612,0.0,0.0,0.059351611517283555,0.0,0.05592951916105315,0.24371478544803074,0.1816385765226669,0.0,0.0,0.19923107166246004,0.2874171733856201
0.0,0.0,0.0,0.0,0.0,0.0,0.0,0.0,0.0,0.0,0.0,0.0,0.0,0.0,0.0,0.0,0.0,0.7251838445663452,0.0,0.0,0.0,0.0,0.0,0.0,0.0,0.0,0.0,0.0,0.0,0.0,0.0,0.0,0.0,0.0,0.0,0.0,0.0,0.0,0.0,0.0,0.0,0.0,0.0,0.0,0.0,0.0,0.0,0.0,0.0,0.0,0.0,0.0,0.0,0.0,0.0,0.0,0.0,0.0,0.0,0.0,0.0,0.0,0.0,0.0,0.0,0.0,0.0,0.0,0.0,0.0,0.0,0.0,0.0,0.0,0.0,0.0,0.0,0.0,0.0,0.0,0.0,0.0,0.0,0.0,0.0,0.0,0.0,0.0,0.0,0.0,0.0,0.0,0.0,0.0,0.0,0.0,0.0,0.0,0.0,0.0
0.0,0.0,0.0,0.0,0.0,0.0,0.0,0.0,0.0,0.0,0.0,0.0,0.0,0.0,0.0,0.0,0.0,0.0,0.0,0.0,0.0,0.0,0.0,0.0,0.0,0.0,0.0,0.0,0.0,0.0,0.0,0.0,0.0,0.0,0.0,0.0,0.0,0.0,0.0,0.0,0.0,0.0,0.0,0.0,0.0,0.0,0.0,0.0,0.0,0.0,0.0,0.0,0.0,0.0,0.0,0.0,0.0,0.0,0.0,0.0,0.0,0.0,0.0,0.0,0.0,0.0,0.0,0.0,0.0,0.0,0.0,0.0,0.0,0.0,0.0,0.0,0.0,0.0,0.0,0.0,0.0,0.0,0.0,0.0,0.0,0.0,0.0,0.0,0.0,0.0,0.0,0.0,0.0,0.0,0.0,0.0,0.0,0.0,0.0,0.0
0.0,0.0,0.0,0.0,0.0,0.0,0.0,0.0,0.4094429314136505,0.0,0.0,0.0,0.0,0.0,0.0,0.20550186659381886,0.0,0.10792158301668664,0.0,0.0,0.0,0.0,0.0,0.0,0.0,0.0,0.0,0.0,0.0,0.0,0.0,0.0,0.0,0.0,0.0,0.0,0.0,0.0,0.0,0.0,0.0,0.0,0.0,0.0,0.0,0.3068424165248871,0.0,0.0,0.0,0.0,0.0,0.0,0.0,0.0,0.0,0.0,0.0,0.7090497612953186,0.0,0.0,0.0,0.0,0.0,0.0,0.0,0.0,0.0,0.0,0.0,0.0,0.0,0.0,0.0,0.0,0.0,0.0,0.0,0.0,0.0,0.0,0.0,0.0,0.0,0.0,0.0,0.0,0.0,0.0,0.0,0.0,0.0,0.0,0.0,0.0,0.5896610848615849,0.0,0.0,0.0,0.0,0.0
0.11930311818303163,0.0,0.2569696810570225,0.0,0.0,0.40571245551109314,0.1484717689441052,0.08300386595640688,0.40568408927815813,0.0,0.0,0.0,0.0,0.6372829183249338,0.12606402102132153,0.3184836638326305,0.24759665501642336,0.26115174484134,0.05673101862996209,0.0,0.1835092350527497,0.0,0.40172484517097473,0.2608397475865697,0.3807602028734344,0.663377355958326,0.0,0.3391068968310069,0.1942465824134149,0.291937562074849,0.0,0.3180850618532567,0.3608020266181357,0.0,0.44301407304125945,0.0,0.0,0.09508907827562847,0.0,0.14935909178339407,0.0,0.0,0.0,0.26671714724810996,0.4660787054627112,0.4419288191723697,0.028792280354463896,0.036872268624723786,0.0,0.0,0.0,0.783530322885502,0.01011837012379152,0.0,0.10429333452703585,0.38582306077820716,0.5396139032028424,0.28059406674497045,0.0,0.08611226445713253,0.0,0.19751380383968353,0.0,0.0,0.0,0.1647525598065905,0.0,0.6200465521866716,0.2860313145621911,0.0,0.0,0.0,0.5878246434879152,0.0,0.0,0.06309456001376948,0.0,0.16780960297958636,0.2977220821835912,0.21851109971261218,0.17667649962654458,0.0,0.6977143450456962,0.0,0.0,0.0,0.6846354723202138,0.0,0.0,0.0,0.2658069941692174,0.10000951461657354,0.0,0.12039023926439091,0.29687938959738897,0.3178767075504393,0.0,0.0,0.30789979071233353,0.16943856144012046
0.7925344109535217,0.0,0.49764356455701664,0.0,0.0,0.0,0.03999258192328646,0.6046212385625047,0.1518397301666898,0.0,0.0,0.0,0.0,0.1764125240228184,0.1399599313049035,0.18900405662239878,0.7331652123052042,0.12036497082181948,0.0,0.0,0.12121080048251374,0.0,0.0,0.16888989759353898,0.6847358862399674,0.16804075548991493,0.0,0.0,0.83007507922026,0.22772856995575316,0.0,0.0,0.0,0.0,0.6493338246247445,0.0,0.0,0.631679773228317,0.0,0.0,0.0,0.0,0.0,0.0,0.3246038389650861,0.2409239951780313,0.0,0.0,0.0,0.0,0.0,0.08342372980737804,0.0,0.0,0.36082117560742366,0.014935093994506259,0.17665676168436142,0.20580252574389876,0.0,0.0,0.0,0.38062252421017817,0.0,0.0,0.541265070438385,0.0,0.0,0.5455289102080071,0.6144960945240442,0.0,0.0,0.0,0.40939466591812834,0.0,0.0,0.0,0.0,0.32338051027887255,0.19129836046578294,0.12160475101678096,0.2527068608952554,0.0,0.0,0.0,0.0,0.0,0.47681925821130733,0.0,0.0,0.0,0.0,0.041289895181695214,0.0,0.05638455626346879,0.13866863933824033,0.22470271662448352,0.0,0.0,0.25616934186402096,0.0
0.0,0.0,0.0,0.0,0.0,0.0,0.0,0.0,0.0,0.0,0.0,0.0,0.0,0.0,0.0,0.0,0.0,0.0,0.0,0.0,0.0,0.0,0.0,0.0,0.46100836992263794,0.0,0.0,0.0,0.0,0.0,0.0,0.0,0.0,0.0,0.0,0.0,0.0,0.0,0.0,0.0,0.0,0.0,0.0,0.0,0.0,0.0,0.0,0.0,0.0,0.0,0.0,0.0,0.0,0.0,0.0,0.0,0.0,0.0,0.0,0.0,0.0,0.0,0.0,0.0,0.0,0.0,0.0,0.0,0.0,0.0,0.0,0.0,0.0,0.0,0.0,0.0,0.0,0.0,0.0,0.0,0.0,0.0,0.0,0.0,0.0,0.0,0.0,0.0,0.0,0.0,0.0,0.0,0.0,0.0,0.0,0.0,0.0,0.0,0.0,0.0
0.0,0.0,0.0,0.0,0.0,0.0,0.0,0.0,0.3866751552396863,0.0,0.0,0.0,0.0,0.4780321137791219,0.0,0.19401310677557682,0.0,0.13660621676066498,0.0,0.0,0.19938723290216842,0.0,0.0,0.0,0.0,0.0,0.0,0.0,0.0,0.0,0.0,0.0,0.2628284368093503,0.0,0.0,0.0,0.0,0.0,0.0,0.0,0.0,0.0,0.0,0.0,0.0,0.0,0.0,0.0,0.0,0.0,0.0,0.0,0.0,0.0,0.0,0.37413636521617294,0.0,0.08444187734448425,0.0,0.0,0.0,0.0,0.0,0.0,0.0,0.0,0.0,0.2736692248396416,0.0,0.0,0.0,0.0,0.0,0.0,0.0,0.3723742663860321,0.0,0.0,0.0,0.0,0.0,0.0,0.7373510599136353,0.0,0.0,0.0,0.0,0.0,0.0,0.0,0.0,0.0,0.0,0.0,0.09427630377482323,0.0,0.0,0.0,0.0,0.0
