0.0,0.0,-0.16014012694358826,0.22791069746017456,0.0,0.0,0.0,0.0,0.0,0.1819346845149994,0.0,0.0,0.3788030743598938,0.0,0.0,0.0,0.0,0.9467750787734985,0.09835265576839447,0.11177784204483032,0.0,0.0,0.0,0.0,-0.1565747857093811,0.0,0.0,0.23179128766059875,0.0,0.18501505255699158,0.340116024017334,0.0,-0.16649548709392548,0.0,-0.4070354700088501,0.0,0.0,0.0,0.0,0.0,0.22192704677581787,0.3475566804409027,0.0,0.0,0.0,0.0,0.0,0.0,0.0,-0.22590908408164978,0.0,0.0,0.33372461795806885,-0.30795818567276,0.0,0.0,0.0,-0.5258833765983582,0.0,0.0,0.0,-0.37614402174949646,0.0,0.0,0.3444645404815674,0.0,-0.5801352262496948,0.12864619493484497,0.0,-0.15827414393424988,0.0,0.0,0.43260055780410767,-0.8504363894462585,-0.3723653256893158,0.0,-0.19376690685749054,0.0,0.0,-0.16084861755371094,0.32885998487472534,0.0,0.0,0.0,0.0,-0.25688642263412476,0.0,0.0,-1.249145269393921,0.34888070821762085,0.0,-0.17630833387374878,0.0,-0.22440434992313385,0.0,0.0,0.0,0.35634228587150574,0.38911065459251404,0.0
0.0,0.0,0.30036863684654236,-0.41426631808280945,1.0942929983139038,0.0,0.0,0.17707669734954834,0.0,0.0,0.0,0.0,-0.15712228417396545,0.0,0.0,-0.7000688910484314,0.26609134674072266,0.6380375623703003,-0.21398630738258362,0.21713539958000183,0.7231169939041138,0.0,-0.1695360541343689,0.0,0.34637051820755005,-0.3078211545944214,0.0,0.0,-0.2998262047767639,0.0,0.0,-0.17601259052753448,0.0,0.0,0.0,0.0,0.0,-0.8850021958351135,0.0,-0.3447604179382324,0.0,0.7611168622970581,0.0,0.5962638854980469,0.0,0.0,0.0,0.0,0.15608322620391846,0.3262227177619934,0.14576750993728638,0.7676754593849182,0.221948504447937,-0.21726518869400024,0.0,0.17581169307231903,0.0,0.3647523820400238,0.1388007551431656,0.2756357192993164,0.0,0.0,0.0,0.1454731822013855,0.246614009141922,0.0,0.0,-0.3646421730518341,0.0,0.11389701813459396,-0.23730336129665375,0.0,0.0,-1.9552839994430542,0.0,0.0,0.2842983603477478,-1.091620922088623,0.0,0.2970111072063446,0.24198679625988007,0.0,-0.4333834648132324,0.0,-0.6022388339042664,-0.24155493080615997,0.0,0.7548457384109497,-0.5650922656059265,0.0,0.0,0.791810929775238,-0.2591353952884674,0.39064475893974304,0.0,0.0,0.0,0.8690250515937805,0.5884778499603271,-0.1943909078836441
0.0,0.0,0.0,0.0,0.0,0.0,0.0,0.0,0.0,0.0,0.0,0.0,0.0,0.0,0.0,0.0,0.0,0.0,0.0,0.0,0.0,0.0,0.0,0.0,0.0,0.0,0.0,0.0,0.0,0.0,0.0,0.0,0.0,0.0,0.0,0.0,0.0,0.22033341228961945,0.0,0.0,0.0,0.0,0.0,0.0,0.0,0.0,0.0,0.0,0.0,-0.12089413404464722,0.0,0.0,0.0,0.0,0.0,0.0,0.0,0.0,0.0,0.0,0.0,0.0,0.0,0.0,0.0,0.0,0.0,0.0,0.0,0.0,0.0,0.0,0.0,0.0,0.0,0.0,0.0,0.0,0.0,0.0,0.6776667833328247,0.0,0.0,0.0,0.0,0.0,0.0,0.0,0.0,0.0,0.0,0.0,0.0,0.0,0.0,0.0,0.0,0.0,0.0,0.0
0.0,0.0,0.0,0.0,0.0,0.0,0.0,0.0,0.0,0.0,0.0,0.0,0.0,0.0,0.0,0.0,0.0,0.0,0.0,0.0,0.0,0.0,0.0,0.0,0.0,0.0,0.0,0.0,0.0,0.0,0.0,0.0,0.0,0.0,0.0,0.0,0.0,0.2349146008491516,0.0,0.0,0.0,0.2586587965488434,0.0,0.0,0.0,0.0,0.0,0.0,0.0,0.0,0.0,0.0,0.0,0.0,0.0,0.0,0.0,0.0,0.0,0.0,0.0,0.0,0.0,0.0,0.0,0.0,0.0,0.0,0.0,0.0,0.0,0.0,0.0,0.0,0.0,0.0,0.0,0.0,0.0,0.0,0.0,0.0,0.0,0.0,0.0,0.0,0.0,0.0,0.0,0.0,0.0,0.0,0.0,0.0,0.0,0.0,0.0,0.0,0.0,0.0
0.0,0.0,0.0,0.0,0.0,0.0,0.0,0.0,0.0,0.0,0.0,0.0,0.0,0.0,0.0,0.0,0.0,0.0,0.0,0.0,0.0,0.0,0.0,0.0,0.0,0.0,0.0,0.0,0.0,0.0,0.0,0.0,0.0,0.0,0.0,0.0,0.0,0.0,0.0,0.0,0.0,0.0,0.0,0.0,0.0,0.0,0.0,0.0,0.0,0.0,0.0,0.0,0.0,0.0,0.0,0.0,0.0,0.0,0.0,0.0,0.0,0.0,0.0,0.0,0.0,0.0,0.0,0.0,0.0,0.0,0.0,0.0,0.0,0.0,0.0,0.0,0.0,0.0,0.0,0.0,0.0,0.0,0.0,0.0,0.0,0.0,0.0,0.0,0.0,0.5824305415153503,0.0,0.0,0.0,0.0,0.0,0.0,0.0,0.0,0.0,0.0
0.0,0.0,0.0,-0.26708224415779114,-0.22318868339061737,0.0,0.0,0.0,0.0,0.0,0.0,0.0,0.11457029730081558,0.0,0.0,0.0,0.0,0.0,0.0,0.0,0.0,0.0,0.0,0.0,0.0,0.0,0.0,0.0,0.0,0.0,0.0,0.0,0.0,0.0,-0.1859227865934372,0.0,0.0,-0.12144361436367035,0.0,0.0,0.0,0.3862026333808899,0.0,0.0,0.0,0.0,0.0,0.0,0.0,-0.20344968140125275,0.0,0.0,0.0,0.0,0.0,0.0,0.0,0.3099839687347412,0.0,0.0,0.0,0.0,0.0,0.0,0.0,0.0,0.0,0.0,0.0,0.0,0.0,0.0,0.0,0.4502691924571991,-0.16856174170970917,0.0,0.0,0.0,0.0,0.0,0.0,0.0,0.0,0.0,0.0,0.0,0.0,0.0,0.0,0.5506290793418884,0.0,0.0,0.0,0.0,0.0,0.0,0.0,0.0,0.0,0.0
0.0,-0.1065247431397438,0.3176290690898895,-0.19889190793037415,-1.2009767293930054,-0.5358135104179382,0.0,0.0,0.0,1.0126487016677856,0.0,0.0,-0.9439637064933777,0.0,-0.13340336084365845,0.5538530349731445,-0.1662716418504715,0.0,0.46710169315338135,0.0,0.6246144771575928,0.0,0.3628202974796295,0.0,-0.7717148065567017,0.42938926815986633,0.0,-0.0963081493973732,-0.9541204571723938,-0.9290676712989807,-1.0994631052017212,0.0,-0.9153406620025635,0.0,0.4190995991230011,0.0,0.09695176780223846,0.23472432792186737,1.0852128267288208,0.3272773027420044,0.7063388228416443,1.5845390558242798,0.0,-0.30395394563674927,-0.11340302228927612,0.18284539878368378,0.0,-0.1265585571527481,-0.5297814011573792,-0.5483302474021912,0.4102540612220764,-0.2986736297607422,0.14766721427440643,0.5723978281021118,0.0,-0.12071582674980164,0.0,-1.6587872505187988,0.0,-0.119984470307827,0.0,0.2646324336528778,0.0,-0.12009143084287643,-0.18889759480953217,0.0,1.7909201383590698,-1.2611172199249268,0.0,0.47182634472846985,0.312775194644928,0.0,1.3677732944488525,-0.23959042131900787,0.7620692849159241,0.0,-0.6130845546722412,0.0,-0.10333266109228134,-0.47831204533576965,-1.1171047687530518,0.0,0.23030127584934235,-0.47591710090637207,0.44580337405204773,0.6434798240661621,0.0,-0.26624611020088196,-1.4355882406234741,0.0,0.0,1.6804656982421875,1.112884759902954,-0.16297101974487305,0.0,0.0,0.5603090524673462,0.0,1.1622354984283447,-0.6350820064544678
0.0,0.0,0.0,0.0,0.0,0.0,0.0,0.0,0.0,0.0,0.0,0.0,0.19487470388412476,0.0,0.0,-0.5200208425521851,0.0,-0.5550305247306824,0.0,0.0,0.0,0.0,0.0,0.0,-0.36177077889442444,0.0,0.0,0.0,0.2560977637767792,0.28761982917785645,0.15135036408901215,-0.21862055361270905,0.0,0.0,0.23888762295246124,0.0,0.0,-0.36192384362220764,0.0,0.17418073117733002,0.5054633617401123,-0.575753390789032,0.0,0.0,0.0,0.0,0.0,0.0,0.0,0.0,0.6053949594497681,-0.24166934192180634,-0.21244147419929504,0.10260305553674698,0.0,0.0,0.0,-0.31527435779571533,0.0,0.0,0.0,-0.3296690285205841,0.0,0.1327325850725174,0.0,0.0,0.3443039655685425,0.2631758451461792,0.0,0.20646658539772034,0.14790791273117065,0.0,-0.1661672443151474,0.3072955906391144,-0.678560197353363,0.0,-0.23100510239601135,0.0,0.0,0.4668475389480591,-1.961702823638916,0.0,0.27451109886169434,-0.1512530893087387,-0.11866588890552521,0.2858505845069885,0.0,0.0,-0.696792483329773,0.3322235941886902,0.0,0.0,0.10628832131624222,-0.2395763397216797,0.0,0.0,0.0,0.2868639826774597,0.0,0.28438684344291687
0.0,0.5224135518074036,0.636692464351654,-1.1164392232894897,-1.4045723676681519,0.21873675286769867,0.0,0.0,0.0,1.6400277614593506,0.2215205579996109,0.16838853061199188,0.6394725441932678,0.0,0.3059175908565521,0.3379848003387451,0.15045462548732758,0.9515976309776306,0.12384907901287079,-1.3441781997680664,0.17855367064476013,0.0,0.48737457394599915,0.0,-0.4611828029155731,-0.1804180145263672,0.0,0.21634119749069214,0.8157416582107544,0.22415198385715485,0.0,-0.618691086769104,-0.5539429783821106,0.0,-1.2729549407958984,0.0,0.7974333763122559,1.4126605987548828,0.0,0.0,-0.10007333010435104,-0.16366997361183167,0.0,-0.14306017756462097,0.0,0.0,0.0,0.49196112155914307,0.24993404746055603,-0.4766421318054199,0.10679920762777328,-0.97499680519104,-0.12590214610099792,0.0,0.28645485639572144,-0.5007925629615784,0.0,-0.6596428751945496,0.0,0.32280752062797546,0.0,-0.36386793851852417,-0.11250650137662888,0.0,-0.6372267007827759,0.0,1.6388102769851685,-0.2480267435312271,0.11739600449800491,-0.25851699709892273,0.0,0.0,0.2963702976703644,2.2304091453552246,0.0,0.0,-0.35921216011047363,0.3878132700920105,0.5475559234619141,0.0,-0.782992959022522,0.0,-0.13750073313713074,-0.12689726054668427,0.841059684753418,0.0,0.0,0.42335623502731323,0.5640600323677063,0.0,0.0,0.9766625165939331,-0.10296978056430817,-0.8677462339401245,0.0,0.0,0.12366798520088196,-0.6909318566322327,-0.4788060188293457,-0.806777834892273
0.0,0.0,0.0,0.0,0.0,0.0,0.0,0.0,0.0,0.0,0.0,0.0,0.0,0.0,0.0,0.0,0.0,0.0,0.0,0.0,0.0,0.0,0.0,0.0,0.0,0.0,0.0,0.0,0.0,0.0,0.0,0.0,0.0,0.0,0.0,0.0,0.0,0.0,0.0,0.0,0.0,0.0,0.0,0.0,0.0,0.0,0.0,0.0,0.0,0.0,0.0,0.0,0.0,0.0,0.0,0.0,0.0,-0.13358038663864136,0.0,0.0,0.0,0.0,0.0,0.0,0.0,0.0,0.0,0.0,0.0,0.0,0.0,0.0,0.0,0.0,0.0,0.0,0.0,0.0,0.0,0.0,0.0,0.0,0.0,0.0,0.0,0.0,0.0,0.0,0.2118874043226242,0.0,0.0,0.0,0.0,0.0,0.0,0.0,0.0,0.0,0.0,0.0
0.0,0.0,0.7506831884384155,-0.21532665193080902,0.45115169882774353,0.3961707353591919,0.0,0.0,0.0,0.10151094943284988,0.0,0.0,0.26341503858566284,0.0,-0.09785780310630798,-0.10789921134710312,0.6082574129104614,0.8063110709190369,-0.21903051435947418,-0.19359509646892548,0.0,0.0,-0.1883152425289154,0.0,0.6690422296524048,-0.5201321840286255,0.0,-0.10763514786958694,-0.27336031198501587,0.0,-1.5752875804901123,-0.27580028772354126,0.4680352210998535,0.0,0.16856427490711212,0.0,0.2045026272535324,0.3361782133579254,-0.346013605594635,-0.2314661592245102,-0.2585330307483673,0.21544064581394196,0.0,-0.19696013629436493,0.0,0.0,0.0,0.0,0.0,0.13126811385154724,-0.2674303948879242,0.22771504521369934,-0.141016885638237,0.6389684081077576,0.28554096817970276,0.0,0.0,-0.2587175667285919,0.0,-0.24852216243743896,0.0,0.0,0.0,0.0,0.4430636167526245,0.0,0.32730618119239807,0.0,0.0,0.0,0.0,0.0,-0.3450061082839966,-0.6711381077766418,-0.9534108638763428,0.0,-0.27200040221214294,0.6103789210319519,0.380170077085495,-0.2956176996231079,-1.3926734924316406,0.0,0.22240644693374634,0.22538094222545624,0.0,0.0,0.0,0.0,1.2483313083648682,0.1687551587820053,0.0,-0.730095624923706,0.5096815824508667,-0.20853330194950104,0.0,0.0,0.7036020159721375,-0.2530185580253601,0.800537109375,0.39911696314811707
0.0,0.0,0.0,0.3804941773414612,0.0,-0.17243166267871857,0.0,0.0,0.0,-0.6127693057060242,0.0,0.0,0.16400708258152008,0.0,0.0,0.38093534111976624,0.2057848572731018,-0.98297518491745,-0.14683113992214203,-0.31846344470977783,0.0,0.0,0.0,0.0,-0.25063344836235046,0.0,0.0,0.12730026245117188,-0.7705994248390198,0.0,-0.22627107799053192,0.34927940368652344,0.6191235184669495,0.0,-0.25750529766082764,0.0,-0.11703536659479141,-0.41194409132003784,0.0,0.0,-0.9875021576881409,1.022829294204712,0.0,-0.2500062584877014,0.0,0.0,0.0,0.0,0.15425817668437958,0.0,0.0,-0.16252422332763672,0.46938249468803406,0.4881782829761505,0.0,0.6150180101394653,0.0,1.534516453742981,0.0,0.0,0.0,0.0,0.30130311846733093,0.0,0.26462337374687195,0.0,-0.32899031043052673,0.6068976521492004,0.0,0.0,-0.4531773626804352,0.0,0.0,0.32801419496536255,0.37770411372184753,0.0,0.35518261790275574,0.6279954314231873,-0.14740680158138275,-0.45888644456863403,0.0,0.0,0.25354987382888794,-0.45533353090286255,-0.7379560470581055,-0.14029309153556824,0.0,-0.17018716037273407,0.34683912992477417,0.15240350365638733,0.0,-1.151435375213623,-0.11890927702188492,-0.11248298734426498,0.0,0.0,0.0,0.4780464172363281,-0.6289162039756775,0.6876000761985779
0.0,0.0,0.0,-0.3837965726852417,0.21583767235279083,0.0,0.0,0.0,0.0,0.0,0.0,0.0,0.0,0.0,0.0,0.0,0.0,0.0,0.0,0.0,0.0,0.0,0.0,0.0,0.0,0.0,0.0,0.0,0.0,0.0,0.0,0.0,0.0,0.0,-0.23652799427509308,0.0,0.0,0.0,0.0,0.0,0.0,0.6300036311149597,0.0,0.0,0.0,0.0,0.0,0.0,0.0,0.0,0.0,0.0,0.0,0.0,0.0,0.0,0.0,0.1636952906847,0.0,0.0,0.0,0.0,0.0,0.0,0.0,0.0,0.0,0.0,0.0,0.0,0.0,0.0,0.0,0.0,0.0,0.0,0.0,0.0,0.0,0.0,0.0,0.0,0.0,0.0,0.0,0.0,0.0,0.0,0.0,0.0,0.0,0.0,0.0,0.0,0.0,0.0,0.0,0.0,0.0,0.0
0.0,0.0,0.28036069869995117,0.22609607875347137,-0.5458670854568481,0.49187400937080383,0.0,0.0,0.0,-0.48958441615104675,0.0,0.0,0.0,0.0,0.39730167388916016,0.5481073260307312,-0.2952803373336792,-0.10035420209169388,-0.18234919011592865,0.0,0.0,0.0,0.0,0.0,-0.4805877208709717,-0.3508444130420685,0.0,0.0,-0.8768712282180786,-0.21363236010074615,1.0850998163223267,0.0,0.0,0.0,1.6810874938964844,0.0,0.0,-0.968673825263977,0.34554463624954224,-0.11431571841239929,0.35779324173927307,0.32070600986480713,0.0,-0.21408440172672272,0.3603871166706085,0.0,0.0,-0.13619543612003326,-0.28250545263290405,1.1976536512374878,-0.2424996942281723,0.432162344455719,0.0,0.6590970754623413,0.0,-0.31538814306259155,0.0,-0.6085298657417297,0.2328605055809021,0.4134548604488373,0.0,0.0,0.09968184679746628,-0.10337907820940018,-0.280997097492218,0.0,0.8325448036193848,0.0,0.0,0.5382066369056702,-0.12520602345466614,0.0,0.2564011812210083,-1.9546027183532715,0.4572793245315552,0.0,0.4305318593978882,-0.5422706007957458,0.0,0.2632810175418854,-1.9078983068466187,0.0,0.8049170970916748,-0.5689456462860107,0.0,-0.34849491715431213,0.0,0.11032041162252426,-0.596544086933136,-0.3831554353237152,0.0,-0.16812047362327576,0.13408461213111877,0.23033516108989716,0.0,0.0,0.0,0.0,0.25903448462486267,0.23354049026966095
0.0,0.0,0.0,0.0,0.0,0.0,0.0,0.0,0.0,0.0,0.0,0.0,0.0,0.0,0.0,0.0,0.0,0.0,0.0,0.0,0.0,0.0,0.0,0.0,0.0,0.0,0.0,0.0,0.0,0.0,0.0,0.0,0.0,0.0,0.12515385448932648,0.0,0.0,0.0,0.0,0.0,0.0,0.0,0.0,0.0,0.0,0.0,0.0,0.0,0.0,0.0,0.0,0.0,0.0,0.0,0.0,0.0,0.0,0.0,0.0,0.0,0.0,0.0,0.0,0.0,0.0,0.0,0.0,0.0,0.0,0.0,0.0,0.0,0.0,0.0,0.0,0.0,0.0,0.0,0.0,0.0,0.0,0.0,0.0,0.0,0.0,0.0,0.0,0.0,0.0,0.0,0.0,0.0,0.0,0.0,0.0,0.0,0.0,0.0,0.0,0.0
0.0,0.0,0.0,-0.13621105253696442,0.15941479802131653,0.0,0.0,0.0,0.0,0.0,0.0,0.0,0.0,0.0,0.0,0.0,0.0,0.18602128326892853,0.0,0.0,0.0,0.0,0.0,0.0,0.0,0.0,0.0,0.0,0.0,0.0,0.19274863600730896,0.0,0.0,0.0,0.0,0.0,0.0,-0.1384517401456833,0.0,0.0,0.0,0.0,0.0,0.0,0.0,0.0,0.0,0.0,0.0,0.0,0.0,0.0,0.0,0.0,0.0,0.0,0.0,-0.25162336230278015,0.0,0.0,0.0,0.0,0.0,0.0,0.0,0.0,0.0,0.0,0.0,0.0,0.0,0.0,0.0,0.34600675106048584,0.0,0.0,0.0,0.0,0.0,0.0,0.0,0.0,0.0,0.0,0.0,0.0,0.0,0.0,-0.1487675905227661,0.12111934274435043,0.0,0.0,0.0,0.0,0.0,0.0,0.0,0.0,0.0,0.0
0.0,0.0,0.0,0.0,0.0,0.0,0.0,0.0,0.0,0.0,0.0,0.0,0.0,0.0,0.0,0.0,0.0,0.0,0.0,0.0,0.0,0.0,0.0,0.0,0.0,0.0,0.0,0.0,0.0,0.0,0.0,0.0,0.0,0.0,0.0,0.0,0.0,0.0,0.0,0.0,0.0,0.6652388572692871,0.0,0.0,0.0,0.0,0.0,0.0,0.0,0.0,0.0,0.0,0.0,0.0,0.0,0.0,0.0,0.0,0.0,0.0,0.0,0.0,0.0,0.0,0.0,0.0,0.0,0.0,0.0,0.0,0.0,0.0,0.0,0.0,0.0,0.0,0.0,0.0,0.0,0.18847154080867767,0.0,0.0,0.0,0.0,0.0,0.0,0.0,0.0,0.0,0.0,0.0,0.0,0.0,0.0,0.0,0.0,0.0,0.0,0.0,0.0
0.0,0.0,0.0,0.0,0.18507681787014008,0.0,0.0,0.0,0.0,0.0,0.0,0.0,0.0,0.0,0.0,0.0,0.0,0.0,0.0,0.0,0.0,0.0,0.0,0.0,0.0,0.0,0.0,0.0,0.0,0.0,0.0,0.0,0.0,0.0,0.1400497853755951,0.0,0.0,0.0,0.0,0.0,0.0,0.0,0.0,0.0,0.0,0.0,0.0,0.0,0.0,0.0,0.0,0.0,0.0,0.0,0.0,0.0,0.0,0.1483231782913208,0.0,0.0,0.0,0.0,0.0,0.0,0.0,0.0,0.0,0.0,0.0,0.0,0.0,0.0,0.0,0.4702679216861725,0.0,0.0,0.0,0.0,0.0,0.0,0.0,0.0,0.0,0.0,0.0,0.0,0.0,0.0,0.0,0.0,0.0,0.0,0.0,0.0,0.0,0.0,0.0,0.0,0.0,0.0
0.0,0.0,0.0,-0.20978944003582,0.0,0.0,0.0,0.0,0.0,0.267153263092041,0.0,0.0,-0.14541490375995636,0.0,0.0,0.0,-0.23126640915870667,-0.35810983180999756,0.0,0.0,0.0,0.0,0.0,0.0,0.4438422918319702,0.0,0.0,0.0,-0.10189447551965714,-0.29603520035743713,-0.17244333028793335,0.0,0.2983846962451935,0.0,0.5231441855430603,0.0,0.0,-0.13959407806396484,0.0,0.0,-0.20732370018959045,-0.32897433638572693,0.0,0.0,0.0,0.0,0.0,0.0,0.0,0.0,0.0,0.0,0.38521331548690796,0.0,0.0,0.0,0.0,0.5076698064804077,0.0,0.0,0.0,0.0,0.0,0.0,0.0,0.0,0.5211277604103088,-0.26780277490615845,0.0,0.0,0.0,0.0,0.0,0.21398216485977173,0.11768489331007004,0.0,0.0,0.0,0.0,-0.31768256425857544,-0.1098274439573288,0.0,0.0,0.0,0.0,-0.10495002567768097,0.0,0.0,0.23561431467533112,0.0,0.0,0.13225623965263367,0.0,0.0,0.0,0.0,0.0,0.4418085217475891,0.0,0.5563220381736755
0.0,0.0,0.0,-0.49300646781921387,-0.3856468200683594,0.0,0.0,0.0,0.0,0.0,0.0,0.0,0.0,0.0,0.0,0.0,0.0,0.0,0.0,0.0,0.0,0.0,0.0,0.0,-0.1728941947221756,0.1866329461336136,0.0,0.0,-0.12418985366821289,0.3287477195262909,0.3085417151451111,0.0,0.17017970979213715,0.0,-0.3840247690677643,0.0,0.0,0.0,-0.1283203512430191,0.0,0.0,0.0,0.0,0.0,0.0,0.0,0.0,0.0,0.0,0.4739672839641571,0.0,0.0,0.0,0.0,0.0,0.0,0.0,0.573750376701355,0.0,0.0,0.0,0.17186617851257324,0.0,0.0,0.0,0.0,0.2182212769985199,0.2433125376701355,0.0,0.0,0.0,0.0,0.0,0.7225741147994995,-0.15192730724811554,0.0,0.0,0.0,0.0,-0.3582606613636017,0.0,0.0,0.0,0.0,0.0,0.0,0.0,0.0,-0.40763312578201294,-0.6092797517776489,0.0,0.0,0.0,0.0,0.0,0.0,0.0,0.0,0.0,-0.2659528851509094
0.0,0.0,0.30608171224594116,-0.49461236596107483,0.3532618582248688,0.0,0.0,-0.162297323346138,0.0,0.0,0.0,0.0,0.26200348138809204,0.0,0.11844675987958908,-0.5574029684066772,-0.4766409695148468,-0.788156270980835,0.10147056728601456,0.15074670314788818,0.0,0.0,0.0,0.0,-0.13330115377902985,-0.25920918583869934,0.0,0.0,0.28804123401641846,0.5078479051589966,0.3836316168308258,-0.2256954163312912,-0.3445541262626648,0.0,0.0,0.0,0.0,-0.5142906308174133,0.0,0.0,0.5975454449653625,-0.37701115012168884,0.0,0.0,0.0,0.0,0.0,0.0,0.0,0.18112891912460327,0.5760769248008728,-0.2150915116071701,-0.2340063452720642,0.20128388702869415,0.0,0.0,0.0,0.4811059534549713,0.0,0.0,0.0,-0.4293425381183624,0.0,0.1733860820531845,0.0,0.0,0.1521189659833908,0.45731979608535767,0.0,0.0,0.3747578561306,0.0,-0.38102173805236816,0.8964507579803467,-1.4406208992004395,0.0,-0.23819272220134735,0.0,0.0,0.6855691075325012,-0.6781110763549805,0.0,0.18399013578891754,-0.13978298008441925,-0.16074568033218384,0.5812448859214783,0.0,0.0,-0.43419012427330017,0.6781280636787415,0.0,-0.141485333442688,-0.14812658727169037,-0.22787627577781677,0.0,0.0,0.0,0.45865488052368164,-0.1187322810292244,0.18299400806427002
0.0,0.0,0.13449740409851074,0.7164296507835388,-0.2986651659011841,0.0,0.0,0.0,0.0,-0.15341225266456604,0.0,0.0,0.31386440992355347,0.0,0.0,0.2653518617153168,1.1609660387039185,0.11550669372081757,0.8318613171577454,-0.14533331990242004,-0.13319961726665497,0.0,0.6282461881637573,0.0,-0.7342613339424133,0.2898236811161041,0.0,0.12059284001588821,-0.24559515714645386,0.37812235951423645,0.09724131226539612,0.0,-0.8683158755302429,0.0,0.7935605645179749,0.0,0.0,0.0,0.23337000608444214,-0.2451927363872528,1.4745643138885498,-2.2940006256103516,0.0,0.2908093333244324,0.0,0.0,0.0,0.0,-0.19804951548576355,-0.4825722277164459,-0.2847078740596771,0.32643306255340576,-0.7760085463523865,0.1808934509754181,0.0,-0.17082473635673523,0.0,0.17858374118804932,0.0,0.226579949259758,0.0,0.4659796953201294,0.0,0.0,-0.23760370910167694,0.0,-0.5834767818450928,0.4202772080898285,0.0,0.21880529820919037,-0.16329693794250488,0.0,-0.2619306743144989,0.3720346689224243,0.11492179334163666,0.0,-0.4349212348461151,0.0,0.0,0.42095255851745605,0.0,0.0,0.23179280757904053,-0.2240234911441803,-0.7280466556549072,0.0,0.0,0.0,-0.79567551612854,0.5695299506187439,0.0,-0.821762204170227,0.3512817621231079,0.17943139374256134,0.0,0.0,0.0,-0.8745502233505249,-0.2095930576324463,-0.4105531573295593
0.0,0.0,-0.181810200214386,0.0,0.274670273065567,0.2099681794643402,0.0,0.0,0.0,0.12452836334705353,0.0,0.0,0.32772162556648254,0.0,0.0,-0.1847936064004898,0.35419368743896484,0.2124178409576416,0.6565365195274353,0.2859134376049042,0.0,0.0,0.0,0.0,0.26688775420188904,-0.4447760283946991,0.0,0.0,0.0,0.26010391116142273,-0.18538400530815125,0.0,0.3034111261367798,0.0,0.0,0.0,0.0,0.0,-0.20837709307670593,0.12356923520565033,-0.2715245187282562,0.26568368077278137,0.0,0.12781183421611786,0.0,0.0,0.0,0.0,0.0,0.895146906375885,0.0,0.0,-0.5773856043815613,-0.20029886066913605,0.0,0.0,0.0,-0.9116705060005188,0.0,0.0,0.0,0.12957370281219482,0.0,0.0,0.0,0.0,-0.640741229057312,0.0,0.0,-0.10415675491094589,0.0,0.0,0.0,-1.3950071334838867,-0.22060087323188782,0.0,0.0,-0.17142246663570404,0.0,0.35546764731407166,-0.3405038118362427,0.0,0.0,0.0,0.0,0.16849495470523834,0.0,0.0,0.3705139458179474,-1.1280348300933838,0.0,-0.5234373211860657,-0.26190903782844543,0.0,0.0,0.0,0.0,0.5054614543914795,0.0,0.0
0.2700907588005066,0.42246630787849426,-0.634651780128479,-0.8349087834358215,0.0,-1.8076454401016235,0.2330818921327591,0.0,0.10209697484970093,-1.4068580865859985,0.39402341842651367,0.0,0.0,0.0,-0.5491722822189331,-0.5094594359397888,0.0,0.535101056098938,-0.23075972497463226,0.6274566054344177,-0.26856037974357605,0.0,-0.5443887710571289,0.0,0.0,0.945955216884613,0.0,-0.9974253177642822,0.0,0.5756548047065735,0.5934017300605774,0.29583701491355896,-0.20503345131874084,0.0,1.313615322113037,0.11103538423776627,-0.12980954349040985,-2.9025070667266846,0.13598470389842987,-1.4056025743484497,0.35927197337150574,1.768876314163208,0.0,0.13401482999324799,0.0,0.16585689783096313,0.0,0.22290527820587158,-0.3715757131576538,0.7439767122268677,-1.8129860162734985,0.13868071138858795,-0.23244060575962067,0.16867102682590485,0.2565147578716278,0.2994120121002197,0.0,-0.6470624804496765,0.49060872197151184,-0.12179582566022873,0.0,0.631118655204773,0.12285999953746796,0.0,-0.1317518800497055,0.0,-0.7159420251846313,1.2157502174377441,0.0,-0.23321187496185303,0.2806395888328552,0.5659435987472534,-0.19489863514900208,1.9892330169677734,0.4418446719646454,0.0,0.0,-0.7350660562515259,0.8157103061676025,0.5052819848060608,1.5648382902145386,0.0,0.22158780694007874,-0.20648665726184845,-0.5549468398094177,-0.16760778427124023,0.0,0.19492597877979279,1.3843713998794556,0.8326640129089355,0.4041389226913452,-1.6109709739685059,0.46801602840423584,0.0,0.11425796151161194,0.10634968429803848,-0.23549595475196838,0.6530861258506775,-1.540005087852478,0.5789439678192139
0.0,0.0,0.0,0.0,0.0,0.0,0.0,0.0,0.0,0.0,0.0,0.0,0.0,0.0,0.0,0.0,0.0,0.0,0.0,0.0,0.0,0.0,0.0,0.0,0.0,0.0,0.0,0.0,0.0,0.0,0.0,0.0,0.0,0.0,0.0,0.0,0.0,0.0,0.0,0.0,0.0,0.0,0.0,0.0,0.0,0.0,0.0,0.0,0.0,0.0,0.0,0.0,0.0,0.0,0.0,0.0,0.0,0.0,0.0,0.0,0.0,0.0,0.0,0.0,0.0,0.0,0.0,0.0,0.0,0.0,0.0,0.0,0.0,0.0,0.0,0.0,0.0,0.0,0.0,0.0,0.0,0.0,0.0,0.0,0.0,0.0,0.0,0.0,0.33852463960647583,0.0,0.0,0.0,0.0,0.0,0.0,0.0,0.0,0.0,0.0,0.0
0.0,0.0,0.0,0.1304587572813034,0.3856329917907715,0.0,0.0,0.0,0.0,0.0,0.0,0.0,0.0,0.0,0.0,0.1345013529062271,-0.15114587545394897,-0.5424740314483643,0.0,0.0,0.0,0.0,0.0,0.0,-0.11325057595968246,0.0,0.0,0.0,0.0,0.0,0.0,0.0,0.0,0.0,0.5610395073890686,0.0,0.0,0.17791514098644257,0.0,0.0,0.0,-0.3537120521068573,0.0,0.0,0.0,0.0,0.0,0.0,0.0,0.25764939188957214,0.0,0.0,0.0,0.0,0.0,0.0,0.0,-0.43181028962135315,0.0,0.0,0.0,0.0,0.0,0.0,0.0,0.0,0.0,0.0,0.0,0.0,0.0,0.0,0.0,-0.5753189921379089,-0.12871891260147095,0.0,0.0,0.0,0.0,0.0,0.5410673022270203,0.0,0.0,0.0,0.0,0.0,0.0,0.0,0.6389258503913879,0.2918352782726288,0.0,0.0,0.0,0.0,0.0,0.0,0.0,0.0,0.0,0.17257004976272583
0.0,0.0,0.3567264974117279,0.0,-0.2798020541667938,0.0,0.0,0.0,0.0,-0.14940108358860016,0.0,0.0,-0.32361504435539246,0.0,0.0,0.2894982099533081,-0.6454401016235352,0.9186615347862244,0.0,0.2665780782699585,0.0,0.0,0.0,0.0,0.2064705640077591,0.3263586163520813,0.0,0.4637647867202759,0.22851166129112244,0.20682482421398163,-0.35028156638145447,-0.18474188446998596,0.102447509765625,0.0,0.31999990344047546,0.0,0.0,0.5197789072990417,0.0,0.5802075862884521,-0.10905735939741135,-0.7773388028144836,0.0,0.0,0.0,0.0,0.0,0.0,-0.12730465829372406,-0.51805180311203,-0.11281698942184448,0.0,-0.38215306401252747,-0.5005456209182739,0.0,0.0,0.0,0.0,0.0,0.0,0.0,-0.3545793294906616,0.0,0.43705371022224426,0.0,0.0,-0.3534800708293915,0.3477036952972412,0.0,-0.29226627945899963,-0.2149820327758789,0.0,0.2086903303861618,-0.8978763222694397,0.14288495481014252,0.0,-0.2749490737915039,0.0,-0.16285577416419983,0.3775345981121063,-0.9829226136207581,0.0,-0.3086676597595215,0.0,0.12027431279420853,0.0,0.0,-0.1163797453045845,-1.2741369009017944,0.09278503805398941,0.0,-0.38613036274909973,0.6604284644126892,0.0,0.0,0.0,0.0,0.0,0.7935298085212708,-0.6991530060768127
0.0,0.0,-0.11439300328493118,0.0,0.3537387549877167,0.0,0.0,0.0,0.0,0.0,0.0,0.0,-0.2780894637107849,0.0,0.0,0.0,-0.2484169900417328,0.6342187523841858,0.0,0.30067193508148193,0.0,0.0,0.0,0.0,0.0,0.3330097794532776,0.0,0.0,0.14380979537963867,0.11538728326559067,-0.332947701215744,-0.12893232703208923,-0.3240889310836792,0.0,-0.804618239402771,0.0,0.0,-0.565366268157959,0.0,0.11920268088579178,-0.2154858112335205,1.4200284481048584,0.0,0.0,0.0,0.0,0.0,0.0,0.0,-0.5966667532920837,0.13679289817810059,0.0,0.33163028955459595,-0.222187340259552,0.0,0.0,0.0,-0.14072898030281067,0.0,0.0,0.0,-0.23672375082969666,0.0,0.0,0.0,0.0,0.167123481631279,0.0,0.0,-0.14513032138347626,0.0,0.0,0.0,-0.26417312026023865,-0.9279941916465759,0.0,0.0,0.0,0.0,0.2673824429512024,0.1905185580253601,0.0,0.0,0.0,0.0,-0.3369848430156708,0.0,0.0,0.779974639415741,0.6447412371635437,0.0,0.3151117265224457,0.0,0.0,0.0,0.0,0.0,-0.1813289076089859,0.3328125774860382,0.5501943826675415
0.0,0.0,0.0,-0.16140039265155792,0.0,0.0,0.0,0.0,0.0,0.1957123875617981,0.0,0.0,0.0,0.0,0.0,0.0,0.22039975225925446,-0.14407892525196075,0.0,0.0,0.0,0.0,0.0,0.0,0.0,0.0,0.0,0.0,0.0,0.0,0.0,0.0,0.0,0.0,0.30488574504852295,0.0,0.0,0.0,0.0,0.0,0.0,0.20103591680526733,0.0,0.0,0.0,0.0,0.0,0.0,0.0,-0.13128386437892914,0.0,0.0,0.0,0.0,0.0,0.0,0.0,0.0,0.0,0.0,0.0,0.0,0.0,0.0,0.0,0.0,-0.19228126108646393,0.0,0.0,0.0,0.0,0.0,0.0,0.0,0.0,0.0,0.0,0.0,0.0,0.5383393168449402,0.12777365744113922,0.0,0.0,0.0,0.0,0.0,0.0,0.0,0.0,0.0,0.0,0.0,0.0,0.0,0.0,0.0,0.0,0.0,0.0,0.0
0.0,0.0,0.0,0.35546091198921204,0.0,0.0,0.0,0.0,0.0,0.0,0.0,0.0,0.0,0.0,0.0,0.0,-0.1418246328830719,0.0,0.0,0.0,0.0,0.0,0.0,0.0,0.0,0.0,0.0,0.0,0.14487840235233307,0.0,0.0,0.0,0.0,0.0,-0.29544517397880554,0.0,0.0,0.238273486495018,0.0,0.0,0.0,-0.3455285429954529,0.0,0.0,0.0,0.0,0.0,0.0,0.0,0.0,0.0,0.0,0.0,0.0,0.0,0.0,0.0,0.0,0.0,0.0,0.0,0.0,0.0,0.0,0.0,0.0,0.3047235608100891,0.0,0.0,0.0,0.0,0.0,0.0,0.0,0.13332216441631317,0.0,0.0,0.0,0.0,0.0,0.0,0.0,0.0,0.0,0.0,0.0,0.0,0.0,0.0,0.0,0.0,0.29958680272102356,0.0,0.0,0.0,0.0,0.0,0.0,0.0,0.1431431621313095
0.0,0.0,0.0,0.23571382462978363,0.0,0.0,0.0,0.0,0.0,0.0,0.0,0.0,0.1865813434123993,0.0,0.0,0.0,0.0,0.0,0.0,0.0,0.0,0.0,0.0,0.0,0.27635666728019714,0.0,0.0,0.0,0.0,0.0,0.0,0.0,0.28892847895622253,0.0,0.0,0.0,0.0,0.0,0.0,0.0,0.0,0.0,0.0,0.0,0.0,0.0,0.0,0.0,0.0,0.0,0.0,0.0,0.0,0.0,0.0,0.0,0.0,0.0,0.0,0.0,0.0,0.0,0.0,0.0,0.0,0.0,0.0,0.0,0.0,0.0,0.0,0.0,0.0,0.0,0.0,0.0,0.0,0.0,0.0,0.0,0.0,0.0,0.0,0.0,0.0,0.0,0.0,0.0,0.3318983316421509,0.0,0.0,-0.20806273818016052,0.0,0.0,0.0,0.0,0.0,0.0,0.0,0.0
0.0,0.0,0.0,-0.8796279430389404,0.9199748039245605,0.0,0.0,0.0,0.0,0.48758774995803833,0.0,0.0,-0.11584974080324173,0.0,0.0,0.0,0.31267181038856506,-0.4149126708507538,0.0,0.0,0.0,0.0,0.0,0.0,0.408187597990036,0.0,0.0,0.0,-0.1835179179906845,0.29303795099258423,-0.12312936037778854,0.0,0.35522162914276123,0.0,0.3881123960018158,0.0,0.0,-0.4846224784851074,0.0,0.0,-0.2718145251274109,0.14690639078617096,0.0,0.0,0.0,0.0,0.0,0.0,0.0,-0.2992393970489502,0.0,0.0,-0.27187225222587585,0.0,0.0,0.0,0.0,0.11271873861551285,0.0,0.0,0.0,0.2645702660083771,0.0,0.0,0.0,0.0,0.4128537178039551,0.17973004281520844,0.0,0.0,0.136529341340065,0.0,-0.23827360570430756,0.4116453528404236,-0.4489588141441345,0.0,0.12307117879390717,0.0,0.0,0.4506421387195587,0.0,0.0,0.0,0.0,-0.11813552677631378,-0.13626547157764435,0.0,0.0,0.2926183342933655,0.0,0.0,0.6080196499824524,0.0,0.0,0.0,0.0,0.0,0.0,0.0,0.0
0.0,0.0,0.0,0.3642382025718689,0.0,0.0,0.0,0.0,0.0,0.335916668176651,0.0,0.0,0.0,0.0,0.0,0.0,0.0,0.0,0.0,0.0,0.0,0.0,0.0,0.0,0.0,0.0,0.0,0.0,0.0,0.0,0.0,0.0,0.0,0.0,-0.21237975358963013,0.0,0.0,0.0,0.0,0.0,0.0,0.0,0.0,0.0,0.0,0.0,0.0,0.0,0.0,0.0,0.0,0.0,0.0,0.0,0.0,0.0,0.0,0.0,0.0,0.0,0.0,0.0,0.0,0.0,0.0,0.0,0.0,0.0,0.0,0.0,0.0,0.0,0.0,0.0,0.0,0.0,0.0,0.0,0.0,0.0,0.0,0.0,0.0,0.0,0.0,0.0,0.0,0.0,0.0,0.0,0.0,0.0,0.0,0.0,0.0,0.0,0.0,0.0,0.0,0.0
0.0,0.727634608745575,0.12179888784885406,-0.24083565175533295,-0.8124815821647644,0.9056270718574524,0.11466937512159348,0.0,-0.7260797619819641,0.9182307720184326,0.38163822889328003,0.19575640559196472,0.20042574405670166,0.09609506279230118,0.3004249334335327,0.4839165508747101,0.16287466883659363,-0.7687180042266846,-0.2599239647388458,-0.660099446773529,0.0,0.09559712558984756,-0.696621298789978,-0.19775620102882385,-0.21267223358154297,-0.4427730441093445,0.0,0.38783499598503113,-0.38276708126068115,-0.13714702427387238,-0.52945876121521,0.1285535842180252,0.0,0.0,1.7100300788879395,0.0,-0.24661903083324432,0.17222470045089722,0.6469106674194336,0.6695590019226074,-0.2590956687927246,-1.8730045557022095,0.0,-0.4094436466693878,-0.12274974584579468,0.0,0.0,0.6003351807594299,-0.7725422382354736,0.09902127087116241,0.742509663105011,-0.5313106179237366,0.5371907353401184,0.19697946310043335,0.3162018954753876,-0.10873744636774063,0.0,0.0,-0.10272286832332611,-0.25628989934921265,0.0,0.0,0.0,0.17796427011489868,0.0,0.0,0.2446518838405609,0.10046596825122833,0.0,-0.43302276730537415,-0.6826483011245728,0.5264677405357361,0.22440433502197266,-2.5345001220703125,1.9026936292648315,0.0,-0.44111689925193787,-0.20353178679943085,0.8336758613586426,-0.46213284134864807,-0.5476697087287903,0.10327646881341934,0.14081723988056183,-0.20581437647342682,0.31907469034194946,0.19965974986553192,0.0,0.6716801524162292,0.4928221106529236,-0.9133732914924622,0.12385470420122147,-0.3540729284286499,0.26362723112106323,-0.5306762456893921,0.18721389770507812,0.15051981806755066,0.0,0.6993187665939331,-1.239266037940979,0.7573699355125427
0.0,0.0,0.0,0.0,0.1724422723054886,0.0,0.0,0.0,0.0,0.0,0.0,0.0,0.0,0.0,0.0,0.0,0.0,0.0,0.0,0.0,0.0,0.0,0.0,0.0,0.0,0.0,0.0,0.0,0.0,0.0,0.0,0.0,0.0,0.0,0.0,0.0,0.0,0.0,0.0,0.0,0.0,0.0,0.0,0.0,0.0,0.0,0.0,0.0,0.0,0.0,0.0,0.0,0.0,0.0,0.0,0.0,0.0,0.2436593621969223,0.0,0.0,0.0,0.0,0.0,0.0,0.0,0.0,0.0,0.0,0.0,0.0,0.0,0.0,0.0,0.0,0.0,0.0,0.0,0.0,0.0,0.0,0.0,0.0,0.0,0.0,0.0,0.0,0.0,0.0,0.0,0.0,0.0,0.0,0.0,0.0,0.0,0.0,0.0,0.0,0.0,0.0
0.0,0.0,0.0,0.28564131259918213,-0.24088776111602783,0.0,0.0,0.0,0.0,-0.2375192940235138,0.0,0.0,0.0,0.0,0.16272474825382233,0.0,-0.22058457136154175,0.0,0.0,0.10836276412010193,0.0,0.0,0.0,0.0,0.6597148180007935,0.0,0.0,0.0,0.0,-0.17008377611637115,-0.15824975073337555,0.0,0.0,0.0,0.1646154224872589,0.0,0.0,0.47231951355934143,0.0,0.0,0.0,-0.30743101239204407,0.0,0.0,0.0,0.0,0.0,0.0,0.0,-0.17560912668704987,0.0,0.0,0.0,0.0,0.0,0.0,0.0,-0.27861031889915466,0.0,0.0,0.0,0.0,0.0,0.0,0.0,0.0,0.251783162355423,0.0,0.0,0.0,0.0,0.0,0.0,0.0,0.0,0.0,0.0,0.09387200325727463,0.0,0.0,0.0,0.0,0.0,0.0,0.0,0.0,0.0,0.0,0.5255360007286072,0.0,0.0,0.2564263343811035,0.0,0.0,0.0,0.0,0.0,0.5506371259689331,0.0,0.0
0.0,0.0,0.0,0.0,-0.30985137820243835,0.0,0.0,0.0,0.0,-0.7535094618797302,0.0,0.0,0.15328416228294373,0.0,0.0,0.26050689816474915,-0.20647691190242767,-1.0632421970367432,0.0,0.17789994180202484,0.0,0.0,0.0,0.0,-0.5504536032676697,-0.11766809970140457,0.0,0.0,-0.21909765899181366,-0.16725371778011322,0.9098442792892456,0.5130133628845215,0.0,0.0,0.38690564036369324,0.0,0.0,0.0,0.0,0.1115490198135376,-0.1533924788236618,-0.20353947579860687,0.0,0.0,0.0,0.0,0.0,0.0,0.0,0.0,0.1577838510274887,0.0,0.1632043868303299,-0.1286083161830902,0.0,-0.1624567210674286,0.0,0.6379854679107666,0.0,0.0,0.0,0.2784458100795746,0.0,0.0,0.0,0.0,-0.1398017257452011,0.32311108708381653,0.0,0.0,-0.1566636860370636,0.0,0.0,0.0,0.7735590934753418,0.0,0.5028941035270691,-0.13283444941043854,0.0,0.0,0.6923690438270569,0.0,0.0,-0.49169179797172546,0.0,0.0,0.0,0.0,0.1553390771150589,0.26764020323753357,0.0,-0.4277142286300659,-0.2607857882976532,0.0,0.0,0.0,0.0,0.2052016705274582,-0.8109895586967468,0.0
0.0,0.0,0.0,0.0,0.14731961488723755,0.0,0.0,0.0,0.0,0.0,0.0,0.0,0.0,0.0,0.0,0.0,0.0,0.0,0.0,0.0,0.0,0.0,0.0,0.0,0.0,0.0,0.0,0.0,0.0,0.0,0.0,0.0,0.0,0.0,0.0,0.0,0.0,0.0,0.0,0.0,0.0,0.0,0.0,0.0,0.0,0.0,0.0,0.0,0.0,0.0,0.0,0.0,0.0,0.0,0.0,0.0,0.0,0.0,0.0,0.0,0.0,0.0,0.0,0.0,0.0,0.0,0.0,0.0,0.0,0.0,0.0,0.0,0.0,0.17253898084163666,0.0,0.0,0.0,0.0,0.0,0.0,0.0,0.0,0.0,0.0,0.0,0.0,0.0,0.0,0.0,0.14009703695774078,0.0,0.0,0.0,0.0,0.0,0.0,0.0,0.0,0.0,0.0
0.0,0.0,-0.17126020789146423,0.34131863713264465,-0.2972240746021271,0.0,0.0,0.0,0.0,-0.47129252552986145,0.0,0.0,0.1303277313709259,0.0,0.0,0.0,0.5108339190483093,0.37918439507484436,0.0,0.0,0.0,0.0,0.0,0.0,0.15303555130958557,0.0,0.0,0.0,0.45825690031051636,-0.32335689663887024,0.0,0.0,0.42807087302207947,0.0,-0.963198184967041,0.0,0.0,0.6287539005279541,0.0,0.0,0.17044506967067719,-0.6779014468193054,0.0,0.0,0.0,0.0,0.0,0.0,0.0,0.21364161372184753,0.0,0.0,-0.15289035439491272,0.0,0.0,0.0,0.0,-0.6742905378341675,0.0,0.0,0.0,0.0,0.0,0.0,0.0,0.0,0.12666350603103638,0.0,0.0,0.0,0.12142469733953476,0.0,0.2808215022087097,0.15378589928150177,0.0,0.0,0.0,0.0,0.0,0.2803739309310913,-0.2950749695301056,0.0,0.0,0.0,-0.13534969091415405,0.0,0.0,0.0,0.16948552429676056,0.0,0.0,0.0,0.16564549505710602,0.0,0.0,0.0,0.0,0.0,0.0,0.0
0.0,0.0,0.0,-0.13421641290187836,0.0,0.0,0.0,0.0,0.0,0.0,0.0,0.0,0.32395270466804504,0.0,0.0,0.0,0.0,0.2271934300661087,0.0,0.0,0.0,0.0,0.0,0.0,0.34061071276664734,0.0,0.0,0.0,0.0,0.0,0.4897328019142151,0.0,0.14298002421855927,0.0,0.3448721468448639,0.0,0.0,0.0,0.0,0.0,0.33318930864334106,0.0,0.0,0.0,0.0,0.0,0.0,0.0,0.0,0.2673083245754242,0.0,0.0,-0.24277183413505554,0.0,0.0,0.0,0.0,0.0,0.0,0.0,0.0,0.0,0.0,0.0,0.0,0.0,-0.27102696895599365,0.0,0.0,0.0,0.0,0.0,-0.17767450213432312,0.3118189871311188,0.0,0.0,0.0,0.0,0.0,0.0,0.0,0.0,0.0,0.0,0.0,0.0,0.0,0.0,0.0,0.0,0.0,0.0,0.17964021861553192,0.0,0.0,0.0,0.0,0.0,0.0,-0.15963655710220337
0.0,0.0,0.0,0.24258148670196533,0.0,0.0,0.0,0.0,0.0,0.39573904871940613,0.0,0.0,0.27370694279670715,0.0,0.0,0.0,0.0,0.0,0.0,0.0,0.0,0.0,0.0,0.0,0.0,0.0,0.0,0.0,0.0,0.0,0.0,0.0,0.32073330879211426,0.0,0.0,0.0,0.0,-0.2669123709201813,0.0,0.0,0.0,0.0,0.0,0.0,0.0,0.0,0.0,0.0,0.0,0.0,0.0,0.0,0.0,0.0,0.0,0.0,0.0,0.3267601728439331,0.0,0.0,0.0,0.0,0.0,0.0,0.0,0.0,0.0,0.0,0.0,0.0,0.0,0.0,0.0,0.0,0.0,0.0,0.0,0.0,0.0,0.0,0.0,0.0,0.0,0.0,0.0,0.0,0.0,0.0,0.0,0.0,0.0,0.0,0.1953442096710205,0.0,0.0,0.0,0.0,0.0,0.0,0.0
0.0,0.0,0.0,0.0,0.0,0.0,0.0,0.0,0.0,0.0,0.0,0.0,0.0,0.0,0.0,0.0,0.0,0.0,0.0,0.0,0.0,0.0,0.0,0.0,0.0,0.0,0.0,0.0,0.0,0.0,0.0,0.0,0.0,0.0,0.0,0.0,0.0,0.0,0.0,0.0,0.0,0.0,0.0,0.0,0.0,0.0,0.0,0.0,0.0,0.0,0.0,0.0,0.0,0.0,0.0,0.0,0.0,0.0,0.0,0.0,0.0,0.0,0.0,0.0,0.0,0.0,0.0,0.0,0.0,0.0,0.0,0.0,0.0,0.0,0.0,0.0,0.0,0.0,0.0,0.0,0.0,0.0,0.0,0.0,0.0,0.0,0.0,0.0,0.0,0.0,0.0,0.0,0.0,0.0,0.0,0.0,0.0,0.0,0.0,0.0
0.2860701084136963,0.0,0.0,-0.81137615442276,-0.16881653666496277,-0.11383716762065887,0.0,0.0,0.0,0.4307476580142975,0.0,0.0,0.34922096133232117,0.0,0.0,0.26709961891174316,0.7586783170700073,-0.2832786738872528,0.0,0.0,0.0,0.0,0.0,0.0,0.0,0.0,0.0,0.6676581501960754,-1.0808560848236084,0.3448295295238495,0.0,-0.1861327439546585,0.5261363387107849,0.0,1.5548077821731567,0.0,0.0,-0.4220406413078308,0.32544946670532227,-0.15432436764240265,0.12351926416158676,-0.37752845883369446,0.0,0.0,0.0,0.0,0.0,0.0,-0.17310141026973724,-1.0717072486877441,0.0,-0.09612501412630081,0.4541779160499573,-0.2743137776851654,0.0,0.0,0.0,1.138053059577942,0.0,-0.11070866882801056,0.0,-0.4798711836338043,0.0,0.0,0.5791359543800354,0.0,-0.70322185754776,0.21790143847465515,0.0,-0.21562600135803223,-0.22745853662490845,0.0,-0.2854706645011902,0.6175094246864319,-0.1861439347267151,0.0,-0.31981319189071655,0.46083030104637146,0.0,-0.9525038599967957,0.47753649950027466,0.0,-0.316256582736969,0.0,0.0,0.48150700330734253,0.0,0.0,-2.0333077907562256,0.2719108760356903,0.0,0.5805262923240662,0.36418360471725464,-0.33631888031959534,0.0,0.0,0.0,0.7316005825996399,0.39158743619918823,0.0
0.0,0.0,0.1641734391450882,0.11990542709827423,0.4478428065776825,0.0,0.0,0.0,0.0,0.17425940930843353,0.0,0.0,0.11194487661123276,0.0,0.0,0.25479942560195923,-0.1387738436460495,-0.6859667301177979,0.0,-0.2287677824497223,0.0,0.0,0.0,0.0,0.33726197481155396,0.19880643486976624,0.0,0.0,0.21879246830940247,-0.1479705274105072,-0.6327529549598694,0.0,-0.12596265971660614,0.0,-0.8415414094924927,0.0,0.0,0.0,0.0,0.0,0.0,0.6819548010826111,0.0,0.0,0.0,0.0,0.0,0.0,0.0,-0.3489384949207306,0.0,0.0,0.0,0.2909356653690338,0.0,0.0,0.0,0.1619182527065277,0.0,0.21802763640880585,0.0,-0.15211831033229828,0.0,0.0,0.0,0.0,0.26045310497283936,-0.29176706075668335,0.0,0.0,0.0,0.0,0.0,0.32825496792793274,0.2343432456254959,0.0,0.0,0.22927051782608032,0.0,0.2691890001296997,-0.39783361554145813,0.0,0.11941436678171158,0.0,0.0,-0.2645103931427002,0.0,0.0,0.0,0.14224664866924286,0.0,0.20259612798690796,0.0,0.33584120869636536,0.0,0.0,0.0,0.0,0.0,0.35778340697288513
0.0,0.0,0.0,0.7850401997566223,-1.0409488677978516,0.12773998081684113,0.0,0.0,0.0,0.0,0.0,0.0,0.12007398903369904,0.0,0.0,0.0,-0.5550265908241272,-0.14044375717639923,0.0,-0.10233016312122345,0.0,0.0,0.0,0.0,0.1588355004787445,0.14566582441329956,0.0,0.0,-0.1522250473499298,0.2938495874404907,-0.39744821190834045,0.0,-0.12439019978046417,0.0,0.1680697649717331,0.0,0.10622604936361313,0.10872716456651688,0.1598132848739624,0.0,0.10707030445337296,-0.6101658344268799,0.0,0.0,0.0,0.0,0.0,0.0,-0.1887587606906891,0.29098910093307495,0.0,0.0,0.0,-0.15118993818759918,0.0,0.130170539021492,0.0,-0.4596235454082489,0.0,0.7097933292388916,0.0,0.0,0.0,0.0,0.14535878598690033,0.0,-1.0354923009872437,0.0,0.0,0.0,-0.10002210736274719,0.0,0.5905241370201111,0.601643979549408,0.7208369374275208,0.0,0.12064547836780548,0.0,0.0,-0.29951146245002747,-0.12046302109956741,0.0,0.0,0.512853741645813,0.0,0.26125216484069824,0.0,0.0,-0.21838738024234772,-0.6141127347946167,0.0,0.28073859214782715,0.18853288888931274,0.0,0.0,0.0,0.0,0.0,0.15820841491222382,-0.3504709005355835
0.0,0.0,0.0,0.3564598858356476,0.15880486369132996,0.0,0.0,0.0,0.0,0.5751280188560486,0.0,0.0,-0.3497772812843323,0.0,0.0,0.0,-0.2633652687072754,0.2492872178554535,0.0,0.0,0.0,0.0,0.0,0.0,0.8242394924163818,0.0,0.0,0.0,-0.13881145417690277,0.0,0.12317463755607605,0.0,0.7089133262634277,0.0,0.0,0.0,0.0,-0.3806418180465698,0.0,-0.1069258376955986,-0.36837053298950195,-0.19210880994796753,0.0,0.0,0.0,0.0,0.0,0.0,0.0,0.19503024220466614,0.0,0.0,-0.24806544184684753,0.0,0.0,0.0,0.0,0.22080156207084656,0.0,0.0,0.0,0.0,0.0,0.0,0.0,0.0,-0.3694911301136017,0.0,0.0,0.0,0.0,0.0,0.0,0.24531202018260956,0.11441978812217712,0.0,0.0,0.0,0.0,0.4710884690284729,0.0,0.0,0.0,0.0,0.0,0.0,0.0,0.0,0.3951287269592285,0.13971105217933655,0.0,-0.2432379573583603,-0.09969163686037064,0.12366265058517456,0.0,0.0,0.0,0.0,0.0,0.0
0.0,0.0,0.11079999059438705,-0.43718793988227844,0.43187230825424194,0.0,0.0,0.0,0.0,0.9430236220359802,0.0,0.0,-0.5730348229408264,0.0,0.0,0.16645604372024536,0.0,-0.3624274730682373,0.0,0.0,0.0,0.0,0.0,0.0,0.0,0.0,0.0,0.0,0.2237274944782257,0.31591975688934326,-0.17585307359695435,0.0,0.3045846223831177,0.0,0.6645714044570923,0.0,0.0,-0.1995605230331421,0.5860687494277954,0.0,-0.6918459534645081,0.14765356481075287,0.0,0.0,0.0,0.0,0.0,0.0,-0.09823788702487946,-0.20569507777690887,0.0,0.0,0.0,-0.10748469829559326,0.0,0.15105903148651123,0.0,0.7448917031288147,0.0,0.0,0.0,-0.10262905061244965,0.0,0.0,0.11693713068962097,0.0,-0.5562470555305481,-0.13730153441429138,0.0,0.0,-0.1395883560180664,0.0,-0.3745497167110443,-0.1863810420036316,-0.15531514585018158,0.0,0.0,-0.1434209942817688,0.0,-0.24168306589126587,0.9613922238349915,0.0,-0.11329420655965805,0.5575035810470581,-0.16397644579410553,0.6430368423461914,0.0,0.0,-0.10660474747419357,0.3850669264793396,0.0,0.32978153228759766,0.5430469512939453,0.14112317562103271,0.0,0.0,0.0,-0.10458075255155563,0.12578409910202026,0.0
0.0,0.0,-0.9300100207328796,0.6810095310211182,-1.119653582572937,-0.17298588156700134,0.0,0.0,0.0,-0.8327017426490784,0.0,0.0,0.0,0.0,0.0,0.5605273842811584,0.48988473415374756,-0.4425404369831085,-0.12646378576755524,-0.5467127561569214,0.12190926820039749,0.0,0.0,0.0,0.6981380581855774,0.3871636986732483,0.0,0.0,-0.3886071443557739,-0.21728552877902985,-0.9018488526344299,-0.18445615470409393,-0.3155662715435028,0.0,-0.4378491938114166,0.0,0.0,0.49839261174201965,-0.41486236453056335,0.4941807985305786,0.32820776104927063,-0.4726601541042328,0.0,0.28590628504753113,0.0,0.0,0.0,0.0,-0.22842444479465485,-0.15738247334957123,0.5818444490432739,0.21927596628665924,0.5331794619560242,-0.14210283756256104,0.0,0.0,0.0,0.6427831649780273,0.0,0.4181574881076813,0.0,0.0,0.0,0.29519397020339966,0.0,0.0,-0.20080679655075073,0.0,0.0,0.10638950020074844,0.15564560890197754,0.0,0.0,0.8374906182289124,-0.4340677559375763,0.0,0.0,0.46265947818756104,0.1307550072669983,0.14802715182304382,0.0,0.0,0.0,0.5171573758125305,-0.4560547173023224,0.10924801975488663,0.0,0.0,0.9236698150634766,-0.7548847198486328,0.0,0.3271479308605194,-0.46860748529434204,0.12872974574565887,0.0,0.0,0.0,-0.14098100364208221,-0.43915894627571106,0.0
0.0,0.0,0.12186786532402039,0.5433215498924255,-1.176048994064331,0.15466126799583435,0.0,0.0,0.0,-0.11682739108800888,0.0,0.0,-0.9462867975234985,0.0,0.0,0.0,-0.16472771763801575,0.28677698969841003,0.0,0.0,0.0,0.0,0.0,0.0,0.0,0.0,0.0,0.0,0.0,-0.3059517443180084,0.0,0.22377359867095947,-0.25751927495002747,0.0,0.7035974264144897,0.0,0.15462826192378998,0.5156397223472595,0.29477041959762573,0.0,0.49954915046691895,0.2502470910549164,0.0,0.0,0.0,0.0,0.0,0.0,0.0,0.20449389517307281,0.0,0.0,0.27562257647514343,0.0,0.0,0.15852998197078705,0.0,-0.6646111607551575,0.0,0.0,0.0,0.2148541361093521,0.0,0.0,0.1474396288394928,0.0,-0.3691873252391815,0.0,0.0,0.0,0.3288401663303375,0.0,-0.8263449668884277,-0.11466517299413681,0.4035916030406952,0.0,0.24868831038475037,0.0,0.0,0.2755194306373596,-0.12613347172737122,0.0,0.0,0.5747474431991577,-0.1450093388557434,0.27713876962661743,0.0,0.0,-0.28336817026138306,-0.7520908713340759,0.0,0.0,0.3337453305721283,0.0,0.0,0.0,0.0,-0.2637180685997009,0.0,0.25516411662101746
0.0,0.0,0.0,0.0,0.4750191867351532,0.0,0.0,0.0,0.0,0.0,0.0,0.0,0.0,0.0,0.0,0.0,0.0,0.2475903034210205,0.0,0.0,0.0,0.0,0.0,0.0,0.0,0.0,0.0,0.0,0.0,0.0,0.0,0.0,0.0,0.0,0.22854864597320557,0.0,0.0,-0.17961539328098297,0.0,0.0,0.0,0.0,0.0,0.0,0.0,0.0,0.0,0.0,0.0,0.0,0.0,0.0,0.0,0.0,0.0,0.0,0.0,0.0,0.0,0.0,0.0,0.0,0.0,0.0,0.0,0.0,0.0,0.0,0.0,0.0,0.0,0.0,0.0,0.26537254452705383,0.0,0.0,0.0,0.0,0.0,0.0,0.0,0.0,0.0,0.0,0.0,0.0,0.0,0.0,0.0,0.31193670630455017,0.0,0.22496157884597778,0.0,0.0,0.0,0.0,0.0,0.0,0.0,0.0
0.0,0.0,0.0,0.0,0.1683361679315567,0.0,0.0,0.0,0.0,0.0,0.0,0.0,0.0,0.0,0.0,0.0,0.0,0.306089848279953,0.0,0.0,0.0,0.0,0.0,0.0,0.0,0.0,0.0,0.0,0.0,0.0,0.2076331526041031,0.0,0.0,0.0,0.30132341384887695,0.0,0.0,-0.2220493108034134,0.0,0.0,0.0,0.0,0.0,0.0,0.0,0.0,0.0,0.0,0.0,0.2148541361093521,0.0,0.0,-0.18562212586402893,0.0,0.0,0.0,0.0,-0.4371945858001709,0.0,0.0,0.0,0.0,0.0,0.0,0.0,0.0,0.0,0.0,0.0,0.0,0.0,0.0,0.0,0.22817383706569672,0.18076805770397186,0.0,0.0,0.0,0.0,0.0,0.0,0.0,0.0,0.0,0.0,0.0,0.0,0.0,-0.16206762194633484,0.0,0.0,0.0,0.0,0.0,0.0,0.0,0.0,0.0,0.0,0.0
0.0,0.0,0.30570849776268005,-0.11243191361427307,0.0,0.0,0.0,0.0,0.0,0.359576553106308,0.0,0.0,-0.15185807645320892,0.0,0.0,0.2657259404659271,-0.13052551448345184,-0.4006826877593994,0.0,-0.3078886866569519,0.0,0.0,0.0,0.0,0.26865240931510925,0.17211657762527466,0.0,0.0,0.2085437774658203,0.0,-0.2434794306755066,0.0,0.2170005589723587,0.0,-1.1259937286376953,0.0,0.0,0.13248638808727264,-0.15260188281536102,0.0,-0.18960334360599518,0.8328552842140198,0.0,0.0,0.0,0.0,0.0,0.0,0.0,0.12789490818977356,0.0,0.0,0.0,0.3594413995742798,0.0,0.0,0.0,0.1874200701713562,0.0,0.16130246222019196,0.0,-0.11486302316188812,0.0,0.0,0.0,0.0,0.13939881324768066,-0.24448958039283752,0.0,0.0,0.0,0.0,0.0,0.1365012526512146,0.0,0.0,0.0,0.13746678829193115,0.0,0.3484877347946167,-0.3577885925769806,0.0,0.11001761257648468,0.1203499585390091,0.0,-0.2316754162311554,0.0,0.0,-0.18428705632686615,0.16887438297271729,0.0,0.0,0.0,0.2647016942501068,0.0,0.0,0.0,0.0,0.0,0.20563693344593048
0.0,0.0,0.0,-0.35814425349235535,0.0,0.0,0.0,0.0,0.0,0.0,0.0,0.0,0.0,0.0,0.0,0.0,0.0,0.31189820170402527,0.0,0.0,0.0,0.0,0.0,0.0,0.0,0.0,0.0,0.0,0.0,0.0,0.0,0.0,0.0,0.0,0.0,0.0,0.0,0.2613587975502014,0.0,0.0,0.0,-0.16870607435703278,0.0,0.0,0.0,0.0,0.0,0.0,0.0,0.0,0.0,0.0,0.0,0.0,0.0,0.0,0.0,0.0,0.0,0.0,0.0,0.0,0.0,0.0,0.0,0.0,0.0,0.0,0.0,0.0,0.0,0.0,0.0,-0.20756849646568298,0.0,0.0,0.0,0.0,0.0,0.0,0.1108061820268631,0.0,0.0,0.0,0.0,0.0,0.0,0.0,0.0,0.0,0.0,0.0,0.0,0.0,0.0,0.0,0.0,0.0,0.0,0.0
0.0,0.0,0.0,0.13851845264434814,0.0,0.0,0.0,0.0,0.0,0.0,0.0,0.0,0.0,0.0,0.0,0.0,0.0,0.0,0.0,0.0,0.0,0.0,0.0,0.0,0.0,0.0,0.0,0.0,0.0,0.0,0.0,0.0,0.0,0.0,0.0,0.0,0.0,-0.13157838582992554,0.0,0.0,0.0,0.0,0.0,0.0,0.0,0.0,0.0,0.0,0.0,0.0,0.0,0.0,0.0,0.0,0.0,0.0,0.0,0.0,0.0,0.0,0.0,0.0,0.0,0.0,0.0,0.0,-0.21862711012363434,0.0,0.0,0.0,0.0,0.0,0.0,0.17471985518932343,0.0,0.0,0.0,0.0,0.0,0.0,0.0,0.0,0.0,0.0,0.0,0.0,0.0,0.0,0.0,0.0,0.0,0.3929987847805023,0.0,0.0,0.0,0.0,0.0,0.0,0.0,0.0
0.0,0.0,0.0,-0.5164387226104736,0.47416946291923523,0.5414267182350159,0.0,0.0,0.0,-0.22965587675571442,0.0,0.0,0.0,0.0,0.0,0.29112735390663147,-0.16608023643493652,0.34728312492370605,0.0,0.0,0.0,0.0,0.0,0.0,-0.116816945374012,-0.573905885219574,0.0,0.0,-0.9184386134147644,-0.3232167065143585,0.329983651638031,0.17987753450870514,-0.39181631803512573,0.0,1.0256576538085938,0.0,-0.28684619069099426,0.0,0.1722370982170105,0.0,0.0,0.31883504986763,0.0,0.0,0.0,0.0,0.0,0.0,0.0,-0.6377722024917603,0.0,0.0,0.1995709389448166,0.0,0.0,-0.09996849298477173,0.0,0.1863010674715042,0.0,0.0,0.0,0.25252559781074524,0.0,0.0,0.0,0.0,0.7291971445083618,0.33393874764442444,0.0,-0.1063050627708435,-0.27773603796958923,0.0,-0.6015591025352478,-0.8500263094902039,0.0,0.0,0.253463476896286,0.10338448733091354,0.0,-0.7182573080062866,-0.10061679780483246,0.0,0.0,-0.31920957565307617,0.9494842886924744,0.2421027570962906,0.0,0.0,0.558381974697113,-0.2802932858467102,0.0,-0.10671787708997726,-0.19480131566524506,-0.22832100093364716,0.0,0.0,0.6543172001838684,0.0,0.4540252983570099,0.0
0.0,0.0,-0.18413040041923523,-0.23040588200092316,-0.4495484530925751,0.0,0.0,0.0,0.0,0.0,0.0,0.0,0.3279033303260803,0.0,0.0,-0.1711881458759308,0.24112479388713837,0.5611658692359924,0.0,0.0,0.0,0.0,0.0,0.0,-0.3648081421852112,-0.13655784726142883,0.0,0.0,0.1667802631855011,-0.24342365562915802,0.6138517260551453,0.0,0.0,0.0,0.5255081057548523,0.0,0.0,0.38579824566841125,-0.18837007880210876,0.0,0.47329220175743103,-0.8820903301239014,0.0,0.0,0.0,0.0,0.0,0.0,0.0,0.0,0.0,0.0,-0.15269994735717773,0.0,0.0,0.0,0.0,-0.8245026469230652,0.0,0.0,0.0,0.1274467557668686,0.0,0.0,0.0,0.0,0.562569797039032,-0.12726223468780518,0.0,0.0,0.0,0.0,0.17033319175243378,0.11096490919589996,0.0,0.0,0.0,0.0,0.0,0.0,-0.1194937527179718,0.0,0.0,-0.11133915185928345,0.41436782479286194,-0.1299806535243988,0.0,0.0,-0.27803024649620056,-0.25981929898262024,0.0,0.15441471338272095,0.0,0.0,0.0,0.0,0.0,0.0,0.0,-0.2738233506679535
0.0,-0.2600995600223541,-1.0188192129135132,0.9144055843353271,0.0,-0.4080119729042053,0.0,0.0,-0.10172666609287262,1.102230191230774,-0.16787099838256836,0.0,1.3229999542236328,0.0,0.49082398414611816,-0.6541717052459717,-0.7091179490089417,0.48202863335609436,-0.26068881154060364,-0.21743972599506378,0.0,-0.17826558649539948,-0.15319009125232697,0.0,0.15076740086078644,-0.5191947817802429,0.14744938910007477,0.47395408153533936,-0.13091669976711273,0.5598605871200562,-1.07465660572052,0.0,-1.0156283378601074,0.0,0.8726242184638977,0.0,0.33089253306388855,-0.7555632591247559,0.4373890161514282,-0.36548659205436707,-0.1337449848651886,-0.2955264747142792,0.0,-0.27715450525283813,0.0,-0.09698610752820969,0.0,-0.18618249893188477,0.0,1.236674189567566,-0.49534451961517334,0.6887056231498718,-0.7437275648117065,-0.9132212400436401,0.3237033188343048,-0.10247053951025009,0.0,0.0,0.438042014837265,-0.5751374363899231,0.0,0.4577924609184265,0.0,0.21464210748672485,0.33780503273010254,0.0,-0.2039705365896225,0.5535370111465454,0.0,0.9106196165084839,0.0,0.0,0.12544658780097961,0.5078309178352356,-0.7597728967666626,0.0,-0.3089165985584259,0.2830233573913574,0.7280277609825134,0.2513893246650696,-1.1093307733535767,-0.11470568180084229,0.9284713268280029,0.0,-0.16324497759342194,-0.5290594100952148,0.0,-0.24240073561668396,0.0,-0.5602769255638123,0.0,-0.709350049495697,-0.1560019701719284,-0.34703677892684937,-0.10583450645208359,-0.19442284107208252,0.6516395211219788,0.09675475209951401,-0.24351485073566437,0.0
0.0,0.0,0.0,0.1776370406150818,0.0,0.0,0.0,0.0,0.0,0.0,0.0,0.0,0.0,0.0,0.0,0.0,0.0,0.0,0.0,0.0,0.0,0.0,0.0,0.0,0.0,0.0,0.0,0.0,0.0,0.0,0.0,0.0,0.0,0.0,0.0,0.0,0.0,0.0,0.0,0.0,0.0,0.32758569717407227,0.0,0.0,0.0,0.0,0.0,0.0,0.0,0.0,0.0,0.0,0.0,0.0,0.0,0.0,0.0,0.0,0.0,0.0,0.0,0.0,0.0,0.0,0.0,0.0,0.0,0.0,0.0,0.0,0.0,0.0,0.0,0.0,0.0,0.0,0.0,0.0,0.0,0.0,0.0,0.0,0.0,0.0,0.0,0.0,0.0,0.0,0.0,0.0,0.0,0.0,0.0,0.0,0.0,0.0,0.0,0.0,0.0,0.0
0.0,0.0,-0.32520195841789246,0.6731083989143372,0.9318959712982178,0.29521721601486206,0.0,0.0,0.0,0.5593184232711792,0.0,0.0,0.0,0.0,0.1647493839263916,0.12254399806261063,0.0,-1.5553040504455566,-0.12298162281513214,-0.24069857597351074,0.0,0.0,0.0,0.0,0.7535362243652344,0.13640940189361572,0.0,0.0,0.19226431846618652,-0.6440728902816772,0.0,-0.21221569180488586,0.13318224251270294,0.0,0.0,0.0,0.0,0.0,0.0,-0.1960545927286148,0.0,-0.44388052821159363,0.0,-0.1806303709745407,0.0,0.0,0.0,0.0,0.0,0.5611527562141418,-0.14664296805858612,0.2601222097873688,0.0,0.1326989233493805,0.0,0.0,0.0,-0.365572452545166,0.0,0.0,0.0,-0.23601436614990234,0.0,0.0,-0.1045384630560875,0.0,0.2940288484096527,-0.541485071182251,0.0,0.4845907688140869,-0.13127009570598602,0.0,0.0,-0.9389343857765198,0.6085797548294067,0.0,-0.218105748295784,0.3768777847290039,0.0,-0.1377626210451126,-0.7689511179924011,0.0,0.3380882441997528,0.0,0.14756323397159576,-0.2631632387638092,0.0,0.0,-0.2898717224597931,-0.27366119623184204,0.0,0.5003852248191833,0.0,0.5487766265869141,0.0,0.0,0.0,-0.14183171093463898,-0.19733034074306488,0.6949145197868347
0.0,0.0,0.0,-0.1225711926817894,0.5789467692375183,0.0,0.0,0.0,0.0,0.0,0.0,0.0,0.0,0.0,0.0,0.0,0.0,-0.25196823477745056,0.0,0.0,0.0,0.0,0.0,0.0,0.0,0.0,0.0,0.0,0.0,0.0,0.0,0.0,0.0,0.0,0.3647480607032776,0.0,0.0,-0.15355995297431946,0.0,0.0,0.0,0.0,0.0,0.0,0.0,0.0,0.0,0.0,0.0,0.0,0.0,0.0,0.0,0.0,0.0,0.0,0.0,0.0,0.0,0.0,0.0,0.0,0.0,0.0,0.0,0.0,0.0,0.0,0.0,0.0,0.0,0.0,0.0,-0.25635480880737305,0.0,0.0,0.0,0.0,0.0,0.0,0.0,0.0,0.0,0.0,0.0,0.0,0.0,0.0,0.0,0.0,0.0,0.0,0.0,0.0,0.0,0.0,0.0,0.0,0.0,0.0
0.6868016719818115,-0.27401164174079895,-1.0348105430603027,0.7002983093261719,-0.905091404914856,0.0,0.0,0.14296050369739532,-0.3540804088115692,0.22596539556980133,0.3769543170928955,0.0,-0.6182060837745667,0.0,-0.2640286386013031,0.0,-1.1853764057159424,-1.2217777967453003,0.0,-0.43222591280937195,0.20643030107021332,0.39547500014305115,0.5692706108093262,0.0,-1.0060347318649292,0.0,0.0,0.3604612350463867,0.15931685268878937,0.0,-0.1736549735069275,0.0,-0.5040797591209412,0.0,0.15300576388835907,0.0,-0.13866880536079407,-0.20475178956985474,1.0216457843780518,0.7390414476394653,-0.30929163098335266,0.17919890582561493,0.0,0.5216324925422668,0.0,0.0,0.0,-0.3785242736339569,-0.3037583529949188,0.9913533329963684,0.0,0.45737752318382263,0.21497341990470886,0.1750032752752304,0.2576253414154053,0.0,0.0,1.6148097515106201,0.0,0.4050028920173645,0.0,-1.0504658222198486,0.0,0.10055641084909439,0.32392826676368713,0.0,-0.33479851484298706,0.38667595386505127,0.0,0.31921884417533875,0.0,0.0,0.0,-0.5387718677520752,1.1630240678787231,0.0,-0.15952472388744354,-0.7653204798698425,0.5807037353515625,0.1760396659374237,0.4353652596473694,-0.12540417909622192,0.17051582038402557,0.22283022105693817,-0.5489575862884521,0.8580253720283508,0.0,0.2524315416812897,-0.8259866237640381,0.368249773979187,-0.11578885465860367,0.5454716682434082,0.0,0.0,0.0,0.0,0.0,0.0,-1.035092830657959,-1.0074552297592163
0.0,0.0,0.0,0.22676056623458862,0.0,0.0,0.0,0.0,0.0,0.0,0.0,0.0,0.0,0.0,0.0,0.0,0.0,0.0,0.0,0.0,0.0,0.0,0.0,0.0,0.0,0.0,0.0,0.0,0.0,0.0,0.0,0.0,0.0,0.0,-0.18388532102108002,0.0,0.0,-0.19088371098041534,0.0,0.0,0.0,0.5866796374320984,0.0,0.0,0.0,0.0,0.0,0.0,0.0,0.0,0.0,0.0,0.0,0.0,0.0,0.0,0.0,0.0,0.0,0.0,0.0,0.0,0.0,0.0,0.0,0.0,-0.12551866471767426,0.0,0.0,0.0,0.0,0.0,0.0,0.0,0.0,0.0,0.0,0.0,0.0,0.0,0.0,0.0,0.0,0.0,0.0,0.0,0.0,0.0,-0.11858819425106049,0.24581877887248993,0.0,-0.1263830065727234,0.0,0.0,0.0,0.0,0.0,0.0,0.0,0.13585008680820465
0.0,0.0,0.40520450472831726,-0.5307089686393738,0.7831876873970032,0.0,0.0,0.0,0.0,-0.6098530888557434,0.0,0.0,0.0,0.0,0.0,0.0,-0.6434865593910217,-0.20735511183738708,0.0,-0.16426435112953186,0.0,0.0,0.0,0.0,0.0,-0.24590037763118744,0.0,0.0,0.3992694616317749,0.0,-0.8645755052566528,0.16557607054710388,0.1020323783159256,0.0,-1.8104866743087769,0.0,0.0,0.0,-0.29261448979377747,0.0,0.6096747517585754,-0.875021755695343,0.0,0.0,0.0,0.0,0.0,0.0,0.1337631791830063,0.11896432191133499,0.0,0.0,-0.3932180404663086,-0.14277052879333496,0.0,0.0,0.0,0.7181986570358276,0.0,0.0,0.0,0.2395532876253128,0.0,0.0,0.5296018719673157,0.0,0.2335742861032486,-0.4149307906627655,0.0,0.0,0.12827938795089722,0.0,0.4457343518733978,0.6705941557884216,-0.46170657873153687,0.0,-0.12729299068450928,-0.1456316113471985,0.0,0.0,0.6909007430076599,0.0,0.0,-0.20576421916484833,0.6761637926101685,0.48842769861221313,0.0,0.0,0.21081936359405518,0.6717942357063293,0.0,0.9543943405151367,0.18184894323349,0.17334529757499695,0.0,0.0,0.0,0.0,0.0,-0.38534653186798096
0.0,0.0,0.11387057602405548,0.0,0.3179875314235687,0.0,0.0,0.0,0.0,0.5144058465957642,0.0,0.0,-0.5659001469612122,0.0,0.0,0.0,0.797458291053772,0.0,0.0,-0.12484218180179596,0.0,0.0,0.0,0.0,-0.7209157943725586,0.0,0.0,0.0,0.0,-0.22759220004081726,-0.4176587760448456,0.0,0.8520386219024658,0.0,-0.6015824675559998,0.0,0.0,0.13017123937606812,-0.17073383927345276,0.6177841424942017,-0.666953444480896,-0.19425396621227264,0.0,0.0,0.0,0.0,0.0,0.0,0.0,-0.10725376009941101,0.0,0.0,0.27738669514656067,0.0,0.0,0.0,0.0,-0.4357365071773529,0.0,0.0,0.0,0.0,0.0,0.0,0.12057365477085114,0.0,0.4401777386665344,-0.26050877571105957,0.0,0.0,0.0,0.0,0.149210125207901,-0.15892644226551056,0.16788265109062195,0.0,0.0,-0.1575515866279602,0.0,0.1871684044599533,0.6944489479064941,0.0,0.0,-0.13341115415096283,-0.13531368970870972,0.12891457974910736,0.0,0.0,-0.5728945136070251,0.2993936836719513,0.0,0.1299952119588852,1.190750241279602,0.0,0.0,0.0,0.0,-0.14348873496055603,0.0,0.13827139139175415
0.0,0.0,-0.1534787118434906,-0.4584178030490875,-0.42906755208969116,0.0,0.0,0.0,0.0,0.0,0.0,0.0,0.3674945831298828,0.0,0.0,-0.17228960990905762,0.31548187136650085,0.0,0.0,0.0,0.0,0.0,0.0,0.0,0.3344959616661072,-0.11567823588848114,0.0,0.0,0.0,-0.21859431266784668,0.4711074233055115,0.0,-0.15092389285564423,0.0,0.88173508644104,0.0,0.0,0.3750314712524414,-0.21268969774246216,0.0,0.40247541666030884,-0.764434814453125,0.0,0.0,0.0,0.0,0.0,0.0,0.0,0.0,0.0,0.0,-0.14349322021007538,0.0,0.0,0.0,0.0,-0.7431336045265198,0.0,0.0,0.0,0.11285758018493652,0.0,0.0,0.0,0.0,0.3960731029510498,0.0,0.0,0.12088650465011597,0.13293521106243134,0.0,0.0,0.6462418437004089,-0.17672741413116455,0.0,0.0,0.0,0.0,0.0,-0.09891114383935928,0.0,0.0,0.0,0.2777386009693146,0.0,0.0,0.0,0.28888893127441406,-0.24712641537189484,0.0,0.1438618153333664,-0.13025565445423126,0.0,0.0,0.0,0.0,0.0,0.0,-0.28429004549980164
0.8287374377250671,0.0,0.5683561563491821,-0.8562646508216858,0.7774407863616943,0.3098057806491852,0.0,0.0,-0.1677948385477066,0.9591010808944702,-0.19877836108207703,-0.09107864648103714,-0.2625814378261566,0.0,-0.18933765590190887,-0.3554617762565613,0.18184278905391693,-0.3465520143508911,-0.25916391611099243,-0.6313662528991699,0.09652133285999298,-0.16834811866283417,0.0,0.0,0.6502695083618164,-0.3788968622684479,0.0,0.7918099761009216,-0.496380478143692,0.0,-0.9027611017227173,-0.20670543611049652,0.0,0.0,1.0530558824539185,0.0,0.0977867841720581,1.006564736366272,0.22615790367126465,-0.4588198959827423,0.1343308836221695,-0.8412689566612244,0.0,-0.14795629680156708,0.0,-0.10071595758199692,0.0,-0.10273690521717072,0.1446947157382965,0.3090866208076477,-0.3973652124404907,0.0,-1.3606163263320923,0.44548603892326355,0.2323334813117981,0.0,-0.0917278528213501,1.145917534828186,0.0,-0.16463598608970642,0.0,0.33343613147735596,0.0,-0.09139270335435867,0.12463348358869553,0.0,-0.19832022488117218,0.0,0.10287918150424957,0.0,0.0,0.0,-0.5970693230628967,1.3222596645355225,0.7483851909637451,0.0,-0.19049778580665588,1.208911657333374,0.356941819190979,-0.4509258568286896,0.1610504388809204,-0.09073410928249359,-0.14221765100955963,0.1649254709482193,0.3753291666507721,0.4818456172943115,0.0,-0.28037187457084656,1.1997461318969727,-0.9377565979957581,0.0,-1.3189733028411865,-0.1872090846300125,0.6352876424789429,-0.11075329780578613,-0.15850096940994263,0.7171657085418701,0.13686944544315338,-0.5021695494651794,-0.957320511341095
0.0,0.0,0.0,0.26597145199775696,0.0,0.0,0.0,0.0,0.0,0.0,0.0,0.0,0.0,0.0,0.0,0.0,0.0,0.0,0.0,0.0,0.0,0.0,0.0,0.0,0.0,0.0,0.0,0.0,0.0,0.0,0.0,0.0,0.0,0.0,0.0,0.0,0.0,0.2300870418548584,0.0,0.0,0.0,0.0,0.0,0.0,0.0,0.0,0.0,0.0,0.0,0.0,0.0,0.0,0.0,0.0,0.0,0.0,0.0,0.0,0.0,0.0,0.0,0.0,0.0,0.0,0.0,0.0,0.0,0.0,0.0,0.0,0.0,0.0,0.0,0.0,0.0,0.0,0.0,0.0,0.0,0.0,0.0,0.0,0.0,0.0,0.0,0.0,0.0,0.0,0.0,0.0,0.0,0.0,0.0,0.0,0.0,0.0,0.0,0.0,0.0,0.0
0.0,0.0,0.0,0.0,0.0,0.0,0.0,0.0,0.0,0.0,0.0,0.0,0.0,0.0,0.0,0.0,0.13760891556739807,0.0,0.0,0.0,0.0,0.0,0.0,0.0,0.0,0.0,0.0,0.0,0.0,0.2537022531032562,0.0,0.0,0.0,0.0,0.0,0.0,0.0,0.0,0.0,0.0,0.0,0.43176132440567017,0.0,0.0,0.0,0.0,0.0,0.0,0.0,-0.16247999668121338,0.0,0.0,0.13218535482883453,0.0,0.0,0.0,0.0,-0.44328930974006653,0.0,0.0,0.0,0.0,0.0,0.0,0.0,0.0,0.21228529512882233,0.0,0.0,0.0,0.0,0.0,0.0,-0.20168092846870422,0.1424754559993744,0.0,0.0,0.0,0.0,0.0,0.0,0.0,0.0,0.0,0.0,0.0,0.0,0.0,0.0,0.0,0.0,0.31137797236442566,0.0,0.0,0.0,0.0,0.0,0.0,0.0,0.22430479526519775
0.0,0.0,-0.8536799550056458,0.0,-0.2900944948196411,0.0,0.0,0.0,0.0,-0.7579618692398071,0.0,0.0,0.4148111343383789,0.0,0.0,0.3234995901584625,0.44992634654045105,-1.0460964441299438,0.0,-0.16193942725658417,0.0,0.0,0.0,0.0,0.0,0.0,0.0,0.0,-0.2985967695713043,0.3424850106239319,-0.240325927734375,0.0,-0.1428881287574768,0.0,0.5270401239395142,0.0,0.0,-0.16817042231559753,0.2839433252811432,0.0,0.25894778966903687,-0.3370794951915741,0.0,0.0,0.0,0.5032495856285095,0.0,0.0,-0.13076694309711456,0.15835179388523102,0.5691809058189392,0.1981136053800583,0.45300477743148804,0.43944284319877625,0.0,0.0,0.0,0.6676978468894958,0.0,-0.1005145013332367,0.0,-0.35637974739074707,0.0,0.0,0.0,0.0,-0.39670348167419434,0.0,0.0,0.19564668834209442,-0.11428504437208176,0.0,0.580433189868927,-1.1135059595108032,0.0,0.0,-0.25583258271217346,0.0,0.0,-1.0917047262191772,-0.21627965569496155,0.0,0.4321678578853607,0.0,-0.4320671856403351,-0.10657042264938354,0.0,0.0,0.0,0.0,0.0,-0.19911351799964905,0.0,0.1113835796713829,0.0,0.0,0.0,0.0,-0.42909783124923706,0.39122241735458374
0.0,0.0,0.37271109223365784,-0.29185906052589417,0.35759615898132324,0.0,0.0,0.0,0.0,-0.44522204995155334,0.0,0.0,-0.4468041658401489,0.0,0.0,-0.27568569779396057,0.0,0.9303196668624878,0.0,0.4114440977573395,0.0,0.0,0.0,0.0,0.0,0.1287815123796463,0.0,0.0,-0.12669512629508972,0.3076848089694977,-0.206277534365654,0.0,0.0,0.0,-0.28673750162124634,0.0,0.0,0.0,0.0,0.1616196483373642,-0.16704429686069489,0.2357504814863205,0.0,0.13307300209999084,0.0,0.0,0.0,0.0,0.0,-0.9492644667625427,0.18801306188106537,0.20091190934181213,0.16940391063690186,0.3549468219280243,0.0,0.0,0.0,0.7217024564743042,0.0,0.18692053854465485,0.0,-0.16187620162963867,0.0,0.0,0.0,0.0,-0.8640416860580444,0.19779354333877563,0.0,0.0,0.0,0.0,0.0,-0.5808945894241333,0.2455366849899292,0.0,0.0,0.0,0.0,0.0,-0.1516667902469635,0.0,0.24003680050373077,0.14558979868888855,0.0,0.19073112308979034,0.0,0.0,1.1141345500946045,0.5565175414085388,0.0,-1.260553002357483,-0.18512193858623505,0.15501751005649567,0.0,0.0,0.0,0.0,0.0,-0.7243536114692688
0.0,0.0,-0.11499767005443573,0.6015883684158325,0.0,0.0,0.0,0.0,0.0,0.0,0.0,0.0,0.0,0.0,0.0,0.0,-0.14866961538791656,0.6720162034034729,0.0,0.0,0.0,0.0,0.0,0.0,-0.15352003276348114,0.0,0.0,0.0,-0.13273626565933228,-0.1999044269323349,0.0,0.0,0.0,0.0,0.0,0.0,0.0,0.0,0.0,0.0,-0.20377685129642487,-0.1305435746908188,0.0,0.0,0.0,0.0,0.0,0.0,0.0,-0.6243019104003906,0.11816464364528656,0.0,0.3825693428516388,0.0,0.0,0.0,0.0,0.4695948660373688,0.0,0.0,0.0,0.0,0.0,0.0,0.0,0.0,0.0,-0.3000671863555908,0.0,0.0,0.0,0.0,0.0,-1.268588900566101,0.5090698003768921,0.0,0.0,0.0,0.0,-0.375874400138855,0.0,0.0,0.11527229100465775,0.0,0.0,-0.33204513788223267,0.0,0.0,-0.26103153824806213,0.1733110100030899,0.0,-0.27934226393699646,0.1336105912923813,0.0,0.0,0.0,0.0,0.0,0.0,0.6843563318252563
0.0,0.0,0.3446454703807831,0.5580011606216431,-0.3316316306591034,-0.37825968861579895,0.0,0.0,0.0,-0.8129090070724487,0.0,-0.09048955887556076,0.0,0.0,0.0,0.0969209298491478,-0.578982412815094,-0.3740907907485962,-0.21856190264225006,0.0,0.0,0.0,0.0,0.0,-0.29252904653549194,-0.6494641304016113,0.0,0.0,-0.344401091337204,-0.45413556694984436,0.48300039768218994,0.5409667491912842,-0.2731519937515259,0.0,0.2778942883014679,0.0,0.18695050477981567,-0.2820015847682953,0.15502068400382996,-0.31201907992362976,0.5187869668006897,0.9813393950462341,0.0,0.0928453579545021,0.0,0.0,0.0,0.0,0.33994635939598083,0.3368382751941681,-0.31289437413215637,0.0,0.8642553687095642,-0.429801881313324,0.0,-0.2946614623069763,0.0,-0.956344485282898,0.0,0.16784439980983734,0.0,-0.796110212802887,0.0,0.0,-0.4187967777252197,0.0,1.420090675354004,-1.152498722076416,0.0,0.36606812477111816,-0.18690666556358337,0.0,0.4860466718673706,0.7522636651992798,-0.7413686513900757,0.0,0.2921159267425537,0.8536808490753174,-0.17565986514091492,-0.7157204747200012,-0.5138839483261108,0.0,0.11041489243507385,-0.6926270723342896,0.9999468922615051,-0.14645275473594666,0.0,-0.12246875464916229,0.7703539133071899,0.32798677682876587,0.0,0.44163092970848083,0.0,0.0,0.0,0.0,0.0,0.10268845409154892,-0.1499151587486267,0.9943238496780396
0.0,0.0,0.0,-0.34377604722976685,0.0,0.0,0.0,0.0,0.0,0.15735827386379242,0.0,0.0,0.11851291358470917,0.0,0.0,0.0,0.2678694725036621,-0.15776591002941132,0.0,0.0,0.0,0.0,0.0,0.0,0.0,0.0,0.0,0.0,0.0,0.0,0.0,0.0,0.0,0.0,0.4986800253391266,0.0,0.0,0.0,0.0,0.0,0.0,0.0,0.0,0.0,0.0,0.0,0.0,0.0,0.0,-0.16717109084129333,0.0,0.0,0.0,0.0,0.0,0.0,0.0,0.1913280040025711,0.0,0.0,0.0,0.0,0.0,0.0,0.0,0.0,0.1807582974433899,0.0,0.0,0.0,0.0,0.0,0.0,0.0,-0.13883595168590546,0.0,0.0,0.0,0.0,0.3486013114452362,0.0,0.0,0.0,0.0,0.0,0.0,0.0,0.0,-0.19864696264266968,0.11527562886476517,0.0,0.0,0.0,0.0,0.0,0.0,0.0,0.0,0.0,0.0
0.0,0.0,0.0,0.0,0.0,0.0,0.0,0.0,0.0,0.0,0.0,0.0,0.0,0.0,0.0,0.0,0.0,0.0,0.0,0.0,0.0,0.0,0.0,0.0,0.0,0.0,0.0,0.0,0.0,0.0,0.0,0.0,0.0,0.0,0.0,0.0,0.0,0.0,0.0,0.0,0.0,0.0,0.0,0.0,0.0,0.0,0.0,0.0,0.0,0.0,0.0,0.0,0.0,0.0,0.0,0.0,0.0,0.0,0.0,0.0,0.0,0.0,0.0,0.0,0.0,0.0,0.0,0.0,0.0,0.0,0.0,0.0,0.0,0.0,0.0,0.0,0.0,0.0,0.0,0.0,0.0,0.0,0.0,0.0,0.0,0.0,0.0,0.0,0.0,0.0,0.0,0.0,0.0,0.0,0.0,0.0,0.0,0.0,0.0,0.0
0.0,0.0,0.0,-0.19032514095306396,0.0,0.0,0.0,0.0,0.0,0.0,0.0,0.0,0.0,0.0,0.0,0.0,0.0,0.3148282468318939,0.0,0.0,0.0,0.0,0.0,0.0,0.0,0.0,0.0,0.0,0.0,0.0,0.0,0.0,0.0,0.0,-0.15485523641109467,0.0,0.0,-0.1359165757894516,0.0,0.0,0.0,0.0,0.0,0.0,0.0,0.0,0.0,0.0,0.0,0.0,0.0,0.0,0.1949092298746109,0.0,0.0,0.0,0.0,0.188712477684021,0.0,0.0,0.0,0.0,0.0,0.0,0.0,0.0,0.0,0.0,0.0,0.0,0.0,0.0,0.0,0.1913909912109375,0.0,0.0,0.0,0.0,0.0,0.0,0.0,0.0,0.0,0.0,0.0,0.0,0.0,0.0,0.0,0.1555764228105545,0.0,0.0,0.0,0.0,0.0,0.0,0.0,0.0,0.0,0.0
0.38289642333984375,0.0,1.1005430221557617,-1.1588443517684937,-0.6342275142669678,-0.18291887640953064,0.0,0.0,0.0,-0.3167737126350403,0.0,0.0,-0.4669035077095032,0.0,0.22801333665847778,0.3907683491706848,0.0,0.9401295781135559,-0.13776622712612152,-0.7696573734283447,0.0,0.0,0.0,0.0,0.0,0.5998523831367493,0.0,0.6133922338485718,-0.9870433807373047,0.352218896150589,0.0,0.0,1.0426464080810547,0.0,0.8430492281913757,0.0,0.0,-0.5552208423614502,0.6898256540298462,-0.18352870643138885,-0.4360678493976593,0.2213488072156906,-0.0986892580986023,0.0,-0.11648193746805191,0.0,0.0,0.0,-0.15454208850860596,-0.8039855360984802,-0.14021459221839905,-0.12652306258678436,-0.869759202003479,-0.22238141298294067,0.0,0.0,0.0,1.7995011806488037,0.0,0.2811753749847412,0.0,-0.18124821782112122,0.0,0.0,0.6594560146331787,0.0,-0.34083884954452515,0.0,0.0,-0.2868078052997589,-0.2705962657928467,0.0,0.6310059428215027,0.0,0.9523000717163086,0.0,-0.13805484771728516,0.48645249009132385,0.0,-1.3567851781845093,-1.1889225244522095,0.0,0.45353052020072937,-0.1528637409210205,-0.2851206064224243,0.40343183279037476,0.0,0.0,-1.304628849029541,-0.7231177091598511,0.0,0.4022042751312256,0.511999785900116,-0.11158157140016556,0.0,0.0,0.0,0.7729283571243286,0.7330800294876099,0.32309189438819885
0.0,0.0,0.0,0.22834256291389465,0.7332687377929688,0.0,0.0,0.0,0.0,0.17554497718811035,0.0,0.0,0.19606123864650726,0.0,0.0,0.15137633681297302,-0.22434468567371368,-0.4150314927101135,0.0,0.16545668244361877,0.0,0.0,0.0,0.0,0.2022087574005127,-0.12182224541902542,0.0,0.0,0.15112218260765076,0.0,-0.7723530530929565,0.0,-0.31172889471054077,0.0,0.0,0.0,0.0,0.0,0.39794376492500305,0.0,0.3758730888366699,-0.5228153467178345,0.0,0.0,0.0,0.0,0.0,0.0,0.0,0.0,0.0,0.0,0.0,-0.11707402020692825,0.0,0.0,0.0,0.0,0.0,0.0,0.0,0.0,0.0,0.0,0.0,0.0,-0.6802688837051392,0.0,0.0,0.0,0.0,0.0,0.5644846558570862,-0.5386987328529358,0.0,0.0,0.0,0.0,0.0,-0.5987446308135986,0.0,0.0,0.0,0.3415393829345703,0.0,0.29914820194244385,0.0,0.0,0.18318501114845276,0.48742374777793884,0.0,0.19123387336730957,0.15258777141571045,0.19261975586414337,0.0,0.0,0.0,0.0,0.23357340693473816,-0.22617897391319275
0.0,0.0,0.0,0.16709256172180176,0.18139049410820007,0.11055484414100647,0.0,0.0,0.0,0.0,0.0,0.0,-0.17061865329742432,0.0,0.0,0.11266625672578812,-0.2899320423603058,0.11611062288284302,0.0,0.21361704170703888,0.0,0.0,0.0,0.0,-0.17254258692264557,0.0,0.0,0.0,0.319057822227478,0.1089610829949379,0.16590769588947296,0.0,0.0,0.0,-0.7976490259170532,0.0,0.0,-0.44987326860427856,0.0,0.1310550719499588,-0.19288507103919983,-0.18596306443214417,0.0,0.0,0.0,0.0,0.0,0.0,0.0,0.7504793405532837,0.0,0.0,0.0,0.0,0.0,0.0,0.0,0.2551417946815491,0.0,0.0,0.0,0.0,0.0,0.0,0.0,0.0,0.15805570781230927,0.13854926824569702,0.0,0.0,0.0,0.0,0.0,-1.0301066637039185,-0.1132882684469223,0.0,0.0,0.0,0.0,0.3208450376987457,-0.45696964859962463,0.0,0.24003510177135468,0.0,0.2189922332763672,0.16502708196640015,0.0,0.0,-0.5136704444885254,0.11855688691139221,0.0,-0.19986937940120697,0.0,0.0,0.0,0.0,0.0,0.0,0.0,-0.357959508895874
0.0,0.0,0.0,-0.26078295707702637,0.3834914565086365,0.11382606625556946,0.0,0.0,0.0,0.2695797085762024,0.0,0.0,-0.20997710525989532,0.0,0.0,0.16794264316558838,0.0,0.11862936615943909,0.0,0.37980642914772034,0.0,0.119866743683815,0.0,0.0,-0.7602275013923645,-0.17454102635383606,0.0,0.10336171090602875,0.5628221035003662,-0.24158400297164917,0.9859643578529358,0.36109021306037903,0.2633187174797058,0.0,0.2709070146083832,0.0,0.19958434998989105,0.8705006837844849,-0.37491241097450256,0.0,-0.10556440055370331,-0.8949326276779175,0.0,0.0,0.0,0.0,0.0,0.0,0.22313295304775238,0.0,-0.16523611545562744,-0.1735638976097107,-0.205146923661232,-0.1610792875289917,0.18552708625793457,-0.2422073930501938,0.0,-0.34125304222106934,0.0,0.0,0.0,0.13685283064842224,0.0,0.0,-0.2055993229150772,0.0,0.16480743885040283,-0.4705749452114105,0.0,-0.11814066767692566,0.0,0.0,0.0,-0.6810494661331177,0.31372392177581787,0.0,0.13513626158237457,-0.1393115520477295,0.0,0.18516771495342255,0.0,0.0,-0.1689174920320511,-0.2875975966453552,0.0,0.4114048182964325,0.0,-0.12744760513305664,-0.5166405439376831,0.0,0.0,-0.18912862241268158,0.25688666105270386,0.3086327612400055,0.0,0.0,0.23556432127952576,0.19945654273033142,0.13193637132644653,-0.7085245251655579
0.0,0.0,0.0,-0.19071289896965027,0.0,0.0,0.0,0.0,0.0,0.0,0.0,0.0,0.0,0.0,0.0,0.0,0.0,0.0,0.0,0.0,0.0,0.0,0.0,0.0,0.0,0.0,0.0,0.0,0.0,0.0,0.0,0.0,0.0,0.0,0.5556078553199768,0.0,0.0,0.0,0.0,0.0,0.0,-0.21233996748924255,0.0,0.0,0.0,0.0,0.0,0.0,0.0,0.0,0.0,0.0,0.0,0.0,0.0,0.0,0.0,0.22162088751792908,0.0,0.0,0.0,0.0,0.0,0.0,0.0,0.0,0.0,0.0,0.0,0.0,0.0,0.0,0.0,0.0,0.0,0.0,0.0,0.0,0.0,0.0,0.0,0.0,0.0,0.0,0.0,0.0,0.0,0.0,0.1349276602268219,0.0,0.0,0.0,0.0,0.0,0.0,0.0,0.0,0.0,0.0,0.0
0.0,0.0,0.0,0.0,0.0,0.0,0.0,0.0,0.0,0.0,0.0,0.0,0.0,0.0,0.0,0.0,0.0,0.0,0.0,0.0,0.0,0.0,0.0,0.0,0.0,0.0,0.0,0.0,0.0,0.0,0.0,0.0,0.0,0.0,0.0,0.0,0.0,0.0,0.0,0.0,0.0,0.0,0.0,0.0,0.0,0.0,0.0,0.0,0.0,0.0,0.0,0.0,0.0,0.0,0.0,0.0,0.0,0.0,0.0,0.0,0.0,0.0,0.0,0.0,0.0,0.0,0.0,0.0,0.0,0.0,0.0,0.0,0.0,0.0,0.0,0.0,0.0,0.0,0.0,0.0,0.0,0.0,0.0,0.0,0.0,0.0,0.0,0.0,0.0,0.0,0.0,0.0,0.0,0.0,0.0,0.0,0.0,0.0,0.0,0.0
0.6431589126586914,-0.24913230538368225,0.21056272089481354,0.2822610139846802,0.17417408525943756,-0.1429751068353653,0.0,0.11123209446668625,-0.31789082288742065,-0.3432430028915405,0.24678608775138855,0.0,-0.6648584604263306,0.0,-0.09942477196455002,-0.8564666509628296,-1.0551354885101318,0.3887159526348114,0.0,-0.1269357055425644,0.15458931028842926,0.546072244644165,0.5130603909492493,0.0,-0.6365600824356079,-0.6101855039596558,0.0,0.35456523299217224,0.9602949023246765,0.5766324400901794,0.0,0.09632115066051483,0.0,0.0,-1.0818212032318115,0.0,0.34411320090293884,-0.1861799657344818,0.3145288825035095,0.0,-0.5568599104881287,0.8168091177940369,0.0,0.5172144770622253,0.0,0.0,0.0,-0.17873908579349518,0.2823047935962677,0.29670727252960205,0.4930831789970398,0.3362048864364624,0.0,-0.19137459993362427,0.30455878376960754,0.0,0.0,0.6357941627502441,0.12008961290121078,-0.8120179176330566,0.0,-0.6850209832191467,0.0,-0.28237396478652954,0.11376567929983139,0.0,-0.5023372173309326,0.10832273960113525,0.14631329476833344,-0.1799655556678772,0.4780486524105072,0.0,0.1285090148448944,0.9465977549552917,-0.3829547166824341,0.0,0.0,-0.17300662398338318,0.28114065527915955,0.2262793779373169,0.7042621374130249,0.0,-0.4287717938423157,0.5221185088157654,0.0,-0.286984920501709,0.0,0.0,0.3584378659725189,0.9604501128196716,0.0,0.6086159944534302,0.5579427480697632,0.0,0.0,0.0,0.0,0.0,-0.9447139501571655,-1.2505830526351929
0.0,0.0,0.6935383081436157,-0.38261306285858154,-0.16958299279212952,0.0,0.0,0.0,0.0,0.0,0.0,0.0,0.0,0.0,0.0,0.0,-0.14550729095935822,0.0,0.0,0.0,0.0,0.0,0.0,0.0,0.0,0.0,0.0,0.0,0.0,-0.15485714375972748,0.0,0.0,0.0,0.0,0.0,0.0,0.0,0.5022886395454407,0.0,0.0,0.0,0.0,0.0,0.0,0.0,0.0,0.0,0.0,0.0,0.0,0.0,0.0,-0.130085751414299,0.0,0.0,0.0,0.0,0.0,0.0,0.0,0.0,0.0,0.0,0.0,0.0,0.0,0.2943435311317444,0.0,0.0,0.0,0.0,0.0,0.0,0.4217883348464966,-0.16146968305110931,0.0,0.0,0.0,0.0,0.0,0.9005094766616821,0.0,0.0,0.0,0.0,0.0,0.0,0.0,-0.1566123366355896,-0.13283781707286835,0.0,0.4841134250164032,0.0,0.0,0.0,0.0,0.0,0.0,0.0,0.0
0.0,0.0,0.0,-0.43319958448410034,0.17754234373569489,0.0,0.0,0.0,0.0,-0.13782916963100433,0.0,0.0,0.0,0.0,0.0,0.0,-0.1406405121088028,0.0,0.0,0.0,0.0,0.0,0.0,0.0,-0.3319540321826935,0.0,0.0,0.0,-0.3930251896381378,0.0,0.2885074317455292,0.0,-0.15135601162910461,0.0,0.46468257904052734,0.0,0.0,-0.42242127656936646,0.3796124756336212,0.0,0.21261528134346008,0.0,0.0,0.0,0.0,0.0,0.0,0.0,0.0,0.0,0.0,0.0,0.0,0.0,0.0,0.0,0.0,0.0,0.0,0.0,0.0,0.0,0.0,0.0,0.0,0.0,0.6824612021446228,0.0,0.0,0.0,0.0,0.0,0.4469640254974365,0.0,0.0,0.0,0.0,0.0,0.0,-0.18621012568473816,0.0,0.0,0.0,0.0,0.1412789672613144,0.0,0.0,0.0,0.0,0.19244252145290375,0.0,0.0,0.0,0.0,0.0,0.0,0.0,0.0,0.0,0.0
0.0,0.0,0.0,0.0,0.0,0.0,0.0,0.0,0.0,0.27950403094291687,0.0,0.0,0.0,0.0,0.0,0.0,0.3374219238758087,-0.13163891434669495,0.0,0.0,0.0,0.0,0.0,0.0,0.0,0.0,0.0,0.0,0.26664629578590393,0.0,0.0,0.0,0.0,0.0,0.2910725474357605,0.0,0.0,0.2951395809650421,0.0,0.0,0.0,0.0,0.0,0.0,0.0,0.0,0.0,0.0,0.0,-0.21212156116962433,0.0,0.0,0.0,0.0,0.0,0.0,0.0,0.0,0.0,0.0,0.0,0.0,0.0,0.0,0.0,0.0,-0.3274908661842346,0.0,0.0,0.0,0.0,0.0,-0.12159654498100281,0.446475625038147,0.0,0.0,0.0,0.0,0.0,0.5031840205192566,0.0,0.0,0.0,0.0,0.0,0.0,0.0,0.0,0.0,0.0,0.0,-0.20654605329036713,0.0,0.0,0.0,0.0,0.0,0.0,0.0,0.13114653527736664
0.0,0.0,0.0,0.3234510123729706,0.0,0.0,0.0,0.0,0.0,0.0,0.0,0.0,0.0,0.0,0.0,0.0,0.28563714027404785,0.0,0.0,0.0,0.0,0.0,0.0,0.0,0.0,0.0,0.0,0.0,0.0,0.0,-0.13400882482528687,0.0,0.0,0.0,-0.13367488980293274,0.0,0.0,-0.23551639914512634,0.0,0.0,0.0,0.34032192826271057,0.0,0.0,0.0,0.0,0.0,0.0,0.0,0.0,0.0,0.0,0.0,0.0,0.0,0.0,0.0,-0.39099615812301636,0.0,0.0,0.0,0.0,0.0,0.0,0.0,0.0,0.0,0.0,0.0,0.0,0.0,0.0,0.0,-0.22100238502025604,0.18340136110782623,0.0,0.0,0.0,0.0,0.0,0.0,0.0,0.0,0.0,0.0,0.0,0.0,0.0,0.0,0.0,0.0,0.0,0.0,0.0,0.0,0.0,0.0,0.0,0.0,0.0
0.7290863394737244,0.0,1.1775275468826294,0.0,0.0,-0.2195676863193512,0.0,0.0,0.0,-0.38532134890556335,0.0,-0.14011234045028687,-1.051779866218567,0.0,0.43667611479759216,0.7390162944793701,0.8981332778930664,-0.5508169531822205,-0.1912052184343338,-0.3797861337661743,0.13259132206439972,0.0,-0.13397294282913208,0.0,0.0,-0.11506038904190063,0.0,0.6290602684020996,0.0,0.22358883917331696,0.1128854975104332,-0.20681975781917572,1.4775727987289429,0.0,-0.5294329524040222,0.0,-0.11344615370035172,-0.44166478514671326,-0.6337634325027466,0.0,-1.2499486207962036,1.0036733150482178,0.0,-0.25339898467063904,0.7176506519317627,0.0,0.0,-0.11223316937685013,-0.09331341087818146,0.14817875623703003,0.0,-0.40906769037246704,-0.38032323122024536,0.0,-0.0941338986158371,0.0,0.0,1.7064851522445679,0.0,0.0,0.0,-0.11029165238142014,0.0,0.0,0.5717049241065979,0.0,-1.4709526300430298,0.0,0.0,-0.19813118875026703,-0.19443519413471222,0.0,-1.3295135498046875,0.6044273972511292,1.0903289318084717,0.17141400277614594,0.8839340209960938,0.41041356325149536,-0.1405736654996872,0.25330594182014465,-1.9736628532409668,0.0,0.7194458842277527,0.8307668566703796,-0.4285214841365814,-0.40705278515815735,0.0,-0.13746266067028046,0.4805174469947815,-0.7745096683502197,0.0,0.0,0.0,0.0,0.0,0.0,0.09726075083017349,0.7172214388847351,-0.6953191161155701,0.13706611096858978
0.0,0.0,-0.2702161967754364,0.46039360761642456,-0.8867853879928589,-0.13206873834133148,0.0,0.0,0.0,0.8144902586936951,0.0,0.0,-0.1987978219985962,0.0,0.0,-0.22170408070087433,-0.6551850438117981,-0.1522894650697708,0.0,0.4461664855480194,0.10725283622741699,0.11732359230518341,0.0,0.0,-0.22930747270584106,0.2953607738018036,0.0,0.0,0.2377816140651703,0.2246728092432022,0.14416128396987915,0.15218070149421692,0.0,0.0,0.11868764460086823,0.0,0.0,-0.10807392746210098,0.5734886527061462,0.26153650879859924,-1.1332459449768066,1.2125301361083984,0.0,-0.11387168616056442,0.0,0.0,0.0,0.0,0.0,0.561240553855896,-0.11241667717695236,-0.3680395781993866,-0.3274635076522827,0.24995332956314087,0.0,0.0,0.0,-0.31987953186035156,0.0,0.0,0.0,0.0,0.0,0.24467867612838745,-0.10341344028711319,0.0,-0.5545939803123474,0.39289841055870056,0.0,0.0,0.1994170993566513,0.0,0.1559789776802063,0.6658271551132202,0.24312500655651093,0.0,0.18826131522655487,0.2321111410856247,0.0,-0.5344144701957703,0.42723971605300903,0.0,0.0,0.4470941424369812,0.5141660571098328,-0.711525559425354,0.0,0.0,-0.10547508299350739,-0.4611031711101532,0.0,-0.3560233414173126,-0.2470664232969284,-0.25740763545036316,0.0,0.0,0.0,0.0,-0.28945192694664,-0.3550504744052887
0.0,0.0,0.0,0.0,0.0,0.0,0.0,0.0,0.0,0.0,0.0,0.0,0.0,0.0,0.0,0.0,0.0,0.0,0.0,0.0,0.0,0.0,0.0,0.0,0.0,0.0,0.0,0.0,0.0,0.0,0.0,0.0,0.0,0.0,0.0,0.0,0.0,0.0,0.0,0.0,0.0,0.0,0.0,0.0,0.0,0.0,0.0,0.0,0.0,0.0,0.0,0.0,0.0,0.0,0.0,0.0,0.0,0.0,0.0,0.0,0.0,0.0,0.0,0.0,0.0,0.0,0.0,0.0,0.0,0.0,0.0,0.0,0.0,0.0,0.0,0.0,0.0,0.0,0.0,0.0,0.0,0.0,0.0,0.0,0.0,0.0,0.0,0.0,0.0,0.0,0.0,0.0,0.0,0.0,0.0,0.0,0.0,0.0,0.0,0.0
0.0,0.0,0.0,0.0,0.0,0.0,0.0,0.0,0.0,0.0,0.0,0.0,0.0,0.0,0.0,0.0,0.0,0.0,0.0,0.0,0.0,0.0,0.0,0.0,0.0,0.0,0.0,0.0,0.0,0.0,0.0,0.0,0.0,0.0,0.0,0.0,0.0,0.0,0.0,0.0,0.0,0.0,0.0,0.0,0.0,0.0,0.0,0.0,0.0,0.0,0.0,0.0,0.0,0.0,0.0,0.0,0.0,0.0,0.0,0.0,0.0,0.0,0.0,0.0,0.0,0.0,0.0,0.0,0.0,0.0,0.0,0.0,0.0,0.19544795155525208,0.0,0.0,0.0,0.0,0.0,0.0,0.0,0.0,0.0,0.0,0.0,0.0,0.0,0.0,0.0,0.0,0.0,0.0,0.0,0.0,0.0,0.0,0.0,0.0,0.0,0.0
0.1091882586479187,0.16607911884784698,0.426183819770813,0.7449484467506409,-1.3743177652359009,-0.4885199964046478,0.0,0.15804891288280487,-0.2872602343559265,0.0,0.0,0.0,1.0762139558792114,0.0,0.11430776119232178,0.9388288855552673,-0.8581541180610657,0.33709853887557983,0.3952547609806061,-0.10638907551765442,0.7224929928779602,0.23876306414604187,0.7619578838348389,0.0,0.22203797101974487,0.1600569486618042,0.0,0.44368305802345276,-0.10121618956327438,0.0,0.8954907655715942,0.38445210456848145,-0.5366706252098083,0.0,-0.4059327244758606,0.0,-0.32108208537101746,1.7157386541366577,0.28943318128585815,-0.5019528865814209,-0.48964375257492065,1.416878581047058,0.0,-0.8153037428855896,0.12306221574544907,0.0,0.11781547218561172,0.4567892253398895,0.4856240749359131,-1.074877381324768,0.0,-0.5063415169715881,-0.09996974468231201,-0.12966065108776093,-0.2674078941345215,0.42767244577407837,0.0,1.2004152536392212,0.0,-0.6082810759544373,0.0,-0.31624138355255127,0.5188229084014893,0.2731202244758606,-0.16246256232261658,0.0,-0.4306122362613678,-0.3914951682090759,0.0,-0.3594432771205902,-0.5573039650917053,0.0,0.0,-1.1726692914962769,2.2738282680511475,0.0,0.31253090500831604,0.19195084273815155,-0.33312445878982544,-0.9394440054893494,-1.1601301431655884,0.0,0.12421561032533646,-0.22834520041942596,-0.43140777945518494,0.30221667885780334,0.0,0.274181604385376,-0.42952433228492737,0.34477919340133667,0.0,-0.5636559724807739,-1.4334899187088013,-0.2903471887111664,0.0,0.0,-0.1042189970612526,-1.4012250900268555,0.718970775604248,-0.31041452288627625
0.0,0.0,0.0,0.0,0.0,0.0,0.0,0.0,0.0,0.0,0.0,0.0,0.0,0.0,0.0,0.0,0.0,0.0,0.0,0.0,0.0,0.0,0.0,0.0,0.0,0.0,0.0,0.0,0.0,0.0,0.0,0.0,0.0,0.0,0.0,0.0,0.0,0.0,0.0,0.0,0.0,0.0,0.0,0.0,0.0,0.0,0.0,0.0,0.0,0.0,0.0,0.0,0.0,0.0,0.0,0.0,0.0,0.0,0.0,0.0,0.0,0.0,0.0,0.0,0.0,0.0,0.30521145462989807,0.0,0.0,0.0,0.0,0.0,0.0,0.0,0.0,0.0,0.0,0.0,0.0,0.0,0.0,0.0,0.0,0.0,0.0,0.0,0.0,0.0,0.0,0.0,0.0,0.0,0.0,0.0,0.0,0.0,0.0,0.0,0.0,0.0
0.0,0.0,0.0,-0.23356232047080994,0.0,0.0,0.0,0.0,0.0,0.17113471031188965,0.0,0.0,0.3824160397052765,0.0,0.0,0.0,-0.14544200897216797,0.0,0.0,0.0,0.0,0.0,0.0,0.0,0.3157254457473755,0.0,0.0,0.0,0.0,0.0,0.17852021753787994,0.0,-0.26086345314979553,0.0,0.0,0.0,0.0,0.0,0.0,0.0,0.0,0.29343244433403015,0.0,0.0,0.0,0.0,0.0,0.0,0.0,0.0,0.0,0.0,0.0,0.0,0.0,0.0,0.0,0.27375778555870056,0.0,0.0,0.0,0.0,0.0,0.0,0.0,0.0,-0.24063391983509064,0.0,0.0,0.0,0.0,0.0,0.0,0.14425624907016754,-0.18004177510738373,0.0,0.0,0.0,0.0,-0.18354341387748718,0.0,0.0,0.0,0.0,0.0,0.0,0.0,0.0,0.2346796989440918,0.0,0.0,0.0,0.0,0.0,0.0,0.0,0.0,0.0,0.0,0.0
0.0,0.0,0.0,0.11695724725723267,-1.1577998399734497,0.0,0.0,0.0,0.0,-0.23124152421951294,0.0,0.0,0.19533157348632812,0.0,0.0,0.5510442852973938,0.2586551904678345,0.0,0.0,0.0,0.0,0.0,0.0,0.0,-0.16349416971206665,0.0,0.0,0.0,-0.26149967312812805,0.3502870500087738,0.13429956138134003,0.0,0.0,0.0,0.225753515958786,0.0,0.0,0.0,-0.16574722528457642,0.0,-0.14935742318630219,0.0,0.0,0.0,0.0,0.0,0.0,0.0,0.0,0.36790040135383606,0.0,0.0,0.0,0.0,0.0,0.0,0.0,0.0,0.0,0.0,0.0,0.0,0.0,0.0,0.0,0.0,0.37825849652290344,0.21724262833595276,0.0,0.0,0.0,0.0,0.0,0.7975356578826904,-0.37366974353790283,0.0,0.0,0.0,0.0,-0.35938945412635803,-0.13717225193977356,0.0,0.0,0.0,-0.12447144091129303,0.17031924426555634,0.0,0.0,-0.1307835578918457,-0.748738706111908,0.0,0.2360413670539856,0.0,0.0,0.0,0.0,0.0,0.0,0.0,0.24655570089817047
0.0,0.0,-0.23421716690063477,0.1703462302684784,-0.13448143005371094,-0.22073706984519958,0.0,0.0,0.0,0.0,0.0,0.12817120552062988,-0.47292134165763855,0.0,0.0,0.18628881871700287,0.4385618567466736,-0.10866820067167282,-0.16854755580425262,-0.23512889444828033,0.0,0.0,0.0,0.0,-0.13415846228599548,0.2376665323972702,0.0,0.0,-0.3942885398864746,0.299501895904541,0.0,0.10140401870012283,0.3651105761528015,0.0,0.12573739886283875,0.0,0.21704792976379395,0.0,0.2280775010585785,-0.19053739309310913,-0.649491012096405,0.411005437374115,0.0,-0.26791664958000183,0.0,0.2009599506855011,0.0,0.0,0.10574730485677719,-0.2277783304452896,0.11515097320079803,0.0,-0.16046999394893646,0.24585212767124176,0.0,0.6582688689231873,0.0,0.8980932831764221,0.0,0.11779528856277466,0.0,-0.09719394892454147,0.5293182730674744,0.0,0.12092801928520203,0.0,-0.5552805662155151,0.5710978507995605,0.0,0.12329551577568054,-0.31515830755233765,0.0,0.0,0.1117749884724617,0.5688411593437195,0.0,0.0,0.5701085925102234,-0.15987764298915863,-0.8623829483985901,-0.2719610035419464,0.0,0.23454365134239197,-0.21056458353996277,-0.7505117654800415,-0.23280425369739532,0.0,-0.25398728251457214,0.0,0.0,0.0,-0.784761369228363,0.0,0.0,0.0,0.0,0.0,0.7058929204940796,-0.2643318176269531,0.0
0.5472689270973206,-0.25294822454452515,0.6813497543334961,1.0366328954696655,-0.9946975111961365,0.15436507761478424,0.0,0.0,-0.2575443387031555,-0.7916367650032043,0.0,0.0,0.0,0.0,-0.11765379458665848,-1.0712417364120483,0.0,1.0013234615325928,0.29934489727020264,-0.5798039436340332,0.0,0.3564561605453491,0.6629489660263062,0.0,-0.6748392581939697,-0.36595025658607483,0.0,0.41406092047691345,0.47123414278030396,0.36687517166137695,-0.19661663472652435,0.0,0.0,0.0,-0.923144519329071,0.0,0.3301774561405182,-0.8167421221733093,-0.11887289583683014,-0.32788529992103577,-0.22219642996788025,0.0,0.0,0.44578492641448975,0.0,0.0,0.0,-0.23998714983463287,0.3147101402282715,0.8407793641090393,-0.4069005250930786,0.1745316982269287,-0.47171303629875183,0.43398186564445496,0.3289295434951782,0.0,0.0,0.0,0.10080613940954208,0.42013320326805115,0.0,-0.7614015936851501,0.0,-0.27656835317611694,0.0,0.0,0.29331275820732117,0.2367156744003296,0.15025609731674194,0.13778473436832428,0.3350638151168823,0.0,0.0,2.3589601516723633,-0.5887873768806458,0.0,0.0,0.22502462565898895,0.5187743306159973,0.0,-0.13597962260246277,-0.1934540867805481,0.0,0.25925615429878235,0.13539452850818634,0.0,0.0,-0.17808407545089722,0.4217076301574707,0.6662337779998779,0.0,-0.29822221398353577,0.5520462393760681,-0.38746538758277893,0.0,0.0,0.4550400674343109,-0.4432889521121979,-0.7483709454536438,-1.0548300743103027
0.0,0.0,0.0,0.0,-0.7038998603820801,0.15235966444015503,0.0,0.0,0.0,-0.545314610004425,0.0,0.0,0.19004744291305542,0.0,0.0,-0.33347800374031067,-0.20259469747543335,0.19486762583255768,0.0,-0.438498318195343,0.0,0.0,0.0,0.0,0.3572334945201874,0.40849289298057556,0.0,0.0,0.0,0.37580493092536926,0.41077589988708496,0.0,0.39475566148757935,0.0,-0.32549047470092773,0.0,0.0,-0.37626567482948303,0.2406616061925888,0.0,0.0,0.0,0.0,0.0,0.0,0.0,0.0,0.0,0.0,0.41394656896591187,0.0,0.0,0.0,0.0,0.0,0.0,0.0,0.13372698426246643,0.0,0.0,0.0,0.0,0.0,0.0,0.0,0.0,-0.4799238443374634,0.30003347992897034,0.0,0.0,0.0,0.0,0.7176688313484192,0.6368376612663269,0.16821785271167755,0.0,0.0,-0.09765009582042694,0.0,-0.6277936697006226,0.18783167004585266,0.0,0.0,0.0,0.0,-0.40735819935798645,0.0,0.0,-0.7845938801765442,-0.6328479051589966,0.0,0.3607986867427826,-0.40059804916381836,-0.2021275907754898,0.0,0.0,0.0,0.0,0.402561217546463,-0.15263275802135468
0.0,0.0,0.0,0.4104551374912262,0.0,0.0,0.0,0.0,0.0,-0.17517699301242828,0.0,0.0,0.0,0.0,0.0,0.0,-0.1330280303955078,0.0,0.0,0.0,0.0,0.0,0.0,0.0,0.37970420718193054,0.0,0.0,0.0,0.0,0.0,-0.17609432339668274,0.0,0.0,0.0,0.0,0.0,0.0,0.3272109925746918,0.0,0.0,0.0,-0.20951923727989197,0.0,0.0,0.0,0.0,0.0,0.0,0.0,0.0,0.0,0.0,0.0,0.0,0.0,0.0,0.0,-0.18674029409885406,0.0,0.0,0.0,0.0,0.0,0.0,0.0,0.0,0.1893819123506546,0.0,0.0,0.0,0.0,0.0,0.0,0.0,0.0,0.0,0.0,0.0,0.0,0.0,0.0,0.0,0.0,0.0,0.0,0.0,0.0,0.0,0.4410718083381653,-0.14977020025253296,0.0,-0.14611586928367615,0.0,0.0,0.0,0.0,0.0,0.0,0.0,0.1118045449256897
0.0,0.0,0.0,0.6334502696990967,0.1546221822500229,0.0,0.0,0.0,0.0,-0.2419692873954773,0.0,0.0,-0.17104582488536835,0.0,0.0,0.0,0.0,-0.4672584533691406,0.0,0.0,0.0,0.0,0.0,0.0,-0.21720623970031738,0.15732526779174805,0.0,0.0,0.16189946234226227,0.1209903135895729,-0.14415329694747925,0.0,-0.20428906381130219,0.0,-0.8321932554244995,0.0,0.0,-0.20841790735721588,-0.15814128518104553,0.0,0.0,0.13727812469005585,0.0,0.0,0.0,0.0,0.0,0.0,0.0,0.1597818285226822,0.0,0.0,0.0,0.0,0.0,0.0,0.0,0.0,0.0,0.0,0.0,0.0,0.0,0.0,0.0,0.0,-0.1300276666879654,0.0,0.0,0.0,0.0,0.0,0.0,0.32133737206459045,0.2405998706817627,0.0,0.0,0.0,0.0,0.4637245833873749,0.3417123854160309,0.0,0.0,0.0,-0.16096343100070953,-0.21065005660057068,0.0,0.0,0.2795393764972687,0.0,0.0,-0.15333327651023865,0.0,0.0,0.0,0.0,0.0,0.0,0.0,0.1666778177022934
0.0,0.0,0.0,-0.36150574684143066,0.0,0.0,0.0,0.0,0.0,0.0,0.0,0.0,0.0,0.0,0.0,0.0,0.0,0.14952495694160461,0.0,0.0,0.0,0.0,0.0,0.0,0.0,0.0,0.0,0.0,0.0,0.0,0.0,0.0,0.0,0.0,0.0,0.0,0.0,0.3083788752555847,0.0,0.0,0.0,-0.22991478443145752,0.0,0.0,0.0,0.0,0.0,0.0,0.0,0.1525728553533554,0.0,0.0,0.0,0.0,0.0,0.0,0.0,0.0,0.0,0.0,0.0,0.0,0.0,0.0,0.0,0.0,-0.234037846326828,0.0,0.0,0.0,0.0,0.0,0.0,0.18252477049827576,0.1377420276403427,0.0,0.0,0.0,0.0,0.0,0.0,0.0,0.0,0.0,0.0,0.0,0.0,0.0,0.0,-0.14044786989688873,0.0,-0.23101350665092468,0.0,0.0,0.0,0.0,0.0,0.0,0.0,0.0
