0.0,0.0,0.0,0.0,0.0,0.0,0.0,0.0,0.0,0.0,0.0,0.0,0.0,0.0,0.0,0.0,0.0,0.0,0.0,0.0,0.0,0.0,0.0,0.0,0.0,0.0,0.0,0.0,0.0,0.0,0.0,0.0,0.0,0.0,0.0,0.0,0.0,0.0,0.0,0.0,0.0,0.0,0.0,0.0,0.0,0.0,0.0,0.0,0.0,0.0,0.0,0.0,0.0,0.0,0.0,0.1381665375830583,0.0,0.0,0.0,0.0,0.0,0.0,0.0,0.0,0.0,0.0,0.0,0.0,0.0,0.0,0.0,0.0,0.0,0.0,0.0,0.0,0.0,0.0,0.0,0.0,0.0,0.0,0.0,0.0,0.0,0.0,0.0,0.0,0.0,0.0,0.0,0.0,0.0,0.0,0.0,0.0,0.0,0.0,0.0,0.0
0.7462885204848636,0.0,0.0,1.4202564760769676,1.0220810274713774,0.7287622188780539,1.099198195045669,0.1332958118270875,0.0,0.9269614182852902,1.191600236914997,1.3827219492522131,1.1822400426286384,0.0,0.8281375564362254,1.305022397809208,0.9326780781528338,0.0,0.704463399249278,0.0,1.6125977285516329,1.4469890123700142,0.0,1.5571297110008762,0.0,1.158283331627714,1.0110385769956851,1.5713818641250146,0.0,0.0,0.8847497912667209,0.0,0.0,0.5227279399819819,1.0860284586549636,0.0,0.0,1.672200662783499,1.2511571684698497,0.945133624211921,0.6110285420507586,0.0,1.1539387666129535,0.0,0.9152647445783807,0.0,0.0,0.0,0.0,0.0,1.4313716913157062,0.0,0.0,1.6220499416727545,1.1546264408820952,0.7908545850626845,0.0,0.8832405080012926,0.8354376110805275,0.0,0.0,0.5966698070431602,0.3559121992512472,1.5918884921975374,1.5162761269633296,0.7454840215448378,0.7127774877578607,0.8446809065791374,0.0,0.47113559023089824,0.2596506286757324,1.2165048160281147,0.0,0.15452272092463668,0.0,1.023514887688136,0.728381060722018,1.0878521679284454,0.0,0.0,0.0,0.0,0.0,0.0,0.0,0.3563176671260948,0.6731195941427085,0.6450122482315136,0.8839277244114171,0.0,0.32997278971679844,0.3163532267480148,0.9061720871330283,0.0,0.7986190804492748,1.4825268593194414,0.9097403394025911,0.0,1.3780153154441939,1.053296362635268
0.9552528748135416,0.0,0.0,1.6763630897503603,1.849233948509664,1.5790682599446901,1.2742765022887779,0.35050162364044823,0.0,0.7628051769002668,0.9647941262245102,0.0,1.5510639736024658,0.3086357780996427,2.297573361314317,1.2454171836587324,1.5950256696022633,0.0,1.9133917814183743,1.6265480258087046,1.7272916322140652,2.1093366038194437,1.29160985834659,2.0448376882392907,0.0,0.0,0.8862491241248313,2.871432136556295,0.0,0.0,1.1408564049401138,2.3194529396291,0.0,2.002967215785721,0.8592223479644768,0.0,0.0,1.3779720317288613,0.0,2.1899343322645786,0.0,0.0,0.0,0.0,1.6177519168365775,0.0,0.0,0.8175426500419574,0.0,0.0,2.258524612353993,0.0,0.0,1.3958767537081118,1.135403163560419,0.9086026608970786,0.0,0.505393286763711,0.0,1.6144573566240528,0.71697063358433,0.7564699438576131,0.0,1.960712423171365,1.146350024242158,0.13788154397453234,1.0881912493571166,0.5504522755244997,0.0,0.0,0.0,1.7042127932665292,0.0,0.0,0.0,1.398928649287392,1.4494258793818924,1.750199759377875,0.0,0.0,0.0,0.0,0.0,1.2228040303614955,0.0,1.7251918251593983,0.9362179580427994,1.6012152868300622,1.4865527140619246,2.187666367676564,0.5471786015301592,1.0626798985720733,1.4638206821911477,0.0,1.2863270576876893,2.203571677979316,1.3974483166410057,0.0,1.3154595041166892,0.7590677315806302
0.0,0.0,0.0,0.0,0.0,0.0,0.0,0.0,0.0,0.0,0.0,0.0,0.0,0.0,0.0,0.0,0.0,0.0,0.0,0.0,0.0,0.0,0.0,0.0,0.0,0.0,0.0,0.0,0.0,0.0,0.0,0.0,0.0,0.0,0.0,0.0,0.0,0.0,0.0,0.0,0.0,0.0,0.0,0.0,0.0,0.0,0.0,0.0,0.0,0.0,0.0,0.0,0.0,0.0,0.0,0.0,0.0,0.0,0.0,0.0,0.0,0.0,0.0,0.0,0.0,0.0,0.0,0.0,0.0,0.0,0.0,0.0,0.0,0.0,0.0,0.22497028616394923,0.0,0.0,0.0,0.0,0.0,0.0,0.0,0.0,0.0,0.0,0.0,0.0,0.0,0.0,0.0,0.0,0.0,0.0,0.0,0.0,0.0,0.0,0.0,0.0
1.5916768786565176,0.0,0.0,0.0,0.0,1.5398046023030085,0.8866357426172803,0.9766338829015795,0.0,0.0,0.0,0.0,0.0,0.0,1.3086496731057142,1.1632616306106573,0.0,0.0,0.0,0.0,1.8310697565344123,0.0,0.0,0.0,0.0,0.0,0.0,0.0,0.0,0.0,0.0,0.0,0.0,0.7056682711250066,0.0,0.0,0.0,0.0,0.0,1.2977170280974561,0.0,0.0,0.0,0.0,1.23011115716508,0.0,0.0,0.0,0.0,0.0,0.4092906638443288,0.0,0.0,0.0,0.0,0.892137871902329,0.0,0.0,0.0,0.0,0.0,1.4400078781176522,0.0,0.0,1.0713199548604544,1.0521382287495107,0.9312495157406402,0.0,0.0,0.0,0.0,0.40691384860581514,0.0,0.0,0.0,1.2419869156709153,0.0,0.7017597549865483,0.0,0.0,0.0,0.0,0.0,0.0,0.0,1.5111665878784348,0.7670699563618794,1.4320672851491423,0.0,0.0,1.1733108607912905,1.6888121578332047,0.0,0.0,0.0,0.0,0.4647841672997159,0.0,0.0,0.0
0.0,0.0,0.0,0.0,0.0,0.0,0.0,0.0,0.0,0.0,0.0,0.0,0.0,0.0,0.0,0.0,0.0,0.0,0.0,0.0,0.0,0.0,0.0,0.0,0.0,0.0,0.0,0.0,0.0,0.0,0.0,0.0,0.0,0.0,0.0,0.0,0.0,0.0,0.0,0.0,0.0,0.0,0.0,0.0,0.0,0.0,0.0,0.0,0.0,0.0,0.0,0.0,0.0,0.0,0.0,0.0,0.0,0.0,0.0,0.0,0.0,0.0,0.0,0.0,0.0,0.0,0.0,0.0,0.0,0.0,0.0,0.0,0.0,0.0,0.0,0.0,0.0,0.0,0.0,0.0,0.0,0.0,0.0,0.0,0.0,0.0,0.0,0.0,0.0,0.0,0.0,0.0,0.0,0.0,0.0,0.0,0.0,0.0,0.0,0.0
0.0,0.0,0.0,0.0,0.0,0.0,0.0,0.0,0.0,0.0,0.0,0.0,0.0,0.0,0.0,0.0,0.0,0.0,0.0,0.0,0.0,0.0,0.0,0.0,0.0,0.0,0.0,0.0,0.0,0.0,0.0,0.0,0.0,0.0,0.0,0.0,0.0,0.0,0.0,0.0,0.0,0.0,0.0,0.0,0.3434754145477996,0.0,0.0,0.0,0.0,0.0,0.0,0.0,0.0,0.0,0.0,0.0,0.0,0.0,0.0,0.0,0.0,0.0,0.0,0.0,0.0,0.0,0.0,0.0,0.0,0.0,0.0,0.0,0.0,0.0,0.0,0.0,0.0,0.0,0.0,0.0,0.0,0.0,0.0,0.0,0.0,0.6245308452611544,0.0,1.153957150420546,0.0,0.0,0.0,1.3685772951538784,0.0,0.0,0.0,0.0,0.0,0.0,0.0,0.0
0.6150429957549381,0.0,0.0,0.0,0.0,0.0,0.0,0.0,0.0,0.0,0.0,0.0,0.0,0.0,0.0,0.0,0.0,0.0,0.0,0.0,0.0,0.0,0.0,0.0,0.0,0.0,0.0,0.0,0.0,0.0,0.0,0.0,0.0,0.0,0.0,0.0,0.0,0.0,0.0,0.0,0.0,0.0,0.0,0.0,0.0,0.0,0.0,0.0,0.0,0.0,0.0,0.0,0.0,0.0,0.0,0.7532095333379965,0.0,0.0,0.0,0.0,0.0,0.46337399521607264,0.0,0.0,0.0,0.0,0.0,0.0,0.0,0.0,0.0,0.0,0.0,0.0,0.0,0.0,0.0,0.0,0.0,0.0,0.0,0.0,0.0,0.0,0.0,0.0,0.0,0.0,0.0,0.0,0.19667697788971097,0.712178274931625,0.0,0.0,0.0,0.0,0.0,0.0,0.0,0.0
0.799035502849822,0.0,0.0,1.3900083684982063,0.0,0.8493949743131656,0.0,1.1219301985183805,0.0,0.0,0.0,0.0,0.682030509696322,0.0,0.0,0.6409381929763861,0.2943713222144613,0.0,0.0,0.0,2.301313170089134,0.629038836157414,0.0,0.0,0.0,0.5569296752843099,0.2817701334424849,0.0,0.0,0.0,0.0,0.0,0.0,0.9146037409831619,0.0,0.0,0.0,0.6175769299100436,0.0,0.0,0.0,0.0,0.0,0.0,0.8309810236757329,0.0,0.0,0.0,0.0,0.0,0.0,0.0,0.0,1.121840408740438,0.5309241728780727,0.7070366454930959,0.0,0.0,0.0,0.0,0.0,0.987365124560809,0.0,1.091678959265221,1.1606888523911985,0.0,1.4014929292953617,0.0,0.0,0.0,0.0,0.0,0.3802998222747068,0.0,0.0,1.6149786546621556,0.0,0.4495454119900729,0.0,0.0,0.0,0.0,0.0,0.0,0.0,0.4551238888980973,0.0,0.5575820068609048,0.0,0.0,1.1727345260322681,1.1991703387908212,0.0,0.0,0.0,0.0,0.0,0.0,0.710980513434343,1.0100394631453953
0.0,0.0,0.0,0.9135579128500937,0.0,0.0,0.0,0.0,0.0,0.0,0.0,0.0,0.0,0.0,0.0,0.0,0.0,0.0,0.0,0.0,0.0,0.0,0.0,0.0,0.0,0.0,0.0,0.0,0.0,0.0,0.37805122803984703,0.0,0.0,0.0,0.0,0.0,0.0,0.0,0.0,0.0,0.0,0.0,0.0,0.0,0.0,0.0,0.0,0.0,0.0,0.0,0.0,0.0,0.0,0.0,0.0,0.0,0.0,0.0,0.0,0.0,0.0,0.0,0.0,0.0,0.0,0.0,0.0,0.0,0.0,0.0,0.0,0.0,0.0,0.0,0.0,1.138528199014043,0.0,0.0,0.0,0.0,0.0,0.0,0.0,0.0,0.0,0.0,0.0,0.0,0.0,0.0,0.0,0.6018164449121204,0.7010155052908807,0.0,0.0,0.0,0.0,0.0,0.0,0.0
0.0,0.0,0.0,0.0,0.0,0.0,0.0,0.0,0.0,0.0,0.0,0.0,0.0,0.0,0.0,0.0,0.0,0.0,0.0,0.0,0.0,0.0,0.0,0.0,0.0,0.0,0.0,0.0,0.0,0.0,0.0,0.0,0.0,0.0,0.0,0.0,0.0,0.0,0.0,0.0,0.0,0.0,0.0,0.0,0.0,0.0,0.0,0.0,0.0,0.0,0.0,0.0,0.0,0.43108262748360165,0.0,0.0,0.0,0.0,0.0,0.0,0.0,0.0,0.0,0.0,0.0,0.0,0.0,0.0,0.0,0.0,0.0,0.0,0.0,0.0,0.0,0.0,0.0,0.0,0.0,0.0,0.0,0.0,0.0,0.0,0.0,0.760397698934888,0.0,0.0,0.0,0.0,0.7985270639575222,1.314028360999436,0.0,0.0,0.0,0.0,0.0,0.0,0.0,0.0
1.4964348792344107,0.0,0.0,1.4981967764818562,0.0,0.0,0.751271636570803,0.8813918834794725,0.0,0.0,0.0,0.0,0.7902189176799719,0.0,0.8253020184233961,1.0680196311885504,0.0,0.0,0.0,0.0,0.0,0.0,0.0,0.0,0.0,0.0,0.0,0.18865991487280143,0.0,0.0,0.0,0.0,0.0,0.6104262717028996,0.0,0.0,0.0,1.0711467487491904,0.0,0.10609371461956121,0.0,0.0,0.0,0.0,1.0947470511186026,0.0,0.0,0.0,0.0,0.0,0.0,0.0,0.0,1.2300288167240878,0.0,0.8785529167836023,0.0,1.0062649503714773,0.0,0.0,0.0,1.3447658786955452,0.0,0.6360079228014779,0.0,0.0,0.0,0.0,0.0,0.0,0.0,0.31167184918370816,0.0,0.0,0.0,1.7231670626458055,0.0,0.0,0.0,0.0,0.0,0.0,0.0,0.0,0.0,0.944624800242378,0.0,1.9052287869913491,0.0,0.0,1.0780688613691836,1.5935701584110977,0.0,0.0,0.0,0.0,0.0,0.0,0.0,0.0
0.0,0.0,0.0,0.7079778588018844,0.0,0.0,0.0,0.0,0.0,0.0,0.0,0.0,0.0,0.0,0.0,0.0,0.0,0.0,0.0,0.0,0.0,0.0,0.0,0.0,0.0,0.0,0.0,0.0,0.0,0.0,0.0,0.0,0.0,0.0,0.0,0.0,0.0,0.0,0.0,0.0,0.0,0.0,0.0,0.0,0.0,0.0,0.0,0.0,0.0,0.0,0.0,0.0,0.0,0.43980989904411605,0.0,0.0,0.0,0.0,0.0,0.0,0.0,0.0,0.0,0.4096484495688991,0.0,0.0,0.0,0.0,0.0,0.0,0.0,0.0,0.0,0.0,0.0,0.9329481449658336,0.0,0.0,0.0,0.0,0.0,0.0,0.0,0.0,0.0,0.7182653270097993,0.0,0.0,0.0,0.0,0.0,1.4623117769025233,0.0,0.0,0.0,0.0,0.0,0.0,0.0,0.0
0.6466170967138989,0.0,0.0,0.0,0.0,0.0,0.9656407241891352,0.0,0.0,0.0,0.6561583481248675,0.0,0.0,0.0,0.0,0.0,0.0,0.0,0.0,0.0,1.4186558541144225,0.0,0.0,0.0,0.0,0.0,0.0,0.0,0.0,0.0,0.0,0.0,0.0,0.0,0.5505865698648341,0.0,0.0,1.0693362536292186,0.0,0.0,0.0,0.0,0.0,0.0,1.3091161387369348,0.0,0.0,0.0,0.0,0.0,0.0,0.0,0.0,1.087240975608469,0.0,0.7847836342969572,0.0,0.19675750866406827,0.0,0.0,0.0,0.4478341657579704,0.0,0.0,0.0,0.0,0.7795554712574739,0.241816497424857,0.0,0.0,0.0,0.0,0.0,0.0,0.0,1.0902928711877493,0.0,0.0,0.0,0.0,0.0,0.0,0.0,0.0,0.0,1.4165560470597556,0.0,2.1195978746096813,0.0,0.0,1.4546854120823896,1.9701867091243037,0.0,0.0,0.0,0.0,0.0,0.0,0.0,0.4504319534809875
0.0,0.0,0.0,0.0,0.0,0.0,0.0,0.0,0.0,0.0,0.0,0.0,0.0,0.0,0.0,0.0,0.0,0.0,0.0,0.0,0.0,0.0,0.0,0.0,0.0,0.0,0.0,0.0,0.0,0.0,0.0,0.0,0.0,0.0,0.0,0.0,0.0,0.0,0.0,0.0,0.0,0.0,0.0,0.0,0.0,0.0,0.0,0.0,0.0,0.0,0.0,0.0,0.0,0.0,0.0,0.0,0.0,0.0,0.0,0.0,0.0,0.0,0.0,0.0,0.0,0.0,0.0,0.0,0.0,0.0,0.0,0.0,0.0,0.0,0.0,0.0,0.0,0.0,0.0,0.0,0.0,0.0,0.0,0.0,0.0,0.0,0.0,0.0,0.0,0.0,0.0,0.0,0.0,0.0,0.0,0.0,0.0,0.0,0.0,0.0
0.8308634879355868,0.0,0.0,0.0,0.0,0.0,0.0,0.48099200554199434,0.0,0.0,0.0,0.0,0.0,0.0,0.0,0.0,0.0,0.0,0.0,0.0,0.0,0.0,0.0,0.0,0.0,0.0,0.0,0.0,0.0,0.0,0.0,0.0,0.0,0.0,0.0,0.0,0.0,0.0,0.0,0.0,0.0,0.0,0.0,0.0,0.0,0.0,0.0,0.0,0.0,0.0,0.0,0.0,0.0,0.0,0.0,0.9690300255186451,0.0,0.0,0.0,0.0,0.0,0.944366000758067,0.0,0.0,0.0,0.0,0.0,0.0,0.0,0.0,0.0,0.0,0.0,0.0,0.0,0.0,0.0,0.0,0.0,0.0,0.0,0.0,0.0,0.0,0.0,0.0,0.0,0.0,0.0,0.0,0.6776689834317053,1.1931702804736193,0.0,0.0,0.0,0.0,0.0,0.0,0.0,0.0
0.0,0.0,0.0,0.0,0.0,0.7346670723729319,0.0,0.0,0.0,0.0,0.0,0.0,0.0,0.0,0.0,0.0,0.0,0.0,0.0,0.0,0.0,0.5143109342171803,0.0,0.0,0.0,0.0,0.0,0.0,0.0,0.0,0.0,0.0,0.0,0.0,0.0,0.0,0.0,0.0,0.0,0.0,0.0,0.0,0.0,0.0,0.0,0.0,0.0,0.0,0.0,0.0,0.0,0.0,0.0,0.0,0.0,0.4126653232786346,0.0,0.0,0.0,0.0,0.0,0.0,0.0,0.0,0.0,0.0,0.0,0.0,0.0,0.0,0.0,0.0,0.0,0.0,0.0,0.0,0.0,0.15517408977561165,0.0,0.0,0.0,0.0,0.0,0.0,0.0,0.0,0.0,0.0,0.0,0.0,0.0,0.0,0.0,0.0,0.0,0.0,0.0,0.0,0.0,0.0
1.1154996125546273,0.0,0.5192808676887002,1.4240057469040224,1.0141978630093362,0.7440321744443625,0.857831746644685,0.8697824913291484,0.0,1.282086044588967,1.0652883857776967,0.764267520392987,0.716027888102138,0.4853267527230119,1.589569538816383,1.6789146944779765,0.7599895841019355,0.0,1.0783556959180465,0.7915119403083769,1.4017103620749185,1.2743005183191158,0.4565737728462622,2.564118555927991,0.0,0.0,1.4055299918135313,0.9529274352657884,0.0,0.0,1.660137272628814,1.4844168541287721,0.0,1.3746937920958864,0.9597166075176633,0.0,0.0,1.108875124896903,0.0,0.8703612350125481,0.0,0.0,0.0,0.0,0.886061145080699,0.0,0.0,1.3368235177306576,0.0,0.0,1.423488526853665,0.0,0.0,1.155837787146254,1.5285187375508638,1.135971684622024,0.0,0.6820842613870801,0.0,0.779421271123725,1.2362515012730302,0.9167166815986987,0.0,1.1256763376710373,1.6656308919308582,0.6571624116632325,0.7471223455671049,0.7106990132655853,0.0,0.0,0.0,1.075939369576695,0.0,0.0,0.0,1.0578597454973802,0.6143897938815647,0.9151636738775472,0.0,0.0,0.0,0.0,0.0,0.5095486437990234,0.0,1.0962488572469027,1.4554988257314996,1.6965428809534453,2.005833581750625,1.352630282176236,1.0664594692188594,1.5819607662607735,1.9831015498798479,0.0,1.8056079253763895,1.3685355924789881,1.4789820303090522,0.0,1.8347403718053894,0.9193144693217158
1.4314224864955167,0.0,0.0,0.0,0.0,0.0,0.0,1.0815510041019243,0.0,0.0,0.0,0.0,0.0,0.0,0.0,0.60055899855993,0.0,0.0,0.0,0.0,2.2205520388438784,0.0,0.0,0.0,0.0,0.0,0.0,0.0,0.0,0.0,0.0,0.0,0.0,0.0,0.0,0.0,0.0,1.5481826320483707,0.0,0.0,0.0,0.0,0.0,0.0,1.1204048198482635,0.0,0.0,0.0,0.0,0.0,0.0,0.0,0.0,0.0,0.45016304163281723,1.569589024078575,0.0,0.0,0.0,0.0,0.0,0.16606679497439736,0.0,0.0,0.0,0.0,1.3207317980501063,0.0,0.0,0.0,0.0,0.0,0.0,0.0,0.0,1.6314691979803815,0.0,0.0,0.0,0.0,0.0,0.0,0.0,0.0,0.0,1.4014602505616183,0.0,1.9308865557210098,0.0,0.0,1.2782279819916353,1.7937292790335495,0.0,0.0,0.0,0.0,0.0,0.0,0.0,0.9292783319001396
0.0,0.0,0.0,0.0,0.0,0.0,0.0,0.0,0.0,0.0,0.0,0.0,0.0,0.0,0.0,0.0,0.0,0.0,0.0,0.0,0.0,0.0,0.0,0.0,0.0,0.0,0.0,0.0,0.0,0.0,0.0,0.0,0.0,0.0,0.0,0.0,0.0,0.0,0.0,0.563386306455874,0.0,0.0,0.0,0.0,0.0,0.0,0.0,0.0,0.0,0.0,0.0,0.0,0.0,0.0,0.0,0.0,0.0,0.0,0.0,0.0,0.0,0.0,0.0,0.0,0.0,0.0,0.0,0.0,0.0,0.0,0.0,0.0,0.0,0.0,0.0,0.0,0.0,0.0,0.0,0.0,0.0,0.0,0.0,0.0,0.0,0.0,0.0,0.0,0.0,0.0,0.0,0.0,0.0,0.0,0.0,0.0,0.0,0.0,0.0,0.0
0.0,0.0,0.0,0.0,0.0,0.0,0.0,0.0,0.0,0.0,0.0,0.0,0.0,0.0,0.0,0.0,0.0,0.0,0.0,0.0,0.0,0.0,0.0,0.0,0.0,0.0,0.0,0.0,0.0,0.0,0.0,0.0,0.0,0.0,0.0,0.0,0.0,0.0,0.0,0.0,0.0,0.0,0.0,0.0,0.0,0.0,0.0,0.0,0.0,0.0,0.0,0.0,0.0,0.0,0.0,0.0,0.0,0.0,0.0,0.0,0.0,0.0,0.0,0.0,0.0,0.0,0.0,0.0,0.0,0.0,0.0,0.0,0.0,0.0,0.0,0.0,0.0,0.0,0.0,0.0,0.0,0.0,0.0,0.0,0.0,0.0,0.0,0.761703888089332,0.0,0.0,0.0,0.0,0.0,0.0,0.0,0.0,0.0,0.0,0.0,0.0
0.0,0.0,0.0,0.0,0.0,0.2203561381557516,0.0,0.0,0.0,0.0,0.0,0.0,0.0,0.0,0.0,0.0,0.0,0.0,0.0,0.0,0.0,0.0,0.0,0.0,0.0,0.0,0.0,0.0,0.0,0.0,0.0,0.0,0.0,0.0,0.0,0.0,0.0,0.0,0.0,0.0,0.0,0.0,0.0,0.0,0.0,0.0,0.0,0.0,0.0,0.0,0.0,0.0,0.0,0.0,0.0,0.0,0.0,0.0,0.0,0.0,0.0,0.0,0.0,0.0,0.0,0.0,0.0,0.0,0.0,0.0,0.0,0.0,0.0,0.0,0.0,0.0,0.0,0.0,0.0,0.0,0.0,0.0,0.0,0.0,0.0,0.0,0.0,0.0,0.0,0.0,0.0,0.0,0.0,0.0,0.0,0.0,0.0,0.0,0.0,0.0
2.053204409567301,0.0,0.0,0.9674319740577602,0.5576240901630739,0.2874584015981003,0.5286331553589535,1.5342579730646535,0.0,1.587792484070358,0.7360351330814863,0.0,0.2594541152558758,0.0,1.7275360683412115,1.2223409216317143,0.3034158112556733,0.0,0.6217819230717843,0.3349381674621147,1.4985326390710414,0.8177267454728536,0.0,0.0,0.0,0.0,0.0,1.5798222782097047,0.0,0.0,1.965843712110205,1.02784308128251,0.0,1.2632923612880806,0.6304633548214529,0.0,0.0,0.6523013520506409,0.0,0.8983244739179886,0.0,0.0,0.0,0.0,0.4294873722344368,0.0,0.0,1.8762970622129291,0.0,0.0,0.9669147540074027,0.0,0.0,0.6992640142999919,1.0719449647046015,0.6793979117757619,0.0,0.6166155540540018,0.0,0.32284749827746273,0.0,0.7878487180461816,0.0,0.6691025648247749,1.6289440450235282,1.6097623189125845,1.4888736059037142,0.0,0.0,0.0,0.0,0.964537938768889,0.0,0.0,0.0,0.7964612523542763,0.15781602103530246,0.45858990103128494,0.0,0.0,0.0,0.0,0.0,0.0,0.0,0.6396750844006405,1.3246940465249533,1.239969108107183,0.0,0.8960565093299737,1.2074589481728655,1.3837215342933644,2.2888079893612385,0.0,0.0,0.9119618196327259,1.0224082574627897,0.0,1.751268883204054,1.5510602549719241
0.0,0.0,0.0,0.0,0.0,0.0,0.0,0.0,0.0,0.0,0.0,0.0,0.0,0.0,0.0,0.0,0.0,0.0,0.0,0.0,0.0,0.0,0.0,0.0,0.0,0.0,0.0,0.0,0.0,0.0,0.0,0.0,0.0,0.0,0.0,0.0,0.0,0.0,0.0,0.0,0.0,0.0,0.0,0.0,0.0,0.0,0.0,0.0,0.0,0.0,0.0,0.0,0.0,0.0,0.0,0.0,0.0,0.0,0.0,0.0,0.0,0.0,0.0,0.0,0.6384469389528418,0.0,0.0,0.0,0.0,0.0,0.0,0.0,0.0,0.0,0.0,0.0,0.0,0.0,0.0,0.0,0.0,0.0,0.0,0.0,0.0,0.0,0.0,0.7963609811304905,0.0,0.0,0.0,0.0,0.0,0.0,0.0,0.0,0.0,0.0,0.0,0.0
0.8174798561837854,0.0,0.0,1.3681921379560122,0.0,0.6663995776228686,1.5536967951225367,2.187624262532846,0.0,0.0,1.2442144190582691,0.0,0.0,0.0,1.6132309262417643,1.7066322569908516,0.0,0.0,0.0,0.0,1.6126710612605206,0.0,0.0,0.0,0.0,0.0,1.3474641974569503,1.1903796725042906,0.0,0.0,0.0,0.0,0.0,0.0,1.1386426407982357,0.0,0.0,1.223943876900255,0.0,0.0,0.0,0.0,0.0,0.0,1.8971722096703363,0.0,0.0,0.0,0.0,0.0,0.0,0.0,0.0,1.6752970465418708,1.5966182368925381,0.9556463937668437,0.0,2.0079847080029665,0.0,0.0,0.0,0.7704850388592366,0.0,1.637727680432967,0.0,0.0,0.7128508204667484,0.0,0.0,0.0,0.0,0.0,0.0,0.49094834138590204,0.0,1.0235882203970237,0.0,0.0,0.0,0.0,0.0,0.0,0.0,0.0,0.0,0.6927432875873601,0.0,2.3743749493498525,0.0,0.5066139036245596,1.7791014730224797,1.4367897374800842,0.0,0.0,0.0,0.7976566775332787,0.0,0.0,1.6369637411046067,0.605039576752024
0.24210582756551213,0.0,0.0,0.8330786932138964,0.0,0.0,0.0,0.0,0.0,0.0,0.0,0.0,0.12510083441201203,0.0,0.0,0.0,0.0,0.0,0.0,0.0,0.0,0.0,0.0,0.0,0.0,0.0,0.0,0.0,0.0,0.0,0.0,0.0,0.0,0.0,0.0,0.0,0.0,0.0,0.0,0.0,0.0,0.0,0.0,0.0,0.274051348391423,0.0,0.0,0.0,0.0,0.0,0.0,0.0,0.0,0.5649107334561281,0.0,0.38027236514857043,0.0,0.0,0.0,0.0,0.0,0.0,0.0,0.5347492839809111,0.0,0.0,0.0,0.0,0.0,0.0,0.0,0.0,0.0,0.0,0.0,1.0580489793778456,0.0,0.0,0.0,0.0,0.0,0.0,0.0,0.0,0.0,0.5551067791047778,0.0,1.0845330842641694,0.0,0.0,0.0,1.2991532289975019,0.0,0.0,0.0,0.0,0.0,0.0,0.4192930202712709,0.0
1.190031547469488,0.0,0.0,0.0,0.0,0.0,0.0,0.8401600650758956,0.0,0.0,0.0,0.0,0.0,0.0,0.0,0.3591680595339012,0.0,0.0,0.0,0.0,2.019543036646649,0.0,0.0,0.0,0.0,0.0,0.0,0.0,0.0,0.0,0.0,0.0,0.0,0.0,0.0,0.0,0.0,1.3471736298511412,0.0,0.0,0.0,0.0,0.0,0.0,0.9193958176510341,0.0,0.0,0.0,0.0,0.0,0.0,0.0,0.0,0.0,0.24915403943558775,1.3281980850525463,0.0,0.0,0.0,0.0,0.0,0.7055949911183241,0.0,0.0,0.0,0.0,1.1197227958528768,0.0,0.0,0.0,0.0,0.0,0.0,0.0,0.0,1.430460195783152,0.0,0.0,0.0,0.0,0.0,0.0,0.0,0.0,0.0,1.2004512483643888,0.0,1.7298775535237805,0.0,0.0,1.0368370429656066,1.5523383400075206,0.0,0.0,0.0,0.0,0.0,0.0,0.429210379991858,0.7282693297029103
0.0,0.0,0.0,0.0,0.0,0.0,0.0,0.0,0.0,0.0,0.0,0.0,0.0,0.0,0.6366421035505947,0.0,0.0,0.0,0.0,0.0,0.0,0.0,0.0,0.0,0.0,0.0,0.0,0.0,0.0,0.0,0.0,0.0,0.0,0.0,0.0,0.0,0.0,0.8824868338763888,0.0,0.0,0.0,0.0,0.0,0.0,0.0,0.0,0.0,0.0,0.0,0.0,0.0,0.0,0.0,0.0,0.0,0.0,0.0,0.8176050354986758,0.0,0.0,0.0,0.0,0.0,0.4473480079286764,0.0,0.0,0.0,0.0,0.0,0.0,0.0,0.0,0.0,0.0,0.0,0.0,0.0,0.0,0.0,0.0,0.0,0.0,0.0,0.0,0.0,0.7559648853695766,0.0,0.0,0.0,0.0,1.4376444299986133,1.5000113352623006,0.0,0.0,0.0,0.0,0.0,0.0,0.0,0.0
0.7546938224968258,0.0,1.0536391350265033,0.9897964050318159,0.7465389947134426,0.32601285054093837,1.073717449972062,0.6778492991183617,0.0,1.3729223414016527,0.7642350739077943,1.2986257877307903,1.2503861554399411,0.10807672578292689,2.055188667819157,1.189279473665001,1.2779945110904687,0.5343582673378032,0.5887204751050709,0.6587313835404417,1.5267325798973492,1.792305445307649,0.9909320401840654,0.8777121766837275,0.5739294301987339,1.4941787397122368,1.7732837225964355,1.4872857026035917,0.0,0.0,1.5469696719372767,2.0187751214665752,0.0,0.4068836873417888,0.6586632956477609,0.0,0.0,1.1774129794121455,0.0,1.2221176899963155,0.0,0.0,0.0,0.0,1.4171928645198617,0.0,0.6624346739020237,0.8958449952488653,0.4498438842603725,0.5054553076247605,1.1558296585577714,0.0,0.0,1.195317701391396,1.038883516737888,0.6750103324224914,0.0,0.30483423444699514,0.0,1.313779538461528,0.675223579462278,0.5559108915408972,0.0,1.6600346050088404,1.104602970120106,1.1915206790010355,0.8876321970404009,0.3498932232077839,0.0,0.0,0.0,1.1534528433192577,0.0,0.9167678665253871,0.0,1.198369596970676,1.148748061219368,0.9749444354877334,0.0,0.0,0.8599747723491622,0.0,0.0,0.8649259451059986,0.0,1.1185628127268452,1.5136089510753221,1.1772707005000393,1.4448056599398724,1.0805433338232935,0.8745262770080726,1.3900275740499866,2.0739378466925333,0.0,1.2445800035656371,1.3715861077320126,1.2113231620131586,0.0,1.9134717599835076,0.5585086792639145
0.40281925370215677,0.0,0.0,1.333034684514483,0.0,1.3450413551167952,0.8161054328571041,0.6900354934035373,0.49564638080362955,0.4194767716643891,0.22912179138530375,0.0,0.9399148992570191,0.0,1.487948927572944,1.0094494412522923,0.7900177030180908,0.0,0.4088904426923623,0.9500828741083086,1.8630366903646975,1.1246852169610435,0.0,1.235213254497918,0.0,0.8148140648450071,0.7774165142461145,0.0,0.0,0.0,0.7975279997042362,0.16144042417911075,0.0,1.1933427820443478,0.9949674061151093,0.0,0.2264884466049348,1.113223310713673,0.0,0.6016643574292142,0.0,0.0,0.0,0.0,0.5717954777956739,0.0,0.0,0.8766808129418768,0.0,0.0,0.0,0.0,0.0,0.6602044188689054,0.8590534843251796,0.5409857912852151,0.0,0.44250445606274025,0.49196834429782066,0.0,0.0,0.5749572376667597,0.0,1.3495633488259182,1.1943596704603714,1.1751779443494277,1.1038857014101509,0.6861973336751321,0.0,0.1276663234481914,0.0,0.8945883595251565,0.8759462030783364,0.0,1.0019744095913095,1.2028373376428494,0.0,0.9451917927937025,0.0,0.0,0.0,0.0,0.0,0.0,0.0,0.8528509085090287,1.9735143584176948,0.30154298144880676,0.6769282803205519,0.0,0.39112563832904923,0.9066269353709633,1.1204922769552699,0.0,0.4767026239463166,0.0,0.5878238828996329,0.0,1.2066268942379725,0.8948127897312627
0.0,0.0,0.0,0.5355066848102467,0.0,0.0,0.0,0.0,0.0,0.0,0.0,0.0,0.0,0.0,0.0,0.0,0.0,0.0,0.0,0.0,0.0,0.0,0.0,0.0,0.0,0.0,0.0,0.0,0.0,0.0,0.0,0.0,0.0,0.0,0.0,0.0,0.0,0.0,0.0,0.0,0.0,0.0,0.0,0.0,0.0,0.0,0.0,0.0,0.0,0.0,0.0,0.0,0.0,0.0,0.0,0.0,0.0,0.0,0.0,0.0,0.0,0.0,0.0,0.0,0.0,0.0,0.0,0.0,0.0,0.0,0.0,0.0,0.0,0.0,0.0,0.7604769709741959,0.0,0.0,0.0,0.0,0.0,0.0,0.0,0.0,0.0,0.0,0.0,0.0,0.0,0.0,0.0,0.0,0.0,0.0,0.0,0.0,0.0,0.0,0.0,0.0
1.2889764946042521,0.0,0.0,1.4735073156379417,0.0,0.0,0.0,0.0,0.0,0.5599494027878479,0.0,0.0,0.0,0.0,0.0,0.0,0.0,0.0,0.0,0.0,0.0,0.0,0.0,0.0,0.0,0.0,0.0,0.0,0.0,0.0,0.9380006308276949,0.0,0.0,0.0,0.0,0.0,0.0,0.0,0.0,0.0,0.0,0.0,0.0,0.0,0.0,0.0,0.0,0.8484539809304191,0.0,0.0,0.0,0.0,0.0,0.0,0.0,1.4271430321873104,0.0,0.0,0.0,0.0,0.0,0.0,0.0,0.0,0.0,0.0,0.0,0.0,0.0,0.0,0.0,0.0,0.0,0.0,0.0,1.698477601801891,0.0,0.0,0.0,0.0,0.0,0.0,0.0,0.0,0.0,0.0,0.0,0.0,0.0,0.0,0.0,1.1617658476999684,1.2609649080787286,0.0,0.0,0.0,0.0,0.0,0.0,0.0
2.405205063136978,0.0,0.0,0.0,0.8135281844804606,2.3533327867834695,1.700163927097741,1.79016206738204,0.0,0.0,0.0,0.0,0.0,0.0,2.1221778575861747,1.9767898150911178,0.0,0.0,0.0,0.0,2.2642766172591076,0.0,0.0,0.0,0.0,0.0,0.0,0.0,0.0,0.0,0.0,0.0,0.0,1.5191964556054671,0.0,0.0,0.0,1.5919072104636,0.0,2.1112452125779164,0.0,0.0,0.0,0.0,1.1641293982634928,0.0,0.0,0.0,0.0,0.0,1.2228188483247893,0.0,0.0,0.0,0.49388762004804654,0.3764022838863573,0.0,0.0,0.0,0.0,0.0,1.1384483724225816,0.0,0.0,1.8848481393409149,1.8656664132299712,1.3644563764653355,0.0,0.0,0.0,0.0,1.2204420330862757,0.0,0.0,0.0,1.6751937763956106,0.0,1.515287939467009,0.0,0.0,0.0,0.0,0.0,0.0,0.0,1.4451848289768476,1.58059814084234,1.9746111341362393,0.0,0.0,1.986839045271751,0.45131806085513465,0.0,0.0,0.0,0.0,1.2783123517801764,0.0,0.0,0.973002910315369
0.886008607531511,0.0,0.0,0.0,0.0,0.0,0.0,0.27096561177657286,0.0,0.0,0.0,0.0,0.0,0.0,0.0,0.0,0.0,0.0,0.0,0.0,0.0,0.0,0.0,0.0,0.0,0.0,0.0,0.0,0.0,0.0,0.0,0.0,0.0,0.0,0.0,0.0,0.0,0.0,0.0,0.0,0.0,0.0,0.0,0.0,0.0,0.0,0.0,0.0,0.0,0.0,0.0,0.0,0.0,0.0,0.0,0.2681266450807026,0.0,0.0,0.0,0.0,0.0,0.7343396069926456,0.0,0.0,0.0,0.0,0.0,0.0,0.0,0.0,0.0,0.0,0.0,0.0,0.0,0.0,0.0,0.0,0.0,0.0,0.0,0.0,0.0,0.0,0.0,0.0,0.0,0.0,0.0,0.0,0.4676425896662838,0.9831438867081979,0.0,0.0,0.0,0.0,0.0,0.0,0.0,0.0
0.0,0.0,0.0,0.0,0.0,0.0,0.41505415432430104,0.0,0.0,0.0,0.10557177826003335,0.0,0.0,0.0,0.0,0.0,0.0,0.0,0.0,0.0,0.8680692842495884,0.0,0.0,0.0,0.0,0.0,0.0,0.0,0.0,0.0,0.0,0.0,0.0,0.0,0.0,0.0,0.0,0.0,0.0,0.0,0.0,0.0,0.0,0.0,0.7585295688721007,0.0,0.0,0.0,0.0,0.0,0.0,0.0,0.0,0.536654405743635,0.0,0.0,0.0,0.0,0.0,0.0,0.0,0.0,0.0,0.0,0.0,0.0,0.0,0.0,0.0,0.0,0.0,0.0,0.0,0.0,0.0,0.0,0.0,0.0,0.0,0.0,0.0,0.0,0.0,0.0,0.0,0.8659694771949213,0.0,1.569011304744847,0.0,0.0,0.9040988422175555,1.4196001392594697,0.0,0.0,0.0,0.0,0.0,0.0,0.0,0.0
0.5554081764114259,0.0,0.0,1.1463810420598102,1.0643914524156575,0.38354791629351426,0.8625517106978975,0.11622053449038439,0.0,2.0945598463229413,0.5530693346336298,0.7817135344019918,0.4384031832579258,0.8686605189537001,1.6070155528253878,1.7291082838842977,0.12093378463568916,0.0,1.1285492853243677,0.8417055297146981,1.3155668406231849,0.6352447188528695,0.5067673622525835,0.5603262171739863,0.0,0.3133023488459138,0.0,0.9703734492747932,0.0,0.0,2.4726110743627885,1.5346104435350933,0.0,1.008429017848771,0.44749755637359645,0.0,0.0,1.1590687143032243,0.0,0.7318843530424888,0.0,0.0,0.0,0.0,0.5873536972373368,0.0,0.0,2.3830644244655126,0.0,0.5178427788506471,1.4736821162599862,0.0,0.0,0.8782130823020419,1.578712326957185,0.5335991079143237,0.0,1.0654180276177683,0.0,0.8296148605300462,0.0,0.5795945297064571,0.0,0.2954195478499685,1.198773156126828,2.116529681165168,0.8057784074505876,1.1104770163785571,0.0,0.0,0.35265154836845936,1.0933853835857,0.0,0.0,0.2837532384480742,1.1165158073808628,0.6645833832878859,0.2761078744113008,0.0,0.0,0.0,0.0,0.0,0.0,0.0,0.6040364252908687,0.7661205138354354,1.3566871983044768,0.0,1.4028238715825572,0.31289751238009533,0.8283988094220094,2.795575351613822,0.0,0.0,1.4187291818853094,1.5291756197153734,0.0,0.7325953691171847,1.3190924724346877
1.0681934370485169,0.0,0.0,1.292114428027491,0.0,1.1185529085118602,1.1478218069316868,0.4635470467986025,0.2691579341986947,0.3785565151773972,0.6006835640971622,0.0,0.7487521519328384,0.0,1.2614604809680094,0.9100961271750808,0.563529256413156,0.0,0.0,0.7235944275033738,1.7772174955989883,0.8981967703561087,0.0,1.0087248078929831,0.0,0.8260876094830046,0.5509280676411796,0.0,0.0,0.0,0.7566077432172442,0.0,0.0,0.9668543354394131,0.0,0.0,0.0,0.8867348641087384,0.0,1.2236170775807893,0.0,0.0,0.0,0.0,1.1001389578744276,0.0,0.0,0.0,0.0,0.0,0.0,0.0,0.0,1.0317661915807639,0.8000821070767674,0.9761945796917906,0.0,0.2160160094578054,0.0,0.0,0.0,0.9269210420146752,0.0,1.1584006015017376,0.9678712238554366,0.9486894977444928,0.8773972548052162,0.0,0.0,0.0,0.0,0.6680999129202216,0.6494577564734015,0.0,0.7754859629863746,0.9763488910379146,0.0,0.7187033461887676,0.0,0.0,0.0,0.0,0.0,0.0,0.0,0.724281823096792,1.7470259118127598,0.8267399410595995,0.4504398337156171,0.0,0.6602240246883134,0.9803729600895176,1.079572020468278,0.0,0.25021417734138174,0.0,0.3613354362946981,0.0,0.9801384476330377,1.27919739734409
0.0,0.0,0.0,0.0,0.0,0.0,0.0,0.0,0.0,0.0,0.0,0.0,0.0,0.0,0.0,0.0,0.0,0.0,0.0,0.0,0.0,0.0,0.0,0.0,0.0,0.0,0.0,0.0,0.0,0.0,0.0,0.0,0.0,0.0,0.0,0.0,0.0,0.0,0.0,0.0,0.0,0.0,0.0,0.0,0.0,0.0,0.0,0.0,0.0,0.0,0.0,0.0,0.0,0.0,0.0,0.0,0.0,0.0,0.0,0.0,0.0,0.0,0.0,0.0,0.0,0.0,0.0,0.0,0.0,0.0,0.0,0.0,0.0,0.0,0.0,0.0,0.0,0.0,0.0,0.0,0.0,0.0,0.0,0.0,0.0,0.0,0.0,0.0,0.0,0.0,0.5551575961222245,1.0706588931641385,0.0,0.0,0.0,0.0,0.0,0.0,0.0,0.0
1.385742579779173,0.0,0.0,0.6883528701855954,0.0,2.8118869663324553,1.4399482155102528,1.0425214925374888,0.0,0.6706829237559632,0.0,0.0,1.0408785605114041,0.0,1.5535868895465752,1.7165741035036297,0.0,0.0,0.0,0.0,2.069343904177554,0.0,0.0,1.300851216471549,0.0,0.0,0.0,0.0,0.0,0.0,0.15284618537534878,0.0,0.0,1.258980744017979,0.0,0.0,0.0,0.0,0.0,0.0,0.0,0.0,0.0,0.0,1.7834236300580524,0.0,0.0,0.0,0.0,0.0,0.0,0.0,0.0,1.48068845955552,0.0,1.3820672731830084,0.0,0.0,0.0,0.0,0.0,1.5058954877535615,0.0,1.4505270100803034,1.2599976324340025,1.2408159063230588,1.169523663383782,0.0,0.0,0.0,0.0,0.9602263214987876,0.0,0.0,0.0,0.9133231563495446,0.0,0.0,0.0,0.0,0.0,0.0,0.0,0.0,0.0,1.7591438875212035,2.039152320391326,2.0972121976020395,0.742566242294183,0.0,1.2391984704271999,1.2724993686680834,1.371698429046844,0.0,0.5423405859199477,0.0,0.6534618448732641,0.0,0.12685814697434417,0.0
0.0,0.0,0.0,0.0,0.0,0.0,0.0,0.0,0.0,0.0,0.0,0.0,0.0,0.0,0.0,0.0,0.0,0.0,0.0,0.0,0.0,0.0,0.0,0.0,0.0,0.0,0.0,0.0,0.0,0.0,0.0,0.0,0.0,0.0,0.0,0.0,0.0,0.0,0.0,0.0,0.0,0.0,0.0,0.0,0.0,0.0,0.0,0.0,0.0,0.0,0.0,0.0,0.0,0.0,0.0,0.0,0.0,0.0,0.0,0.0,0.0,0.0,0.0,0.0,0.0,0.0,0.0,0.0,0.0,0.0,0.0,0.0,0.0,0.0,0.0,0.0,0.0,0.0,0.0,0.0,0.0,0.0,0.0,0.0,0.0,0.0,0.0,0.0,0.0,0.0,0.0,0.0,0.0,0.0,0.0,0.0,0.0,0.0,0.0,0.0
0.8349508474101347,0.0,0.0,0.809227934026209,0.0,1.7055265395034755,1.0851981679888212,0.6877714450160574,0.0,0.3159328762345316,0.0,0.7716934072014545,0.6861285129899728,0.0,1.1988368420251438,1.3618240559821981,0.0,0.0,0.8775126967102742,0.0,1.3598932175108442,0.0,0.0,0.9461011689501175,0.0,1.283436318862919,0.0,0.9603533220742559,0.0,0.0,0.2737212492159623,0.0,0.0,0.9042306964965475,0.0,0.0,0.0,1.8428401559506447,0.6401286264190911,0.36616438579156463,0.0,0.0,0.0,0.0,1.0404177318135859,0.0,0.0,0.0,0.0,0.0,0.0,0.0,0.0,1.1259384120340887,1.3276757383430915,0.9051765964166255,0.0,1.0083934952364977,0.9605905983157326,0.0,0.0,1.0435794916846715,0.0,1.095776962558872,0.905247584912571,0.1344554794940792,0.46007297671707204,0.0,0.0,0.5962885774661033,0.0,0.605476273977356,0.0,0.0,0.0,0.7708103766473473,0.0,0.0,0.0,0.0,0.0,0.0,0.0,0.0,0.0,1.3214731625269407,0.9327918935623463,0.7701652354667187,0.3878161947727515,0.0,0.8844484229057683,0.917749321146652,1.0169483815254123,0.0,0.18759053839851614,0.0,0.2987117973518325,0.0,0.7669867733934352,1.806791028610414
0.8909819983041083,0.0,0.0,1.2098132817122753,0.0,1.7262769889916452,1.2100056257793446,1.8902883558874548,0.0,0.0,0.9005232497150769,0.0,1.0767720934750216,0.0,1.1194794495302678,1.4092963503454605,0.0,0.0,0.8087373517855305,0.0,1.5483905752609912,0.0,0.0,1.356133470035595,1.5709668420864564,0.0,1.993300599276895,0.482837345979673,0.0,0.0,0.0,0.0,0.0,0.0,0.7949514714550435,0.0,0.0,1.313701155219428,0.0,0.0,0.0,0.0,0.0,0.0,1.5534810403271442,0.0,0.0,0.0,0.6698607609408321,0.0,0.0,0.0,0.0,1.3316058771986785,1.2589003934183478,1.0291485358871666,0.8713541775511177,1.3004423814783488,0.0,0.0,0.0,0.6921990673481798,0.0,0.9301853539083493,1.3500479287257847,1.330866202614841,0.6485703344672189,0.4861813990150664,0.0,0.0,0.0,0.0,0.0,1.1367847432058467,0.0,0.9593077343974942,0.0,1.194961312168193,0.0,0.0,1.0799916490296217,0.0,0.0,0.0,0.0,1.2388022313492495,2.129202616683108,2.1524944511660853,0.7784597752578002,2.077580745711016,0.19555037558565475,0.7110516726275689,0.0,0.0,0.0,2.368623519619735,0.7435121411650463,0.0,2.422510979268753,0.6947968550711969
0.0,0.0,0.0,0.0,0.0,1.080442044952936,0.0,0.0,0.0,0.0,0.0,0.0,0.0,0.0,0.0,0.0,0.0,0.0,0.0,0.0,0.6277517838414273,0.8600859067971843,0.0,0.0,0.0,0.0,0.0,0.0,0.0,0.0,0.0,0.0,0.0,0.0,0.0,0.0,0.0,0.0,0.0,0.0,0.0,0.0,0.0,0.0,0.0,0.0,0.0,0.0,0.0,0.0,0.0,0.0,0.0,0.0,0.0,0.0,0.0,0.0,0.0,0.0,0.0,0.0,0.0,0.0,0.0,0.0,0.0,0.0,0.0,0.0,0.0,0.0,0.0,0.0,0.0,0.0,0.0,0.0,0.0,0.0,0.0,0.0,0.0,0.0,0.0,0.0,0.0,1.3894556719307594,0.0,0.0,0.0,0.0,0.0,0.0,0.0,0.0,0.0,0.0,0.0,0.0
0.0,0.0,0.0,1.3580069978248193,0.0,0.0,0.776103475235315,0.0,0.0,0.0,0.46662109917104727,0.0,0.650029139022935,0.0,1.162737468058106,0.0,0.0,0.0,0.0,0.0,1.2291186051606022,0.0,0.0,0.0,0.0,0.0,0.0,0.0,0.0,0.0,0.0,0.0,0.0,0.0,0.36104932091101394,0.0,0.0,1.3137308048207732,0.0,0.0,0.0,0.0,0.0,0.0,1.1195788897831145,0.0,0.0,0.0,0.0,0.0,0.0,0.0,0.0,0.8977037266546489,0.0,0.0,0.0,0.0,0.0,0.0,0.0,0.8602719667797547,0.0,0.34060567373271033,0.0,0.0,0.7786742418953129,0.0,0.0,0.0,0.0,0.0,0.0,0.0,0.0,0.8776258781280112,0.0,0.0,0.0,0.0,0.0,0.0,0.0,0.0,0.0,0.6492225511736105,0.0,1.930060625655861,0.35171682080571376,0.0,1.2651481631285695,1.3932690010663344,0.8111739762610665,0.0,0.0,0.0,0.0,0.0,0.0,0.6948265046725421
0.0,0.0,0.0,0.0,0.0,0.0,0.0,0.0,0.0,0.0,0.0,0.0,0.0,0.0,0.0,0.0,0.0,0.0,0.0,0.0,0.0,0.0,0.0,0.0,0.0,0.0,0.0,0.0,0.0,0.0,0.0,0.0,0.0,0.0,0.0,0.0,0.0,0.0,0.0,0.0,0.0,0.0,0.0,0.0,0.0,0.0,0.0,0.0,0.0,0.0,0.0,0.0,0.0,0.0,0.0,0.0,0.0,0.0,0.0,0.0,0.0,0.0,0.0,0.0,0.0,0.0,0.0,0.0,0.0,0.0,0.0,0.0,0.0,0.0,0.0,0.0,0.0,0.0,0.0,0.0,0.0,0.0,0.0,0.0,0.0,0.2810554307133548,0.0,0.8104817358727464,0.0,0.0,0.0,1.0251018806060788,0.0,0.0,0.0,0.0,0.0,0.0,0.0,0.0
0.7392242105754678,0.0,0.0,1.1122055988953816,0.0,3.2357396950422412,1.1727716617987636,0.12418121482052964,0.0,0.9183737110202506,1.3802283009317753,0.0,1.4647312892211906,0.0,1.9774396182563616,2.140426832213416,0.0,0.0,0.0,0.0,1.716650277228997,0.0,0.0,1.7247039451813353,0.0,0.0,0.0,0.0,0.0,0.0,0.5766989140851351,0.3584243082324027,0.0,1.6828334727277654,1.274656522671742,0.0,0.0,0.0,0.4238527287097863,0.0,0.0,0.0,0.0,0.0,1.5162470763465632,0.0,0.0,1.2068782891628218,0.0,0.0,0.0,0.0,0.0,1.811310928415377,0.0,0.8773907481585261,0.0,0.0,0.0,0.0,0.0,0.5875552100366023,0.0,1.8743797387900898,0.1426554537675072,1.664668635032845,1.5933763920935684,0.0,0.0,0.0,0.0,1.384079050208574,0.0,0.0,0.0,1.337175885059331,0.0,0.0,0.0,0.0,0.0,0.0,0.0,0.824488558953102,0.0,1.797302507059918,2.463005049101112,2.3267288122193097,1.1664189710039694,0.0,0.32085819271024063,0.8363594897521547,1.6193892163111312,0.0,0.966193314629734,0.0,1.0773145735830503,0.0,0.5507108756841305,0.0
0.21299847768562796,0.0,0.0,1.6648227590241094,0.0,0.0,0.0,0.4216137608435382,0.0,0.0,0.19895510464735122,0.0,0.9568449002222251,0.0,0.0,0.0,0.0,0.0,0.0,0.0,0.0,0.0,0.0,0.21527750278170377,0.0,0.8317440658102131,0.0,0.0,0.0,0.0,0.0,0.0,0.0,0.0,0.0,0.0,0.0,0.0,0.0,0.0,0.0,0.0,0.0,0.0,1.1057954142016362,0.0,0.0,0.40012585665875444,0.0,0.0,0.0,0.0,0.0,0.6300377321309529,0.0,0.35116501526868626,0.0,0.0,0.0,0.0,0.0,0.8849877560596109,0.0,1.3664933497911242,0.8537244417345455,0.0,0.0,0.0,0.0,0.0,0.0,0.0,0.0,0.0,0.0,1.8897930451880587,0.0,0.0,0.0,0.0,0.0,0.0,0.0,0.0,0.0,0.9593528035822393,0.0,0.5148360265980158,0.0,0.0,0.6182907387332491,0.7355443172125948,0.0,0.0,0.0,0.0,0.0,0.0,1.251037086081484,0.0
0.44052251367383305,0.0,0.0,0.0,0.0,0.0,0.0,0.0,0.0,0.0,0.0,0.0,0.0,0.0,0.0,0.0,0.0,0.0,0.0,0.0,0.0,0.0,0.0,0.0,0.0,0.0,0.0,0.0,0.0,0.0,0.0,0.0,0.0,0.0,0.0,0.0,0.0,0.0,0.0,0.0,0.0,0.0,0.0,0.0,0.0,0.0,0.0,0.0,0.0,0.0,0.0,0.0,0.0,0.0,0.0,0.5786890512568914,0.0,0.0,0.0,0.0,0.0,0.0,0.0,0.0,0.0,0.0,0.0,0.0,0.0,0.0,0.0,0.0,0.0,0.0,0.0,0.0,0.0,0.0,0.0,0.0,0.0,0.0,0.0,0.0,0.0,0.0,0.0,0.0,0.0,0.0,0.0,0.0,0.0,0.0,0.0,0.0,0.0,0.0,0.0,0.0
0.8786002907636985,0.0,0.0,0.5399525207714434,0.0,1.0564162280508131,1.1976239182389348,1.2204275949466228,0.0,0.0,0.8881415421746671,0.0,0.0,0.0,0.0,0.7394355894046284,0.0,0.0,0.1388765908446984,0.0,1.6506390481642221,0.0,0.0,0.0,0.0,0.0,1.323439838336063,0.0,0.0,0.0,0.0,0.0,0.0,0.0,0.7825697639146337,0.0,0.0,1.3013194476790182,0.0,0.0,0.0,0.0,0.0,0.0,1.259281410692962,0.0,0.0,0.0,0.0,0.0,0.0,0.0,0.0,1.3192241696582687,0.5890396324775156,1.0167668283467568,0.0,0.0,0.0,0.0,0.0,0.30494338581909575,0.0,0.0,0.0,0.7755355323721497,1.4596083888948046,0.4737996914746566,0.0,0.0,0.0,0.0,0.0,0.46692398226501464,0.0,0.7649228069353926,0.0,0.5251005512273609,0.0,0.0,0.4101308880887897,0.0,0.0,0.0,0.0,0.6687189284664727,1.5738719464404167,2.0697631465657085,0.0,0.0,0.7988021839511259,1.3143034809930398,0.0,0.0,0.0,0.0,0.0,0.0,1.7526502183279211,0.6824151475307871
1.4315374116140087,0.0,0.0,0.0,0.0,1.50720627583864,0.0,0.8164944158590706,0.0,0.0,0.0,0.0,0.0,0.0,0.0,0.0,0.772539203465708,0.0,0.0,0.0,0.0,1.2868501376828885,0.0,0.0,0.0,0.0,0.0,0.0,0.0,0.0,0.0,0.0,0.0,0.5455288040824977,0.0,0.0,0.0,0.0,0.0,0.0,0.0,0.0,0.0,0.0,0.0,0.0,0.0,0.0,0.0,0.0,0.0,0.0,0.0,0.0,0.0,0.8136554491632003,0.0,0.0,0.0,0.0,0.0,0.691726738085666,0.0,0.0,0.0,0.0,0.0,0.0,0.0,0.0,0.0,0.0,0.0,0.0,0.0,0.0,0.0,0.9277132932413197,0.0,0.0,0.0,0.0,0.0,0.0,0.0,0.0,0.0,0.0,0.0,0.0,1.0131713937487816,1.5286726907906956,0.0,0.0,0.0,0.0,0.0,0.0,0.0,0.0
0.0,0.0,0.0,0.0,0.0,0.0,0.0,0.0,0.0,0.0,0.0,0.0,0.0,0.0,0.8993590092613856,0.0,0.0,0.0,0.0,0.0,1.4217790926900835,0.0,0.0,0.0,0.0,0.0,0.0,0.0,0.0,0.0,0.0,0.0,0.0,0.0,0.0,0.0,0.0,0.0,0.0,0.8884263642531274,0.0,0.0,0.0,0.0,0.0,0.0,0.0,0.0,0.0,0.0,0.0,0.0,0.0,0.0,0.0,0.0,0.0,0.0,0.0,0.0,0.0,0.0,0.0,0.0,0.0,0.0,0.5219588518963114,0.0,0.0,0.0,0.0,0.0,0.0,0.0,0.0,0.8326962518265867,0.0,0.29246909114221953,0.0,0.0,0.0,0.0,0.0,0.0,0.0,0.0,0.0,2.1834829807794156,0.0,0.0,0.0,0.0,0.0,0.0,0.0,0.0,0.0,0.0,0.0,0.0
0.32731043010411687,0.0,0.0,0.7907473934403004,0.7189941242736787,1.30721110071967,0.6293804980064848,0.5359257132620271,0.0,0.6362625444629642,0.3132670570658401,0.0,1.0064581812184055,0.0,0.4548044912003262,0.9902304620734854,0.0,0.0,0.3896714635135554,0.0,1.173259113436718,0.0,0.0,0.32958945520019267,0.0,0.946056018228702,1.57423471100492,0.0,0.0,0.0,1.014313772502811,0.0,0.0,1.2245603647249803,0.7312653588794631,0.0,0.0,1.5521143203478753,0.0,2.016711152371135,0.0,0.0,0.0,0.0,0.9728559125542844,0.0,0.11431195241848889,0.24727092336803136,0.250794872668857,0.0,1.1282847881180076,0.0,0.0,0.7443496845494417,0.8398345051463727,0.46547696768717517,0.0,0.0,0.0,0.0,0.0,0.5557382584879528,0.0,0.19068949129631818,0.9680363941530344,1.0263304050410067,0.6702368607806218,0.7245945641435136,0.0,0.0,0.0,0.9258059422057887,0.0,0.7177188549338717,0.0,0.9809742607108971,0.0,0.7758954238962179,0.0,0.0,0.6609257607576468,0.0,0.0,0.2810973951608232,0.0,0.49930636873721834,1.486064080635558,0.6291479790165047,0.7081458630011841,0.0,0.732602691151738,0.8498562696310837,1.337278049753845,0.0,0.5079202066269487,0.0,0.6190414655802651,0.0,1.365349038499973,0.9332100201996442
0.5672160082046098,0.0,0.0,1.0306529715407935,0.2470449855788803,1.5471166788201631,0.8692860761069777,0.77583129136252,0.0,0.8761681225634571,0.5531726351663331,0.0,0.45203543277473157,0.0,0.6947100693008191,1.2301360401739783,1.112244107845855,0.0,0.6295770416140484,0.0,1.4131646915372111,1.6265550420630353,0.0,0.5694950333006856,0.0,1.185961596329195,1.814140289105413,0.0,0.0,0.0,1.2542193506033041,0.0,0.0,0.8852337084626445,0.971170936979956,0.0,0.0,1.078116429171275,0.0,1.0409019324078832,0.0,0.0,0.8822327734323947,0.0,1.2127614906547772,0.0,0.35421753051898186,0.4871765014685243,0.49070045076935,0.33970490438014683,0.15247556815475583,0.23990557810049296,0.0,0.8918453318188476,1.0797400832468655,0.7053825457876681,0.0,0.0,0.0,0.0,0.0,0.7956438365884457,0.0,0.43059506939681114,1.2079419722535274,1.2662359831414998,0.6744344200510672,0.9645001422440066,0.0,0.0,0.0,0.6539588341846955,0.8408393215359382,0.9576244330343646,0.0,0.9851718199813425,0.0,0.44494465929697535,0.0,0.0,0.9008313388581397,0.0,0.0,0.5210029732613162,0.0,0.7392119468377113,1.0141149419407596,0.8690535571169976,0.9480514411016769,0.0,0.972508269252231,1.0897618477315767,1.5771836278543379,0.0,0.7478257847274417,0.0,0.7118291528785962,0.0,1.6052546166004658,1.1731155983001371
0.0,0.0,0.0,0.0,0.0,0.0,0.0,0.0,0.0,0.0,0.0,0.0,0.0,0.0,0.0,0.0,0.0,0.0,0.0,0.0,0.0,0.0,0.0,0.0,0.0,0.0,0.0,0.0,0.0,0.0,0.0,0.0,0.0,0.0,0.0,0.0,0.0,0.0,0.0,0.0,0.0,0.0,0.0,0.0,0.0,0.0,0.0,0.0,0.0,0.0,0.0,0.0,0.0,0.0,0.0,0.0,0.0,0.0,0.0,0.0,0.0,0.0,0.0,0.0,0.0,0.0,0.0,0.0,0.0,0.0,0.0,0.0,0.0,0.0,0.0,0.0,0.0,0.0,0.0,0.0,0.0,0.0,0.0,0.0,0.0,0.32931507145128636,0.0,0.0,0.0,0.0,0.0,1.0733615213440104,0.0,0.0,0.0,0.0,0.0,0.0,0.0,0.0
0.0,0.0,0.0,0.0,0.0,0.0,0.0,0.0,0.0,0.0,0.0,0.0,0.0,0.0,0.0,0.0,0.0,0.0,0.0,0.0,1.7703889972110614,0.0,0.0,0.0,0.0,0.0,0.0,0.0,0.0,0.0,0.0,0.0,0.0,0.0,0.0,0.0,0.0,1.0980195904155536,0.0,0.0,0.0,0.0,0.0,0.0,0.6702417782154463,0.0,0.0,0.0,0.0,0.0,0.0,0.0,0.0,0.0,0.0,0.0,0.0,0.0,0.0,0.0,0.0,0.644560752374535,0.0,0.0,0.0,0.0,0.870568756417289,0.0,0.0,0.0,0.0,0.0,0.0,0.0,0.0,1.1813061563475644,0.0,0.0,0.0,0.0,0.0,0.0,0.0,0.0,0.0,0.9512972089288011,0.0,1.4807235140881927,0.0,0.0,1.653177186537778,1.6953436588215252,0.0,0.0,0.0,0.0,0.0,0.0,0.0,0.47911529026732247
0.0,0.0,0.0,0.0,0.0,0.0,0.0,0.0,0.0,0.0,0.0,0.0,0.0,0.0,0.0,0.0,0.0,0.0,0.0,0.0,0.0,0.0,0.0,0.0,0.0,0.0,0.0,0.0,0.0,0.0,0.0,0.0,0.0,0.0,0.0,0.0,0.0,0.0,0.0,0.0,0.0,0.0,0.0,0.0,0.0,0.0,0.0,0.0,0.0,0.0,0.0,0.0,0.0,0.0,0.0,0.0,0.0,0.0,0.0,0.0,0.0,0.0,0.0,0.0,0.0,0.0,0.0,0.0,0.0,0.0,0.0,0.0,0.0,0.0,0.0,0.0,0.0,0.0,0.0,0.0,0.0,0.0,0.0,0.0,0.0,0.0,0.0,0.0,0.0,0.0,0.0,0.0,0.0,0.0,0.0,0.0,0.0,0.0,0.0,0.0
1.4598408751136653,0.0,0.0,2.067804802491351,0.0,1.3660122421582073,2.2533094596578755,1.1099693927200727,0.0,0.0,1.943827083593608,0.0,0.0,0.0,2.3128435907771028,0.6289773871780784,0.0,0.0,0.8609262541213857,0.0,2.3122837257958593,0.0,0.0,0.48477929248447726,0.6996126645353388,0.0,2.047076861992289,1.8899923370396294,0.0,0.0,0.0,0.0,0.0,0.0,1.8382553053335746,0.0,0.0,1.923556541435594,0.0,0.0,0.0,0.0,0.0,0.0,1.981331073969649,0.0,0.0,0.0,0.0,0.0,0.0,0.0,0.0,2.3749097110772097,1.3110892957542029,1.5980074126967236,0.0,2.7075973725383053,0.0,0.0,0.0,1.026993049095783,0.0,2.3373403449683057,1.123226231437319,0.0,1.4124634850020872,0.0,0.0,0.0,0.0,0.0,0.0,1.1905610059212408,0.0,1.7232008849323623,0.0,0.0,0.0,0.0,0.0,0.0,0.0,0.0,0.0,1.392355952122699,0.0,1.2811402736149677,0.0,1.2062265681598983,1.3066463706097837,1.8221476676516977,0.0,0.0,0.0,1.4972693420686174,0.0,0.0,2.336576405639945,1.304652241287363
0.0,0.0,0.0,0.0,0.0,0.0,0.0,0.0,0.0,0.0,0.0,0.0,0.0,0.0,0.0,0.0,0.0,0.0,0.0,0.0,0.0,0.0,0.0,0.0,0.0,0.0,0.0,0.0,0.0,0.0,0.0,0.0,0.0,0.0,0.0,0.0,0.0,0.0,0.0,0.0,0.0,0.0,0.0,0.0,0.0,0.0,0.0,0.0,0.0,0.0,0.0,0.0,0.0,0.0,0.0,0.0,0.0,0.0,0.0,0.0,0.0,0.0,0.0,0.0,0.0,0.0,0.0,0.0,0.0,0.0,0.0,0.0,0.0,0.0,0.0,0.0,0.0,0.0,0.0,0.0,0.0,0.0,0.0,0.0,0.0,0.0,0.0,0.0,0.0,0.0,0.0,0.0,0.0,0.0,0.0,0.0,0.0,0.0,0.0,0.0
0.0,0.0,0.0,0.0,0.0,0.0,0.32413708855928347,0.0,0.0,0.0,0.0,0.0,0.0,0.0,0.0,0.0,0.0,0.0,0.0,0.0,2.2973637386488512,0.0,0.0,0.0,0.0,0.0,0.0,0.0,0.0,0.0,0.0,0.0,0.0,0.0,0.0,0.0,0.0,1.6249943318533433,0.0,0.1096960131313936,0.0,0.0,0.0,0.0,0.6676125031070831,0.0,0.0,0.0,0.0,0.0,0.0,0.0,0.0,0.0,0.5269747414377899,0.0,0.0,0.0,0.0,0.0,0.0,1.1715354938123248,0.0,0.0,0.0,0.0,1.397543497855079,0.0,0.0,0.0,0.0,0.0,0.0,0.0,0.0,1.7082808977853543,0.0,0.0,0.0,0.0,0.0,0.0,0.0,0.0,0.0,0.9486679338204379,0.0,0.11283498502416345,0.0,0.0,2.180151927975568,1.6927143837131617,0.0,0.0,0.0,0.0,0.0,0.0,0.0,1.0060900317051122
1.7303569112898383,0.0,0.0,1.4347872453839636,0.23477659188561117,1.7745811941886198,1.1214123345028915,1.2114104747871908,0.0,1.264944985792895,1.3108095264862205,0.0,0.0,0.0,1.5434262649913255,0.8994934233542515,0.0,0.0,0.29893442479432153,0.0,2.0658463484200236,0.0,0.0,0.0,0.0,0.0,0.0,1.256974779932242,0.0,0.0,1.6429962138327419,0.704995583005047,0.0,0.9404448630106178,1.2052377482261871,0.0,0.0,0.32945385377317815,0.0,0.793934035349083,0.0,0.0,0.0,0.0,0.10663987395697405,0.0,0.0,1.5534495639354662,0.0,0.0,0.64406725572994,0.0,0.0,1.7418921539698222,0.7490974664271388,1.1269144637879402,0.0,0.2937680557765391,0.0,0.0,0.0,0.4650012197687189,0.0,1.7043227878609184,1.3060965467460655,1.2869148206351217,1.1660261076262515,0.0,0.0,0.0,0.0,0.6416904404914263,0.0,0.0,0.0,0.4736137540768136,0.0,0.9365363468721595,0.0,0.0,0.0,0.0,0.0,0.0,0.0,0.31682758612317774,1.0018465482474905,0.9171216098297205,0.0,0.573209011052511,0.8846114498954026,1.0608740360159017,1.9659604910837758,0.0,0.0,0.8642517849612301,0.699560759185327,0.0,1.7035588485325581,1.2282127566944614
1.4127584179625845,0.0,0.0,1.4072527772852457,1.1322633149253338,0.8620976263603604,0.8541164996228272,1.0695373307209004,0.0,0.6976987619393747,1.061573138755839,0.0,0.8340933400181358,0.0,1.5806027277299868,1.7435899416870413,0.8780550360179333,0.0,1.1964211478340443,0.9095773922243747,1.3979951150530607,1.3923659702351137,0.57463922476226,1.3278670546549607,0.0,0.0,0.0,2.154461502971965,0.0,0.0,0.8717460924749989,1.6024823060447697,0.0,1.2859965822013906,0.9560013604958055,0.0,0.0,1.226940576812901,0.0,1.4729636986802488,0.0,0.0,0.0,0.0,1.0041265969966968,0.0,0.0,2.450936286975189,0.0,0.0,1.5415539787696626,0.0,0.0,1.273903239062252,0.7381806432564509,1.254037136538022,0.0,1.191254778816262,0.0,0.8974867230397228,0.0,1.3624879428084418,0.0,1.2437417895870349,0.42937939065782815,1.2678317445064704,1.1965395015671936,0.0,0.0,0.0,0.0,0.9872421596821992,0.0,0.0,0.0,1.2954911377998921,0.7324552457975625,1.0332291257935449,0.0,0.0,0.0,0.0,0.0,0.5058333967771657,0.0,1.2143143091629005,1.899333271287213,1.8146083328694433,0.7695820804775946,1.4706957340922338,1.2662143086106115,1.299515206851495,1.3987142672302555,0.0,0.5693564241033593,1.486601044394986,0.6804776830566757,0.0,2.3259081079663138,1.2172959335237734
0.0,0.0,0.0,0.0,0.0,0.0,0.0,0.0,0.0,0.0,0.0,0.0,0.0,0.0,0.0,0.0,0.0,0.0,0.0,0.0,0.0,0.0,0.0,0.0,0.0,0.0,0.0,0.0,0.0,0.0,0.0,0.0,0.0,0.0,0.0,0.0,0.0,0.0,0.0,0.0,0.0,0.0,0.0,0.0,0.0,0.0,0.0,0.0,0.0,0.0,0.0,0.0,0.0,0.0,0.0,0.0,0.0,0.0,0.0,0.0,0.0,0.0,0.0,0.0,0.0,0.0,0.0,0.0,0.0,0.0,0.0,0.0,0.0,0.0,0.0,0.0,0.0,0.0,0.0,0.0,0.0,0.0,0.0,0.0,0.0,0.0,0.0,0.0,0.0,0.0,0.0,0.0,0.0,0.0,0.0,0.0,0.0,0.0,0.0,0.0
1.0528243482622457,0.0,0.0,1.5343057021792754,0.0,0.37285001962680675,1.1451704137280174,0.43778135250730754,0.0,0.0,0.8356880376637499,0.0,0.8263278433773912,0.0,0.47222535718497827,0.0,0.0,0.0,0.0,0.0,1.4257783512031335,1.6581124741588906,0.0,0.0,0.0,0.0,0.0,0.0,0.0,0.0,0.0,0.0,0.0,0.16681574073073469,0.7301162594037165,0.0,0.0,0.0,0.0,0.0,0.0,0.0,0.7980265673617063,0.0,1.488645828275817,0.0,0.0,0.0,0.0,0.0,0.0,0.0,0.0,1.2661377424215072,0.0,0.4349423858114373,0.0,0.0,0.0,0.0,0.0,0.6828042494656528,0.0,1.2359762929462903,0.0,0.0,0.954972946249769,0.0,0.0,0.0,0.0,0.0,0.0,0.0,0.0,1.0539245824824675,0.0,0.0,0.0,0.0,0.0,0.0,0.0,0.0,0.0,1.5445931703871905,0.0,2.1874822392924655,0.5280155251601699,0.0,0.6344583303970185,1.1499596274389325,0.5502598878817812,0.0,0.0,0.0,0.0,0.0,0.0,0.0
0.0,0.0,0.0,0.0,0.0,0.0,0.0,0.0,0.0,0.0,0.0,0.0,0.0,0.0,0.0,0.0,0.0,0.0,0.0,0.0,0.0,0.0,0.0,0.0,0.0,0.0,0.0,0.0,0.0,0.0,0.0,0.0,0.0,0.0,0.0,0.0,0.0,0.0,0.0,0.0,0.0,0.0,0.0,0.0,0.0,0.0,0.0,0.0,0.0,0.0,0.0,0.0,0.0,0.0,0.0,0.0,0.0,0.0,0.0,0.0,0.0,0.0,0.0,0.0,0.0,0.0,0.0,0.0,0.0,0.0,0.0,0.0,0.0,0.0,0.0,0.0,0.0,0.0,0.0,0.0,0.0,0.0,0.0,0.0,0.0,0.30861687744090016,0.0,0.0,0.0,0.0,0.0,1.052663327333624,0.0,0.0,0.0,0.0,0.0,0.0,0.0,0.0
0.0,0.0,0.0,0.0,0.0,0.0,0.0,0.0,0.0,0.0,0.0,0.0,0.0,0.0,0.0,0.0,0.0,0.0,0.0,0.0,0.0,0.0,0.0,0.0,0.0,0.0,0.0,0.0,0.0,0.0,0.0,0.0,0.0,0.0,0.0,0.0,0.0,0.0,0.0,0.0,0.0,0.0,0.0,0.0,0.0,0.0,0.0,0.0,0.0,0.0,0.0,0.0,0.0,0.0,0.0,0.0,0.0,0.0,0.0,0.0,0.0,0.0,0.0,0.0,0.0,0.0,0.0,0.0,0.0,0.0,0.0,0.0,0.0,0.0,0.0,0.0,0.0,0.0,0.0,0.0,0.0,0.0,0.0,0.0,0.0,0.0,0.0,0.0,0.0,0.0,0.0,0.0,0.0,0.0,0.0,0.0,0.0,0.0,0.0,0.0
0.0,0.0,0.0,0.0,0.0,1.5710710600093964,0.0,0.0,0.0,0.0,0.0,0.0,0.0,0.0,0.0,0.0,0.0,0.0,0.0,0.0,0.0,0.0,0.0,0.0,0.0,0.0,0.0,0.0,0.0,0.0,0.0,0.0,0.0,0.0,0.0,0.0,0.0,0.0,0.0,0.0,0.0,0.0,0.0,0.0,0.0,0.0,0.0,0.0,0.0,0.0,0.0,0.0,0.0,0.0,0.0,0.7707211169225463,0.0,0.0,0.0,0.0,0.0,0.0,0.0,0.0,0.0,0.0,0.0,0.0,0.0,0.0,0.0,0.0,0.0,0.0,0.0,0.0,0.0,0.0,0.0,0.0,0.0,0.0,0.0,0.0,0.0,0.0,0.798336414068267,1.46333374285553,0.0,0.0,0.0,0.0,0.0,0.0,0.0,0.0,0.0,0.0,0.0,0.0
0.0,0.0,0.0,0.0,0.0,0.0,0.0,0.0,0.0,0.0,0.0,0.0,0.0,0.0,0.0,0.0,0.0,0.0,0.0,0.0,0.8998202407937722,0.0,0.0,0.0,0.0,0.0,0.0,0.0,0.0,0.0,0.0,0.0,0.0,0.0,0.0,0.0,0.0,0.0,0.0,0.0,0.0,0.0,0.0,0.0,0.0,0.0,0.0,0.0,0.0,0.0,0.0,0.0,0.0,0.0,0.0,0.0,0.0,0.0,0.0,0.0,0.0,0.0,0.0,0.0,0.0,0.0,0.0,0.0,0.0,0.0,0.0,0.0,0.0,0.0,0.0,0.31073739993027527,0.0,0.0,0.0,0.0,0.0,0.0,0.0,0.0,0.0,0.0,0.0,1.6615241288831042,0.0,0.0,0.0,0.0,0.0,0.0,0.0,0.0,0.0,0.0,0.0,0.0
0.4048005992890419,0.0,0.0,0.0,0.0,0.0,0.7238242267642782,0.0,0.0,0.0,0.41434185070001045,0.0,0.0,0.0,0.0,0.0,0.0,0.0,0.0,0.0,1.1768393566895656,0.0,0.0,0.0,0.0,0.0,0.0,0.0,0.0,0.0,0.0,0.0,0.0,0.0,0.3087700724399771,0.0,0.0,0.8275197562043616,0.0,0.0,0.0,0.0,0.0,0.0,1.0672996413120779,0.0,0.0,0.0,0.0,0.0,0.0,0.0,0.0,0.8454244781836121,0.0,0.5429671368721002,0.0,0.0,0.0,0.0,0.0,0.2060176683331134,0.0,0.0,0.0,0.0,0.0,0.0,0.0,0.0,0.0,0.0,0.0,0.0,0.0,0.0,0.0,0.0,0.0,0.0,0.0,0.0,0.0,0.0,0.0,1.1747395496348985,0.0,1.8777813771848244,0.0,0.0,1.2128689146575327,1.7283702116994468,0.0,0.0,0.0,0.0,0.0,0.0,0.0,0.20861545605613052
2.4368298208529113,0.0,0.0,0.0,0.8451529421963934,0.5630947875600595,0.5159017060825983,1.821786825097973,0.0,0.0,0.20641933001833063,0.0,0.0,0.0,2.1538026153021077,2.008414572807051,0.0,0.0,0.0,0.0,0.9689168360078857,0.34273864940430787,0.0,0.0,0.0,0.0,0.0,0.0,0.0,0.0,0.0,0.0,0.0,1.5508212133214,0.1008475517582973,0.0,0.0,0.0,0.0,2.14286997029385,0.0,0.0,0.0,0.0,0.859377120630398,0.0,0.0,0.0,0.0,0.0,1.2544436060407222,0.0,0.0,0.6375019575019323,0.0,1.7372908140987224,0.0,0.0,0.0,0.0,0.0,2.2851608203140454,0.0,0.5153296139291689,1.9164728970568476,1.897291170945904,0.6681787265354502,0.0,0.0,0.0,0.0,1.2520667908022085,0.0,0.0,0.0,0.9789161264657255,0.0,1.5469126971829419,0.0,0.0,0.0,0.0,0.0,0.0,0.0,0.34199890337936145,1.6122228985582727,1.6698588565031445,0.0,0.0,1.0049463939758527,1.0860453532720853,0.0,0.0,0.0,0.0,1.3099371094961092,0.0,0.0,0.0
0.27515293025396537,0.0,0.0,1.520226434610712,0.0,0.0,0.6884391094089127,1.3627751233460952,0.0,0.0,0.0,0.0,0.8122485758088277,0.0,0.0,0.8817831178041009,0.0,0.0,0.2812241192441709,0.0,2.5017761580880493,0.0,0.0,0.0,0.0,0.6871477413968157,0.0,0.0,0.0,0.0,0.0,0.0,0.0,0.0,0.0,0.0,0.0,1.8294067512925418,0.0,0.47399803398102286,0.0,0.0,0.0,0.0,0.44412915434748246,0.0,0.0,0.0,0.0,0.0,0.0,0.0,0.0,1.2520584748529437,0.7313871608769882,0.41331946783702367,0.0,0.4121049177703943,0.36430202084962926,0.0,0.0,0.44729091421856826,0.0,1.2218970253777268,0.0,0.0,1.6019559172942772,0.0,0.0,0.0,0.0,0.0,0.0,0.0,0.0,1.7451967207746613,0.0,0.0,0.0,0.0,0.0,0.0,0.0,0.0,0.0,0.7251845850608373,0.0,0.17387665800061536,0.0,0.0,1.5594521012358062,1.469231034953561,0.0,0.0,0.0,0.0,0.0,0.0,1.1064407616680865,1.2105024511443108
1.5417860770118226,0.0,0.0,0.0,0.762430398795645,1.1862036114081054,1.6490661414129253,0.9267430812568844,0.0,0.0,0.0,0.0,0.0,0.0,2.0710800719013593,1.9256920294063022,0.6730274494771014,0.0,0.0,0.0,1.3529470998759003,1.1873383836942817,0.0,0.0,0.0,0.0,0.0,0.0,0.0,0.0,0.0,0.0,0.0,0.6557774694803116,0.0,0.0,0.0,0.0,0.0,2.060147426893101,0.0,0.0,0.0,0.0,1.992541555960725,0.0,0.0,0.0,0.0,0.0,1.1717210626399739,0.0,0.0,0.0,0.0,0.5385368810074257,0.0,0.0,0.0,0.0,0.0,1.3901170764729571,0.0,0.0,1.8337503536560993,1.8145686275451556,0.45312685908212824,0.0,0.0,0.0,0.0,1.1693442474014601,0.0,0.0,0.0,0.7638642590124035,0.0,0.828201539252713,0.0,0.0,0.0,0.0,0.0,0.0,0.0,2.2735969866740797,0.4134689654669761,1.078466294254239,0.0,0.0,1.1234200591465955,1.6389213561885096,0.0,0.0,0.0,0.0,1.2272145660953608,0.0,0.0,0.0
1.1847630300507026,0.0,0.0,0.0,0.0,0.0,0.47972189401146514,0.5697200342957643,0.0,0.0,0.0,0.0,0.0,0.0,0.0,0.7563477820048421,0.0,0.0,0.0,0.0,0.0,0.0,0.0,0.0,0.0,0.0,0.0,0.0,0.0,0.0,0.0,0.0,0.0,0.2987544225191915,0.0,0.0,0.0,0.0,0.0,0.0,0.0,0.0,0.0,0.0,0.8231973085592648,0.0,0.0,0.0,0.0,0.0,0.0,0.0,0.0,0.0,0.0,0.5668810675998941,0.0,0.0,0.0,0.0,0.0,1.033094029511837,0.0,0.0,0.0,0.0,0.0,0.0,0.0,0.0,0.0,0.0,0.0,0.0,0.0,0.0,0.0,0.0,0.0,0.0,0.0,0.0,0.0,0.0,0.0,1.1042527392726196,0.0,1.6336790444320113,0.0,0.0,0.7663970121854753,1.2818983092273895,0.0,0.0,0.0,0.0,0.0,0.0,0.0,0.0
1.420312526239966,0.0,0.0,0.0,0.0,0.0,0.0,0.8052695304850279,0.0,0.0,0.0,0.0,0.0,0.0,0.0,0.0,0.0,0.0,0.0,0.0,0.0,0.0,0.0,0.0,0.0,0.0,0.0,0.0,0.0,0.0,0.0,0.0,0.0,0.5343039187084551,0.0,0.0,0.0,0.23727710763533683,0.0,0.0,0.0,0.0,0.0,0.0,0.0,0.0,0.0,0.0,0.0,0.0,0.0,0.0,0.0,0.0,0.0,0.8024305637891577,0.0,0.0,0.0,0.0,0.0,1.2686435257011006,0.0,0.0,0.7803890301164916,0.0,0.0,0.0,0.0,0.0,0.0,0.0,0.0,0.0,0.0,0.0,0.0,0.0,0.0,0.0,0.0,0.0,0.0,0.0,0.0,0.0,0.0,0.0,0.0,0.0,0.7924347037575613,1.3079360007994754,0.0,0.0,0.0,0.0,0.0,0.0,0.0,0.0
2.0465474035405364,0.0,0.0,0.0,0.0,0.0,0.0,1.6966759211469438,0.0,0.0,0.0,0.0,0.0,0.0,0.0,1.2156839156049495,0.0,0.0,0.0,0.0,2.8760588927176975,0.0,0.0,0.0,0.0,0.0,0.8565158560710484,0.0,0.0,0.0,0.0,0.0,0.0,0.0,0.0,0.0,0.0,2.2036894859221894,0.0,0.0,0.0,0.0,0.0,0.0,1.7759116737220824,0.0,0.0,0.0,0.0,0.0,0.0,0.0,0.0,0.0,1.1056698955066362,2.1847139411235945,0.0,0.0,0.0,0.0,0.0,1.5621108471893725,0.0,0.0,0.0,0.0,1.9762386519239252,0.0,0.0,0.0,0.0,0.0,0.0,0.0,0.0,2.2869760518542006,0.0,0.0,0.0,0.0,0.0,0.0,0.0,0.0,0.0,0.2017949462014581,0.0,2.586393409594829,0.0,0.0,1.8933528990366548,0.945841396094182,0.0,0.0,0.0,0.0,0.0,0.0,1.2857262360629065,1.5847851857739585
0.0,0.0,0.0,0.0,0.0,0.0,0.0,0.0,0.0,0.0,0.0,0.0,0.0,0.0,0.0,0.0,0.0,0.0,0.0,0.0,0.0,0.0,0.0,0.27657297872591213,0.0,0.0,0.0,0.0,0.0,0.0,0.0,0.0,0.0,0.0,0.0,0.0,0.0,0.0,0.0,0.44813111459441457,0.0,0.0,0.0,0.0,0.0,0.0,0.0,0.0,0.0,0.0,0.0,0.0,0.0,0.0,0.0,0.0,0.0,0.0,0.0,0.0,0.0,0.0,0.0,0.0,0.9150199176787539,0.0,0.0,0.0,0.0,0.0,0.0,0.0,0.0,0.0,0.0,0.0,0.0,0.0,0.0,0.0,0.0,0.0,0.0,0.0,0.0,0.0,0.0,1.0729339598564027,0.0,0.0,0.0,0.0,0.0,0.0,0.0,0.0,0.0,0.0,0.0,0.0
0.0,0.0,0.0,0.0,0.0,0.0,0.0,0.0,0.0,0.0,0.0,0.0,0.0,0.0,0.0,0.0,0.0,0.0,0.0,0.0,0.0,0.0,0.0,0.0,0.0,0.0,0.0,0.0,0.0,0.0,0.0,0.0,0.0,0.0,0.0,0.0,0.0,0.0,0.0,0.0,0.0,0.0,0.0,0.0,0.0,0.0,0.0,0.0,0.0,0.0,0.0,0.0,0.0,0.0,0.0,0.0,0.0,0.0,0.0,0.0,0.0,0.0,0.0,0.0,0.0,0.0,0.0,0.0,0.0,0.0,0.0,0.0,0.0,0.0,0.0,0.0,0.0,0.0,0.0,0.0,0.0,0.0,0.0,0.0,0.0,0.0,0.0,0.0,0.0,0.0,0.0,0.0,0.0,0.0,0.0,0.0,0.0,0.0,0.0,0.0
1.9777820496234377,0.0,0.0,1.3246812590201569,0.0,0.12964238056279787,0.37081713432365104,1.627910567229845,0.0,0.0,0.5782191120461838,0.0,0.0,0.0,1.5697200473059092,1.1469185616878508,0.0,0.0,0.5463595631279209,0.0,1.3407166180357388,0.0,0.0,0.0,0.0,0.0,0.0,0.0,0.0,0.0,0.0,0.0,0.0,0.0,0.4726473337861504,0.0,0.0,2.0945421951762917,0.0,0.0,0.0,0.0,0.0,0.0,0.7142925488714507,0.0,0.0,0.0,0.0,0.0,0.0,0.0,0.0,1.0093017395297854,0.9965226047607381,0.5215818907404595,0.0,0.0,0.0,0.0,0.0,0.7124263581023182,0.0,0.0,0.0,0.0,1.867091361178027,0.0,0.0,0.0,0.0,0.0,0.0,0.0,0.0,1.5496515451841062,0.0,0.0,0.0,0.0,0.0,0.0,0.0,0.0,0.0,0.5422370535538809,0.0,1.524774284744197,0.0,0.0,1.376746176003706,1.286283503446605,0.0,0.0,0.0,0.7541457985974235,0.0,0.0,1.5934528621687514,1.4756378950280604
0.0,0.0,0.0,0.0,0.0,0.0,0.0,0.0,0.0,0.0,0.0,0.0,0.0,0.0,0.0,0.0,0.0,0.0,0.0,0.0,0.0,0.0,0.0,0.0,0.0,0.0,0.0,0.0,0.0,0.0,0.0,0.0,0.0,0.0,0.0,0.0,0.0,0.0,0.0,0.0,0.0,0.0,0.0,0.0,0.0,0.0,0.0,0.0,0.0,0.0,0.0,0.0,0.0,0.0,0.0,0.0,0.0,0.0,0.0,0.0,0.0,0.0,0.0,0.0,0.0,0.0,0.0,0.0,0.0,0.0,0.0,0.0,0.0,0.0,0.0,0.0,0.0,0.0,0.0,0.0,0.0,0.0,0.0,0.0,0.0,0.0,0.0,0.0,0.0,0.0,0.0,0.0,0.0,0.0,0.0,0.0,0.0,0.0,0.0,0.0
1.0666763294902009,0.0,0.0,1.5301132928263845,1.4583600236597627,1.0906785944771524,1.3687463973925689,1.1571957204443521,0.9628066078444444,1.072205188823147,1.0526329564519241,0.0,1.4424008255785878,0.0,1.19417039058641,1.6037448008208304,1.2571779300589057,0.0,1.1290373628996395,1.4172431011491233,1.9126250128228022,1.5918454440018583,0.0,1.0689553545862767,0.42427901685428376,1.5197362831287542,1.2445767412869293,1.6146586893585746,0.0,0.0,1.450256416862994,0.0,0.0,1.6605030090851627,1.4706312582655472,0.0,0.6936486736457497,1.580383537754488,0.0,1.9172657512265388,0.0,0.0,0.0,0.0,1.7122218119403685,0.0,0.8536778518045729,0.9866368227541154,0.990160772054941,0.0,1.8676506875040915,0.739365899386084,0.0,1.4837155839355258,1.493730780722517,1.2048428670732592,0.0,0.9096646831035551,0.0,0.0,0.0,1.1947640557135204,0.0,0.9300553906824022,1.6615198975011862,1.6423381713902425,1.1371298373210321,1.4639604635295975,0.0,0.0,0.0,1.3617485865659713,1.343106430119151,0.9152273582401858,1.4691346366321243,1.4478672372513075,0.0,1.4123520198345174,0.0,0.0,1.4002916601437307,0.0,0.0,1.0204632945469072,0.0,1.1170223044416439,2.225429980021642,1.3685138784025885,1.1440885073613667,0.9308929204788434,1.3538726983340632,1.5892221690171677,1.7732206941140278,0.0,0.9438628509871314,1.2219356943875626,1.0549841099404478,0.0,1.6737871212787874,1.0293185936063078
0.9444683108234532,0.0,0.0,0.7913420937847843,1.4534515868276845,0.7726080507055415,1.2516118451099247,0.5052806689024116,0.0,1.4462084474472365,0.9421294690456571,1.170773668814019,0.8274633176699531,1.2577206533657272,1.0363808820705365,2.118168418296325,0.5099939190477164,0.0,1.517609419736395,1.2307656641267255,1.704626975035212,1.0243048532648968,0.8958274966646107,0.6207838671025699,0.0,0.702362483257941,0.0,1.3594335836868203,0.0,0.0,0.9283717090666221,1.9236705779471204,0.0,1.3974891522607982,0.8365576907856237,0.38906013441202725,0.0,1.5481288487152516,0.7755255236912734,0.7923420029710724,0.0,0.0,0.0,0.0,0.976413831649364,0.0,0.0,2.7721245588775396,0.0,0.9069029132626744,1.8627422506720133,0.0,0.0,1.2672732167140692,1.9677724613692122,0.922659242326351,0.0,0.5597627190795853,0.0,1.2186749949420734,0.0,0.9686546641184843,0.0,0.6844796822619957,0.8089839915623263,0.7898022654513825,1.1948385418626148,1.4995371507905841,0.0,0.0,0.7417116827804866,1.4824455179977272,0.0,0.0,0.3442108883766578,1.0163123799487335,1.0536435176999133,0.665168008823328,0.0,0.0,0.0,0.0,0.0,0.0,0.0,0.9930965597028959,1.1551806482474627,0.34918368133591415,1.5180917659854563,1.7918840059945844,0.7019576467921226,1.2174589438340366,0.4037525239312851,0.0,1.317866109611221,0.22080663336205078,0.2024482040015878,0.0,0.9023836706656175,1.7081526068467148
0.0,0.0,0.0,0.12982163268265368,0.0,0.6462853399620234,0.0,0.0,0.0,0.0,0.0,0.0,0.0,0.0,0.0,0.0,0.0,0.0,0.0,0.0,0.0,0.0,0.0,0.0,0.0,0.0,0.0,0.0,0.0,0.0,0.0,0.0,0.0,0.0,0.0,0.0,0.0,0.0,0.0,0.0,0.0,0.0,0.0,0.0,0.0,0.0,0.0,0.0,0.0,0.0,0.0,0.0,0.0,0.0,0.0,0.0,0.0,0.0,0.0,0.0,0.0,0.0,0.0,0.0,0.0,0.0,0.0,0.0,0.0,0.0,0.0,0.0,0.0,0.0,0.0,0.3547919188466029,0.0,0.0,0.0,0.0,0.0,0.0,0.0,0.0,0.0,0.0,0.0,0.0,0.0,0.0,0.3886712958623362,0.9041725929042502,0.0,0.0,0.0,0.0,0.0,0.0,0.0,0.0
0.521088488580395,0.0,0.0,0.6071583653737982,0.0,0.3475457387134121,1.570797300670859,2.251080030778969,0.0,0.0,1.2613149246065916,0.0,0.3834499870017133,0.0,1.4802711244217823,1.7700880252369748,0.0,0.0,1.1695290266770448,0.0,0.18022255154717426,0.18019995521988674,0.0,1.7169251449271092,1.931758516977971,0.2789826610148829,2.3540922741684094,0.8436290208711875,0.0,0.0,0.0,0.0,0.0,0.0,1.1557431463465582,0.0,0.0,0.8954643314639219,0.0,0.0,0.0,0.36079167489151454,0.684557441274176,0.0,0.5530340094063059,0.0,0.0,0.0,1.0306524358323466,0.0,0.0,0.0,0.0,0.8232598860458293,1.6196920683098621,0.6592550261634533,1.232145852442632,1.6612340563698633,0.0,0.0,0.0,0.7190085615527528,0.0,0.7930984365706124,1.7108396036172993,1.6916578775063555,1.0093620093587334,0.8469730739065809,0.0,0.0,0.0,0.0,0.0,1.4975764180973612,0.0,0.8321286515377474,0.0,1.5557529870597073,0.0,0.0,1.4407833239211363,0.0,0.0,0.0,0.0,0.8340894401196607,2.4899942915746225,0.9419264396365062,1.1392514501493147,2.438372420602531,0.5563420504771692,1.0718433475190832,0.0,0.0,0.0,2.72941519451125,1.1043038160565608,0.0,0.6982756812861538,0.5535630994455403
0.5996349530094749,0.0,0.38091907525934776,0.4386604018439215,0.9913186471790367,0.9076940558057438,0.9017050209118428,0.731420698899796,0.0,0.9085870673683222,0.5855915799711982,0.0,1.2787827041237634,0.6895548533589905,0.7271290141056842,1.2625549849788436,1.9759447448616112,0.0,0.6619959864189134,0.6302437805544767,1.4455836363420762,2.4902556790787918,1.672528933605938,0.6019139781055507,0.0,1.21838054113406,1.267168199384179,3.252351211815643,0.0,0.0,1.2866382954081692,2.7003720148884476,0.5537129519786611,1.4968848876303382,1.003589881784821,0.0,0.0,1.758891106988209,0.0,1.1936300870103507,0.0,0.0,0.0,0.0,1.2451804354596425,0.0,0.38663647532384693,0.5195954462733894,0.523119395574215,0.0,1.4006093110233655,0.272324522905358,0.0,1.0166742074547999,1.0476005720267076,0.2600273254050641,0.0,0.8863123620230587,0.0,1.9953764318834006,1.0978897088436779,0.8280627813933108,0.0,0.4630140142016762,0.8675528138036784,0.5188006192338801,0.9425613836859799,0.9313713507838475,0.0,0.0,0.0,1.1981304651111466,0.0,0.8691443069806278,0.0,0.6636306880078707,1.8303449546412405,1.0482199468015758,0.0,0.0,0.9332502836630048,0.0,0.0,0.5534219180661812,0.0,0.7716308916425764,0.13495940986461452,0.7999567386518774,0.980470385906542,2.5685854429359116,0.9280976767895069,1.0050310128337958,1.609602572659203,0.0,0.7802447295323067,2.584490753238664,0.8913659884856231,0.0,0.19402859311095844,1.1399868068399779
0.0,0.0,0.0,0.0,0.0,0.0,0.34828310284566155,0.0,0.0,0.0,0.5557397419786733,0.0,0.0,0.0,0.0,0.0,0.0,0.0,0.0,0.0,0.892161718275895,0.0,0.0,0.0,0.0,0.0,0.0,0.0,0.0,0.0,0.0,0.0,0.0,0.0,0.4501679637186399,0.0,0.0,0.0,0.0,0.0,0.0,0.0,0.0,0.0,0.6917585173934612,0.0,0.0,0.0,0.0,0.0,0.0,0.0,0.0,0.9868223694622749,0.0,0.0,0.0,0.0,0.0,0.0,0.0,0.0,0.0,0.0,0.0,0.0,0.0,0.0,0.0,0.0,0.0,0.0,0.0,0.0,0.0,0.0,0.0,0.0,0.0,0.0,0.0,0.0,0.0,0.0,0.0,0.972813948106816,0.0,1.5022402532662076,0.0,0.0,1.3542668059361955,1.71686039799954,0.0,0.0,0.0,0.0,0.0,0.0,0.0,0.0
0.6486917904502262,0.0,0.0,1.1471429328429976,1.2311500929951138,0.8541911946730166,0.9018988568813187,0.6508212804990087,0.4564321678991009,0.5039778875156358,0.47499432813337317,0.0,0.874173524271077,0.0,1.0802094366236634,1.097370360875487,0.11952412230008469,0.0,0.6547629794404317,0.91086866120378,1.354913986806606,0.633835056517265,0.0,1.1341461802312218,0.0,1.0133618431834108,0.7382023013415858,0.0,0.0,0.24587253674806941,0.8820291155554828,0.40731296092718017,0.0,1.092275707777652,0.4868447025570176,0.0,0.1872742337004062,1.0740090978091446,0.0,0.8475368941772836,0.0,0.0,0.0,0.0,0.8176680145437433,0.0,0.0,1.1225533496899462,0.6071904120715543,0.5682857420604195,0.18085042736227774,0.0,0.0,0.9060769556169748,0.9873563407771736,0.5321894455787193,0.0,0.4032902431582116,0.7378408810458901,0.0,0.0,0.3527621826453421,0.0,0.9013267647278892,1.0932925961936752,1.0741108700827313,0.7028092792585892,0.9320698704232016,0.3859971507987203,0.3735388601962608,0.0,0.7935212852584603,0.8367319901738077,1.074114394336569,0.9627601966867808,1.0135466791888645,0.0,0.27469821207569634,0.0,0.0,1.017321300160344,0.0,0.0,0.0,0.0,0.7279960541780818,1.8724472841509985,0.5474155181968762,0.5758612060538557,0.0,0.6369981750771186,1.1057943324277562,1.2049933928065166,0.0,0.3756355496796203,0.0,0.4867568086329367,0.0,1.1674126813334438,1.140685326479332
0.0,0.0,0.0,0.0,0.0,0.0,0.0,0.0,0.0,0.0,0.0,0.0,0.0,0.0,0.0,0.0,0.0,0.0,0.0,0.0,0.0,0.0,0.0,0.0,0.0,0.0,0.0,0.0,0.0,0.0,0.0,0.0,0.0,0.0,0.0,0.0,0.0,0.0,0.0,0.0,0.0,0.0,0.0,0.0,0.0,0.0,0.0,0.0,0.0,0.0,0.0,0.0,0.0,0.0,0.0,0.0,0.0,0.0,0.0,0.0,0.0,0.0,0.0,0.0,0.0,0.0,0.0,0.0,0.0,0.0,0.0,0.0,0.0,0.0,0.0,0.0,0.0,0.0,0.0,0.0,0.0,0.0,0.0,0.0,0.0,0.0,0.0,0.0,0.0,0.0,0.0,0.744046449892724,0.0,0.0,0.0,0.0,0.0,0.0,0.0,0.0
0.0,0.0,0.0,0.0,0.0,0.7727346459411293,0.0,0.0,0.0,0.0,0.0,0.0,0.0,0.0,0.0,0.0,0.0,0.0,0.0,0.0,0.0,0.0,0.0,0.0,0.0,0.0,0.0,0.0,0.0,0.0,0.0,0.0,0.0,0.0,0.0,0.0,0.0,0.0,0.0,0.0,0.0,0.0,0.0,0.0,0.0,0.0,0.0,0.0,0.0,0.0,0.0,0.0,0.0,0.0,0.0,0.12506791554044963,0.0,0.0,0.0,0.0,0.0,0.0,0.0,0.0,0.0,0.0,0.0,0.0,0.0,0.0,0.0,0.0,0.0,0.0,0.0,0.0,0.0,0.0,0.0,0.0,0.0,0.0,0.0,0.0,0.0,0.0,0.0,0.6649973287872629,0.0,0.0,0.0,0.0,0.0,0.0,0.0,0.0,0.0,0.0,0.0,0.0
0.0,0.0,0.0,0.0,0.0,0.0,0.0,0.0,0.0,0.0,0.0,0.0,0.0,0.0,0.0,0.0,0.0,0.0,0.0,0.0,0.0,0.0,0.0,0.0,0.0,0.0,0.0,0.0,0.0,0.0,0.0,0.0,0.0,0.0,0.0,0.0,0.0,0.0,0.0,0.0,0.0,0.0,0.0,0.0,0.0,0.0,0.0,0.0,0.0,0.0,0.0,0.0,0.0,0.0,0.0,0.0,0.0,0.0,0.0,0.0,0.0,0.0,0.0,0.0,0.0,0.0,0.0,0.0,0.0,0.0,0.0,0.0,0.0,0.0,0.0,0.0,0.0,0.0,0.0,0.0,0.0,0.0,0.0,0.0,0.0,0.0,0.0,0.0,0.0,0.0,0.0,0.0,0.0,0.0,0.0,0.0,0.0,0.0,0.0,0.0
0.0,0.0,0.0,1.0062901770191055,0.0,0.0,0.0,0.0,0.0,0.0,0.0,0.0,0.29831231821722126,0.0,0.8110206472523923,0.0,0.0,0.0,0.0,0.0,1.3267776618833713,0.0,0.0,0.0,0.0,0.0,0.0,0.0,0.0,0.0,0.0,0.0,0.0,0.0,0.0,0.0,0.0,0.0,0.0,0.0,0.0,0.0,0.0,0.0,0.0,0.0,0.0,0.0,0.0,0.0,0.0,0.0,0.0,0.7381222172613373,0.0,0.0,0.0,0.0,0.0,0.0,0.0,0.0,0.0,0.7079607677861204,0.0,0.0,0.4269574210895991,0.0,0.0,0.0,0.0,0.0,0.0,0.0,0.0,0.5259090573222974,0.0,0.0,0.0,0.0,0.0,0.0,0.0,0.0,0.0,1.0165776452270205,0.0,2.088481549972703,0.0,0.0,0.0,1.7606240951197445,0.0,0.0,0.0,0.0,0.0,0.0,0.0,0.0
0.0,0.0,0.0,0.8615782343314526,0.0,0.0,1.0470828914979773,0.0,0.0,0.0,0.7376005154337096,0.0,0.0,0.0,1.1066170226172047,0.0,0.0,0.0,0.0,0.0,1.5000980214232646,0.0,0.0,0.0,0.0,0.0,0.0,0.6837657688797311,0.0,0.0,0.0,0.0,0.0,0.0,0.6320287371736762,0.0,0.0,1.5662526027561199,0.0,0.0,0.0,0.0,0.0,0.0,1.390558306045777,0.0,0.0,0.0,0.0,0.0,0.0,0.0,0.0,1.1686831429173112,0.0,0.0,0.0,1.5013708043784069,0.0,0.0,0.0,0.0,0.0,1.1311137768084074,0.0,0.0,0.0,0.0,0.0,0.0,0.0,0.0,0.0,0.0,0.0,0.670618886106417,0.0,0.0,0.0,0.0,0.0,0.0,0.0,0.0,0.0,0.43794465351235434,0.0,2.201040041918523,0.0,0.0,1.536127579391232,1.1819911034050783,0.0,0.0,0.0,0.29104277390871913,0.0,0.0,1.130349837480047,0.0
0.0,0.0,0.0,0.0,0.0,0.0,0.0,0.0,0.0,0.0,0.0,0.0,0.0,0.0,0.0,0.0,0.0,0.0,0.0,0.0,0.0,0.0,0.0,0.0,0.0,0.0,0.0,0.0,0.0,0.0,0.0,0.0,0.0,0.0,0.0,0.0,0.0,0.0,0.0,0.0,0.0,0.0,0.0,0.0,0.0,0.0,0.0,0.0,0.0,0.0,0.0,0.0,0.0,0.0,0.0,0.0,0.0,0.0,0.0,0.0,0.0,0.0,0.0,0.0,0.0,0.0,0.0,0.0,0.0,0.0,0.0,0.0,0.0,0.0,0.0,0.0,0.0,0.0,0.0,0.0,0.0,0.0,0.0,0.0,0.0,0.0,0.0,0.0,0.0,0.0,0.0,0.515501297041914,0.0,0.0,0.0,0.0,0.0,0.0,0.0,0.0
0.0,0.0,0.0,0.0,0.0,0.0,0.0,0.0,0.0,0.0,0.0,0.0,0.0,0.0,0.0,0.0,0.0,0.0,0.0,0.0,0.0,0.0,0.0,0.0,0.0,0.0,0.0,0.0,0.0,0.0,0.0,0.0,0.0,0.0,0.0,0.0,0.0,0.0,0.0,0.0,0.0,0.0,0.0,0.0,0.0,0.0,0.0,0.0,0.0,0.0,0.0,0.0,0.0,0.0,0.0,0.0,0.0,0.0,0.0,0.0,0.0,0.0,0.0,0.0,0.0,0.0,0.0,0.0,0.0,0.0,0.0,0.0,0.0,0.0,0.0,0.0,0.0,0.0,0.0,0.0,0.0,0.0,0.0,0.0,0.0,0.0,0.0,0.0,0.0,0.0,0.0,0.0,0.0,0.0,0.0,0.0,0.0,0.0,0.0,0.0
0.0,0.0,0.0,0.0,0.0,0.0,0.0,0.0,0.0,0.0,0.0,0.0,0.0,0.0,0.0,0.0,0.0,0.0,0.0,0.0,0.0,0.0,0.0,0.0,0.0,0.0,0.0,0.0,0.0,0.0,0.0,0.0,0.0,0.0,0.0,0.0,0.0,0.0,0.0,0.0,0.0,0.0,0.0,0.0,0.0,0.0,0.0,0.0,0.0,0.0,0.0,0.0,0.0,0.0,0.0,0.0,0.0,0.0,0.0,0.0,0.0,0.0,0.0,0.0,0.0,0.0,0.0,0.0,0.0,0.0,0.0,0.0,0.0,0.0,0.0,0.0,0.0,0.0,0.0,0.0,0.0,0.0,0.0,0.0,0.0,0.0,0.0,0.0,0.0,0.0,0.0,0.0,0.0,0.0,0.0,0.0,0.0,0.0,0.0,0.0
1.154626457321588,0.0,0.0,2.0809326550145313,0.880738822817584,1.3045120354300443,1.1689229012757623,1.0450515052788234,0.0,1.1673747421644376,1.1641677087325566,0.0,0.0,0.0,1.1273880957442208,1.445548789269139,0.7913358734990403,0.0,0.0,0.0,1.4712555238978395,1.3056468077162207,0.0,0.0,0.0,0.0,0.0,0.0,0.0,0.0,1.5454259702042847,0.6074253393765896,0.0,0.7740858935022505,1.0585959304725232,0.0,0.0,1.5773456142369078,0.0,1.1164554507359625,0.0,0.0,0.0,0.0,1.5123983158235619,0.0,0.0,1.4558793203070088,0.0,0.0,0.22802908648283526,0.0,0.0,1.5952503362161583,0.0,0.6568453050293647,0.0,0.0,0.0,0.0,0.0,0.4282961912153181,0.0,0.0,0.8637651259601661,1.9328770515670946,0.5714352831040672,0.7498258580325461,0.0,0.0,0.11830842402193897,0.689201007264297,0.0,0.0,0.0,0.8821726830343425,0.0,0.5204981776250548,0.0,0.0,0.0,0.0,0.0,0.0,0.0,1.7934537465369167,0.5317773894889151,1.196774718276178,0.0,0.0,1.2417284831685345,1.7572297802104484,1.8683902474553182,0.0,0.0,0.0,1.3455229901172998,0.0,0.5432532066198121,0.9584413140886766
0.8434019938592252,0.0,0.0,1.0419002506861093,0.0,2.2695463804125073,0.897607629590305,0.5001809066175412,0.0,0.12834233783601548,0.0,0.0,0.4985379745914566,0.0,1.0112463036266277,1.174233517583682,0.0,0.0,0.0,0.0,1.5270033182576066,0.0,0.0,0.7585106305516014,0.0,0.0,0.0,0.0,0.0,0.0,0.5063935658758625,0.0,0.0,0.7166401580980315,0.0,0.0,0.0,0.0,0.0,0.0,0.0,0.0,0.0,0.0,1.2410830441381047,0.0,0.0,0.0,0.0,0.0,0.0,0.0,0.0,0.9383478736355726,0.0,0.8397266872630605,0.0,0.0,0.0,0.0,0.0,0.9635549018336138,0.0,0.9081864241603557,0.7176570465140548,0.6984753204031111,0.6271830774638345,0.0,0.0,0.0,0.0,0.41788573557883996,0.0,0.0,0.0,0.7261347136965328,0.0,0.0,0.0,0.0,0.0,0.0,0.0,0.0,0.0,1.2168033016012558,1.496811734471378,1.554871611682092,0.20022565637423534,0.0,0.6968578845072522,0.7301587827481358,0.8293578431268962,0.0,0.0,0.0,0.11112125895331637,0.0,0.0,0.0
0.0,0.0,0.0,0.5705354604227335,0.0,0.0,0.0,0.0,0.0,0.0,0.0,0.0,0.0,0.0,0.8155742487084856,0.0,0.0,0.0,0.0,0.0,0.0,0.0,0.0,0.0,0.0,0.0,0.0,0.0,0.0,0.0,0.0,0.0,0.0,0.0,0.0,0.0,0.0,0.0,0.0,0.0,0.0,0.0,0.0,0.0,0.0,0.0,0.0,0.0,0.0,0.0,0.0,0.0,0.0,0.0,0.0,0.0,0.0,0.0,0.0,0.0,0.0,0.0,0.0,0.0,0.0,0.0,0.0,0.0,0.0,0.0,0.0,0.0,0.0,0.0,0.0,0.7955057465866827,0.0,0.0,0.0,0.0,0.0,0.0,0.0,0.0,0.0,0.0,0.0,0.0,0.0,0.0,0.0,0.0,0.0,0.0,0.0,0.0,0.0,0.0,0.8393070635713279,0.0
0.0,0.0,0.0,0.0,0.0,2.158425121459191,0.0,0.0,0.0,0.0,0.0,0.0,0.0,0.0,0.0,0.0,0.0,0.0,0.0,0.0,0.0,0.0,0.0,0.0,0.0,0.0,0.0,0.0,0.0,0.0,0.0,0.0,0.0,0.0,0.0,0.0,0.0,0.0,0.0,0.0,0.0,0.0,0.0,0.0,0.0,0.0,0.0,0.0,0.0,0.0,0.0,0.0,0.0,0.0,0.0,0.7286054283097442,0.0,0.0,0.0,0.0,0.0,0.0,0.0,0.0,0.6065357875607384,0.5873540614497947,0.0,0.0,0.0,0.0,0.0,0.0,0.0,0.0,0.0,0.0,0.0,0.0,0.0,0.0,0.0,0.0,0.0,0.0,0.0,0.0,1.3856904755180617,2.0506878043053245,0.0,0.0,0.0,0.0,0.0,0.0,0.0,0.0,0.0,0.0,0.0,0.0
1.6833876090824214,0.0,0.0,0.987259852606641,0.0,0.7523311050364802,0.9382243664188137,1.0683446133274832,0.0,1.0504466458313368,0.863282133708898,0.1869527298480107,0.9771716475279826,0.0,1.0122547482714068,1.0245116997003316,0.0,0.0,0.4239527011404016,0.0,1.625779639698453,0.0,0.0,0.0,0.0,0.0,0.0,0.3756126447208121,0.0,0.0,1.428497873871184,0.49049724304348885,0.0,0.7973790015509103,0.7577103554488646,0.0,0.0,1.101509934515708,0.0,0.2930464444675719,0.0,0.0,0.0,0.0,0.3091606674131627,0.0,0.0,1.338951223973908,0.0,0.0,0.0,0.0,0.0,1.2943647611924995,0.8741157427732189,1.065505646631613,0.0,1.193217680219488,0.0,0.0,0.0,0.590019496114799,0.0,0.8229606526494886,0.5774506755267501,0.0,1.3174991207335855,0.0,0.0,0.0,0.0,0.49862457903171886,0.8642328268803711,0.0,0.0,0.37865235062581915,0.6226887244736823,0.0,0.0,0.0,0.0,0.0,0.0,0.0,0.0,0.5636262717875427,0.0,1.1196424032859091,0.8905416996439864,0.1256816182751883,1.2650215912171943,1.3076727216802666,0.7848400611185185,0.0,0.0,0.41672439218390744,0.0,0.0,1.2560314557552354,1.3532310330405415
0.0,0.0,0.0,0.0,0.0,0.0,0.0,0.0,0.0,0.0,0.0,0.0,0.0,0.0,0.0,0.0,0.0,0.0,0.0,0.0,0.0,0.0,0.0,0.0,0.0,0.0,0.0,0.0,0.0,0.0,0.0,0.0,0.0,0.0,0.0,0.0,0.0,0.0,0.0,0.0,0.0,0.0,0.0,0.0,0.0,0.0,0.0,0.0,0.0,0.0,0.0,0.0,0.0,0.0,0.0,0.0,0.0,0.0,0.0,0.0,0.0,0.0,0.0,0.0,0.0,0.0,0.0,0.0,0.0,0.0,0.0,0.0,0.0,0.0,0.0,0.0,0.0,0.0,0.0,0.0,0.0,0.0,0.0,0.0,0.0,0.0,0.0,0.0,0.0,0.0,0.0,0.0,0.0,0.0,0.0,0.0,0.0,0.0,0.0,0.0
0.0,0.0,0.0,0.0,0.0,0.0,0.0,0.0,0.0,0.0,0.0,0.0,0.0,0.0,0.0,0.0,0.0,0.0,0.0,0.0,0.0,0.0,0.0,0.0,0.0,0.0,0.0,0.0,0.0,0.0,0.0,0.0,0.0,0.0,0.0,0.0,0.0,0.6189043001482311,0.0,0.0,0.0,0.0,0.0,0.0,0.0,0.0,0.0,0.0,0.0,0.0,0.0,0.0,0.0,0.0,0.0,0.0,0.0,0.0,0.0,0.0,0.0,0.16544546210721256,0.0,0.0,0.0,0.0,0.0,0.0,0.0,0.0,0.0,0.0,0.0,0.0,0.0,0.0,0.0,0.0,0.0,0.0,0.0,0.0,0.0,0.0,0.0,0.0,0.0,0.0,0.0,0.0,1.1740618962704557,1.6895631933123698,0.0,0.0,0.0,0.0,0.0,0.0,0.0,0.0
