0.0,0.0,-0.46763408184051514,0.0,0.0,0.0,0.0,0.4504970908164978,0.18591345846652985,0.0,0.0,0.0,0.0,-0.4505613148212433,-0.18676552176475525,-0.4087705612182617,0.13436202704906464,0.4441739320755005,0.0,-0.11046677827835083,0.0,0.0,0.0,0.19774574041366577,-0.4756065905094147,0.23426538705825806,0.0,0.0,0.0,0.0,0.0,0.0,0.0,0.0,0.0,0.0,0.0,0.33661699295043945,0.0,0.0,0.0,0.0,-0.16613498330116272,0.0,0.18057194352149963,0.0,0.28075915575027466,0.17046986520290375,0.0,0.0,0.0,0.0,0.0,0.0,0.0,0.12967269122600555,0.4341154098510742,0.1336173713207245,0.0,0.0,0.0,-0.11276552826166153,-0.1467927098274231,0.0,0.0,0.0,0.0,0.0,0.11179962009191513,0.0,0.0,0.0,0.0,0.0,0.0,0.0,0.0,0.0,0.15009211003780365,0.20599448680877686,-0.21980027854442596,0.0,0.0,0.0,0.0,0.0,0.17766456305980682,0.0,0.0,0.0,0.0,0.0,0.0,-0.23185274004936218,0.0,-0.28714752197265625,0.0,0.0,-0.3535919189453125,0.0
0.0,0.0,0.0,0.0,0.0,0.0,0.0,0.20613260567188263,-0.9045615196228027,0.0,0.0,0.0,0.0,-0.9037975072860718,0.0,0.0,0.0,0.627062976360321,0.31702709197998047,0.0,0.31052011251449585,0.0,0.0,0.0,-0.7332011461257935,0.0,0.0,-0.20966483652591705,0.0,0.11132535338401794,0.0,0.0,-0.19602741301059723,0.0,0.17394280433654785,0.0,0.0,0.0,0.0,0.0,0.0,0.0,0.0,0.17867439985275269,0.0,-0.14846813678741455,0.49662888050079346,0.0,0.0,0.0,0.0,0.0,-0.23218867182731628,0.0,0.5333232283592224,0.5478833913803101,0.0,-0.4903745651245117,0.0,0.0,0.0,0.0,0.0,0.0,0.0,0.0,0.0,-0.2888842821121216,0.33821335434913635,0.0,0.0,0.0,0.0,0.0,0.0,0.0,0.0,0.0,0.12905840575695038,-0.1502712517976761,0.23062720894813538,0.0,0.0,0.0,0.0,0.0,0.0,0.0,0.0,0.0,0.0,-0.1804496794939041,0.0,-0.20532114803791046,-0.4006307125091553,0.0,0.0,0.0,0.0,0.0
0.0,0.0,0.0,0.0,0.0,0.0,0.0,0.0,0.0,0.0,0.0,0.0,0.0,0.2210509479045868,0.0,0.4091467559337616,0.0,-0.1977085918188095,0.0,0.0,0.0,0.0,0.0,0.0,0.0,0.0,0.0,0.0,0.0,0.0,0.0,0.0,0.0,0.0,0.16834697127342224,0.0,0.0,0.0,0.0,0.0,0.0,0.0,0.0,0.0,0.0,0.0,0.0,0.0,0.0,0.0,0.0,0.0,0.0,0.0,0.0,0.0,0.0,0.0,0.0,0.0,0.0,0.0,0.0,0.0,0.0,0.0,0.0,-0.1896291971206665,0.0,0.0,0.0,0.0,0.0,0.0,0.0,0.0,0.0,0.0,0.0,0.0,0.3067414164543152,0.0,0.0,0.0,0.0,0.0,0.0,0.0,0.0,0.0,0.0,0.0,0.0,0.0,0.0,0.0,0.0,0.0,0.0,0.0
-0.11137491464614868,0.0,0.2958756387233734,0.0,0.0,0.0,-0.30596357583999634,-0.2568802833557129,0.3682110905647278,0.0,0.0,0.0,0.0,0.25107550621032715,0.0,-0.5897111892700195,0.5553185343742371,-0.4095030128955841,0.0,0.0,0.43692243099212646,0.0,0.0,0.49520525336265564,-0.3084251582622528,0.8265944123268127,0.0,0.0,0.37749621272087097,0.22983510792255402,0.0,0.0,0.7353383302688599,0.0,0.7076708674430847,0.0,0.0,-0.20455482602119446,0.0,0.0,0.0,0.0,0.0,0.0,-0.4800805449485779,0.5488464832305908,0.3843907117843628,0.0,0.0,0.0,0.0,-0.21228182315826416,0.13409359753131866,0.0,-0.7826829552650452,-0.5351896286010742,-0.2213936597108841,0.30291879177093506,0.0,0.0,0.0,0.0,0.0,0.0,0.0,0.0,0.0,-1.3965368270874023,-0.656760036945343,0.0,0.0,0.0,0.3111867904663086,0.0,0.0,0.0,0.0,-0.17680084705352783,0.0,0.27819931507110596,-0.28999099135398865,0.0,0.0,0.0,0.0,0.1729724258184433,-0.2652796506881714,0.0,0.0,0.0,0.0,0.28970250487327576,0.0,0.0,0.0,-0.7912877798080444,0.0,0.10994014889001846,0.0,0.0
0.0,0.0,0.0,0.0,0.0,0.0,0.0,0.0,0.0,0.0,0.0,0.0,0.0,0.0,0.0,0.0,0.0,0.0,0.0,0.7095187902450562,0.0,0.0,0.0,0.0,-0.24826259911060333,-0.15438000857830048,0.0,0.0,0.0,0.0,0.0,0.0,0.0,0.0,0.231980100274086,0.0,0.0,0.0,0.0,0.0,0.0,0.0,0.0,0.0,0.0,0.0,0.0,0.0,0.0,0.0,0.0,0.0,0.0,0.0,0.4267417788505554,-0.14447513222694397,0.0,0.0,0.0,0.0,0.0,0.0,0.0,0.0,0.0,0.0,0.0,0.8865575790405273,0.11344945430755615,0.0,0.0,0.0,0.0,0.0,0.0,0.0,0.0,0.0,0.0,0.0,0.0,0.0,0.0,0.0,0.0,0.0,0.0,0.0,0.6920257806777954,0.0,0.0,0.0,0.0,0.0,0.0,0.0,0.0,0.0,0.0,0.0
0.23569536209106445,0.0,0.5029128789901733,0.0,-0.19922639429569244,0.0,0.7886186838150024,-0.8095220923423767,-0.4604323208332062,0.0,0.0,0.0,0.0,-1.1040998697280884,0.3904753029346466,0.9130646586418152,-0.6874054670333862,1.4150465726852417,0.3027065396308899,-0.28538691997528076,-0.3630637228488922,0.0,0.0,0.3825802505016327,0.0,0.7366888523101807,0.0,0.23541583120822906,0.164070725440979,0.0,0.0,0.3067849278450012,-0.560812771320343,0.0,-0.7055906057357788,0.0,0.0,0.0,0.0,0.5021346807479858,0.0,0.0,-0.359759122133255,0.3888252079486847,0.1586703509092331,-0.5519717931747437,-0.1303958147764206,0.19352492690086365,0.0,0.0,0.0,-0.49888166785240173,0.3267943859100342,0.0,0.46972742676734924,-0.7036016583442688,0.9436449408531189,-0.5235291123390198,0.0,0.0,0.0,-0.45301783084869385,-0.24024459719657898,0.0,0.0,0.4854907691478729,0.0,0.6125167012214661,-0.4898297190666199,0.0,0.0,0.0,-0.3200646638870239,0.0,0.0,0.16418756544589996,0.0,-0.4946800768375397,-0.9614853262901306,0.6629270911216736,-0.42569923400878906,0.0,0.748150646686554,0.0,0.0,0.11306656897068024,0.5958135724067688,0.0,-0.13473834097385406,0.0,0.4060260057449341,0.3505367338657379,0.0,-0.8156281113624573,-0.15189023315906525,-1.057138442993164,0.0,0.0,0.8004228472709656,0.27565184235572815
0.0,0.0,0.0,0.0,0.0,0.0,0.0,0.0,0.0,0.0,0.0,0.0,0.0,0.2867963910102844,0.0,-0.1929399073123932,0.0,-0.12366601824760437,0.0,0.0,0.0,0.0,0.0,0.0,-0.11644670367240906,0.0,0.0,0.0,0.0,0.0,0.0,0.0,0.0,0.0,0.0,0.0,0.0,0.0,0.0,0.0,0.0,0.0,0.0,0.0,0.0,0.0,0.0,0.0,0.0,0.0,0.0,0.2785504162311554,0.0,0.0,0.0,0.0,0.0,0.0,0.0,0.0,0.0,0.0,0.0,0.0,0.0,0.0,0.0,0.0,0.0,0.0,0.0,0.0,0.0,0.0,0.0,0.0,0.0,0.0,0.0,0.20606191456317902,0.1545570343732834,0.0,0.0,0.0,0.0,0.0,0.0,0.0,0.0,0.0,0.0,0.1362255960702896,0.0,0.0,0.0,0.0,0.0,0.0,0.0,0.0
0.0,0.0,0.0,0.0,0.0,0.0,0.0,0.0,0.0,0.0,0.0,0.0,0.0,0.0,0.0,0.0,0.0,-0.1516580730676651,0.0,0.0,0.0,0.0,0.0,0.0,0.5940529704093933,-0.13392476737499237,0.0,0.0,0.0,0.0,0.0,0.0,0.0,0.0,-0.14117848873138428,0.0,0.0,0.0,0.0,0.0,0.0,0.0,0.0,0.0,0.0,0.0,0.0,0.0,0.0,0.0,0.0,0.0,0.0,0.0,0.0,0.0,0.0,-0.12341758608818054,0.0,0.0,0.0,0.0,0.0,0.0,0.0,0.0,0.0,-0.11628583073616028,0.0,0.0,0.0,0.0,0.0,0.0,0.0,0.0,0.0,0.0,0.0,0.0,0.0,0.0,0.0,0.0,0.0,0.0,0.0,0.0,0.0,0.0,0.0,0.0,0.0,0.0,0.0,0.0,0.0,0.0,0.0,0.0
0.0,0.0,0.0,0.0,0.0,0.0,0.0,0.0,0.0,0.0,0.0,0.0,0.0,0.0,0.0,0.0,0.0,0.0,0.0,0.0,0.0,0.0,0.0,0.0,0.0,0.0,0.0,0.0,0.0,0.0,0.0,0.0,0.0,0.0,0.0,0.0,0.0,0.0,0.0,0.0,0.0,0.0,0.0,0.0,0.0,0.0,0.0,0.0,0.0,0.0,0.0,0.0,0.0,0.0,0.0,0.0,0.0,0.0,0.0,0.0,0.0,0.0,0.0,0.0,0.0,0.0,0.0,0.0,0.0,0.0,0.0,0.0,0.0,0.0,0.0,0.0,0.0,0.0,0.0,0.0,0.0,0.0,0.0,0.0,0.0,0.0,0.0,0.0,0.0,0.0,0.0,0.0,0.0,0.0,0.0,0.0,0.0,0.0,0.0,0.0
0.0,0.0,-0.4552483558654785,0.4081873297691345,-0.10340435057878494,-0.1388128399848938,0.37817126512527466,-0.22978125512599945,0.46742984652519226,0.0,0.0,0.0,0.0,-0.7911331057548523,-0.3743589520454407,0.25247693061828613,-0.2654179334640503,0.29842138290405273,0.6834551095962524,0.0,0.5803922414779663,0.0,0.0,0.0,0.0,-0.3003470301628113,0.0,0.0,0.12736190855503082,0.0989634171128273,0.0,0.0,0.43888533115386963,0.0,-0.42557182908058167,0.0,0.0,0.6525821685791016,0.0,0.0,0.0,0.0,0.0,0.0,-0.4045610725879669,-1.2368241548538208,0.0,0.2096760869026184,0.0,0.0,0.0,0.39188092947006226,0.40457984805107117,0.0,-0.3357679545879364,0.4036372900009155,0.6781982183456421,0.0,0.0,0.0,-0.15957774221897125,-0.3845278024673462,0.0,0.0,0.0,0.5788779854774475,0.0,0.2398972362279892,0.0,0.0,0.0,0.0,-0.5510357022285461,0.0,0.0,-0.17488324642181396,0.0,-0.5052229762077332,-0.4368848204612732,-0.1157502755522728,0.3769398033618927,0.0,-0.23479118943214417,0.0,0.0,0.4726894497871399,0.5665112733840942,0.13329288363456726,0.0,0.0,0.0,0.0,0.0,0.0,0.33800140023231506,-0.6395294666290283,0.0,0.0,0.36832183599472046,-0.15039373934268951
0.31120309233665466,-0.0983760729432106,0.4510285258293152,0.0,0.0,0.0,0.17639675736427307,0.1629200130701065,-0.12607675790786743,0.0,0.0,-0.09375619143247604,0.0,-1.1994458436965942,-0.5650421380996704,0.564414381980896,0.8430794477462769,-0.9779887199401855,-0.2362024039030075,0.0,0.5178455710411072,0.0,0.37921634316444397,0.0,-0.18336252868175507,-0.950706958770752,0.0,0.27400413155555725,0.0,-1.060633897781372,0.0,0.5092489719390869,-0.5450313091278076,0.0,1.205298662185669,0.0,0.0,0.0,0.0,0.4287998080253601,-0.13538725674152374,0.0,0.0,0.3595791757106781,-1.4353322982788086,-0.2431924194097519,0.450151264667511,0.3068820536136627,0.0,0.0,0.0,0.2858218252658844,0.18819379806518555,0.0,0.3675588071346283,0.3115605413913727,-0.24948842823505402,1.494467854499817,0.0,0.35007545351982117,0.0,1.0704684257507324,-0.11458355188369751,0.0,0.1010972112417221,0.12185138463973999,0.0,-0.270633339881897,-0.1506003439426422,-0.14176198840141296,0.0,0.0,0.0,0.0,0.0,-0.1233694851398468,0.0,0.9751558899879456,-0.11038828641176224,0.6988829374313354,-0.18726830184459686,0.0,-0.32004281878471375,0.0,0.0,0.0,-0.7621024250984192,0.0,0.0,0.0,-0.14271502196788788,0.3969658613204956,0.0,0.29372042417526245,0.9898089170455933,-0.24227312207221985,0.0,-0.278095006942749,0.6035403609275818,0.0
-0.13713034987449646,0.5899472832679749,0.23184195160865784,0.0,0.0,0.0,-0.8261875510215759,0.28761011362075806,0.5131048560142517,0.0,0.0,0.0,0.0,0.49885544180870056,-0.34654873609542847,-0.15143242478370667,0.0,-0.6870980262756348,0.0,0.0,0.0,0.0,0.0,0.979605495929718,0.7711893916130066,-0.531904935836792,-0.10752292722463608,-0.2085854709148407,-0.16787028312683105,-0.2693721055984497,0.0,0.0,0.8867470026016235,0.0,0.0,-0.10885071754455566,0.0,-0.1695496290922165,0.0,0.0,0.0,0.0,-0.22849005460739136,0.40425270795822144,-0.35194075107574463,0.39315053820610046,0.3057989180088043,0.2527916729450226,0.0,0.0,0.0,-1.4903985261917114,0.7636860013008118,0.0,0.45001325011253357,-0.18228046596050262,0.0,-0.1288592368364334,0.0,0.0,0.0,0.0,0.5615178346633911,0.0,0.0,0.38027751445770264,0.0,-0.8170584440231323,0.7192598581314087,0.0,0.0,0.0,-0.31875577569007874,0.0,0.0,-0.1044410765171051,0.0,0.21545152366161346,0.48575177788734436,1.0424959659576416,-0.5318903923034668,0.0,0.3896512985229492,0.0,0.0,0.0,-0.2966335117816925,0.0,0.0,0.0,0.0,0.7293766140937805,-0.14776864647865295,-0.3847716152667999,-0.6008334159851074,0.40071094036102295,0.0,0.15147382020950317,0.1547093242406845,-0.12751634418964386
0.8253477811813354,-0.0989905297756195,-0.2698014974594116,0.25073179602622986,-0.13894566893577576,-0.16995176672935486,0.14839041233062744,-1.1070210933685303,-0.7986710667610168,0.0,0.0,0.0,0.0,0.0,-0.9284716248512268,-1.2483365535736084,0.0,-0.5269252061843872,0.8376212120056152,0.0,0.0,0.0,0.0,-0.33120328187942505,1.8849608898162842,-0.5266016721725464,0.0,-0.10764449834823608,-0.47050267457962036,-0.5773983001708984,0.0,-0.3040066361427307,1.1508846282958984,0.0,0.41972067952156067,0.0,0.0,-0.8648601174354553,0.0,0.0,0.0,0.0,0.2142944037914276,-0.14148707687854767,0.7513888478279114,-0.21281394362449646,0.17924262583255768,0.14587508141994476,0.0,0.0,0.0,0.0,0.9552545547485352,0.0,0.23624961078166962,-0.7839791178703308,-1.1426551342010498,-1.1787259578704834,0.0,0.0,0.0,0.38426733016967773,0.0,0.0,0.4810519516468048,0.28564906120300293,0.0,0.6577810049057007,0.9682973027229309,0.35249489545822144,0.0,0.0,-1.3377596139907837,-0.10210085660219193,0.0,-0.28738415241241455,0.0,0.4796428382396698,-0.2167961448431015,0.0,0.7988253831863403,-0.11593812704086304,-0.27363792061805725,0.0,0.0,0.1758618950843811,0.7979061007499695,-0.12598851323127747,0.19278940558433533,0.3716796934604645,-0.3073982298374176,-0.6587955355644226,-0.24494299292564392,-0.13279883563518524,-0.5526641011238098,1.0276612043380737,0.0,0.5279932618141174,0.5516841411590576,-0.12836356461048126
0.0,0.0,0.0,0.0,0.0,0.0,0.0,0.0,0.0,0.0,0.0,0.0,0.0,0.0,0.0,0.0,0.0,0.0,0.0,0.0,0.0,0.0,0.0,0.0,0.0,0.0,0.0,0.0,0.0,0.0,0.0,0.0,0.0,0.0,0.0,0.0,0.0,0.0,0.0,0.0,0.0,0.0,0.0,0.0,0.0,0.0,0.0,0.0,0.0,0.0,0.0,0.0,0.0,0.0,0.0,0.0,0.0,0.0,0.0,0.0,0.0,0.0,0.0,0.0,0.0,0.0,0.0,0.12623946368694305,0.0,0.0,0.0,0.0,0.0,0.0,0.0,0.0,0.0,0.0,0.0,0.0,0.22345997393131256,0.0,0.0,0.0,0.0,0.0,0.0,0.0,0.0,0.0,0.0,0.0,0.0,0.0,0.0,0.0,0.0,0.0,0.0,0.0
0.0,0.0,0.0,0.0,0.0,0.0,0.0,0.11350271105766296,-0.195587158203125,0.0,0.0,0.0,0.0,-0.2983708679676056,0.0,-0.1376434862613678,0.13667047023773193,0.0,0.0,0.0,0.0,0.0,0.0,0.0,0.21152569353580475,0.14880672097206116,0.0,0.0,0.0,0.0,0.0,0.0,0.0,0.0,0.0,0.0,0.0,0.13183864951133728,0.0,0.0,0.0,0.0,0.0,0.0,0.0,-0.19250530004501343,0.0,0.0,0.0,0.0,0.0,0.0,0.11647245287895203,0.0,-0.16142266988754272,0.0,0.0,0.3876081705093384,0.0,0.0,0.0,0.0,0.0,0.0,0.0,0.0,0.0,-0.54110187292099,0.0,0.0,0.0,0.0,0.0,0.0,0.0,0.0,0.0,0.11542295664548874,0.0,0.0,0.3550677001476288,0.0,0.0,0.0,0.0,0.0,0.0,0.0,0.0,0.0,0.0,0.0,0.0,0.5700349807739258,0.23816780745983124,0.0,0.0,0.0,0.13594156503677368,0.0
0.0,0.0,0.0,0.0,0.0,0.0,0.0,0.0,0.0,0.0,0.0,0.0,0.0,0.0,0.0,0.0,0.0,0.18821686506271362,0.0,0.0,0.0,0.0,0.0,0.0,0.0,0.0,0.0,0.0,0.0,0.0,0.0,0.0,0.0,0.0,0.0,0.0,0.0,0.0,0.0,0.0,0.0,0.0,0.0,0.0,0.0,0.0,0.0,0.0,0.0,0.0,0.0,0.0,0.0,0.0,0.0,0.0,0.0,0.0,0.0,0.0,0.0,0.0,0.0,0.0,0.0,0.0,0.0,0.0,0.0,0.0,0.0,0.0,0.0,0.0,0.0,0.0,0.0,0.0,0.0,0.0,0.0,0.0,0.0,0.0,0.0,0.0,0.0,0.0,0.0,0.0,0.0,0.0,0.0,0.0,0.0,0.0,0.0,0.0,0.0,0.0
0.0,0.0,0.13662788271903992,0.0,0.0,0.0,0.0,0.0,0.0,0.0,0.0,0.0,0.0,0.0,0.0,0.0,0.0,-0.1914040446281433,0.0,0.0,0.0,0.0,0.0,0.0,-0.33878135681152344,-0.17682580649852753,0.0,0.0,0.0,0.0,0.0,0.0,0.0,0.0,0.0,0.0,0.0,0.0,0.0,0.0,0.0,0.0,0.0,0.0,0.0,0.0,0.0,0.0,0.0,0.0,0.0,0.0,0.0,0.0,0.0,-0.11500410735607147,0.0,0.0,0.0,0.0,0.0,0.0,0.0,0.0,0.0,0.0,0.0,0.8845621943473816,0.16610422730445862,0.0,0.0,0.0,0.0,0.0,0.0,0.0,0.0,0.0,0.0,0.0,0.0,0.0,0.0,0.0,0.0,0.0,0.0,0.0,0.0,0.0,0.0,0.0,0.0,0.0,0.14724014699459076,0.0,0.0,0.0,0.0,0.0
0.0,0.0,0.0,0.0,0.0,0.0,0.0,0.0,0.0,0.0,0.0,0.0,0.0,0.0,0.0,0.0,0.0,0.0,0.0,0.0,0.0,0.0,0.0,0.0,0.0,0.0,0.0,0.0,0.0,0.0,0.0,0.0,0.0,0.0,0.0,0.0,0.0,0.0,0.0,0.0,0.0,0.0,0.0,0.0,0.0,0.0,0.0,0.0,0.0,0.0,0.0,0.0,0.0,0.0,0.0,0.0,0.0,0.0,0.0,0.0,0.0,0.0,0.0,0.0,0.0,0.0,0.0,0.28664544224739075,0.0,0.0,0.0,0.0,0.0,0.0,0.0,0.0,0.0,0.0,0.0,0.0,0.0,0.0,0.0,0.0,0.0,0.0,0.0,0.0,0.0,0.0,0.0,0.0,0.0,0.0,0.0,0.0,0.0,0.0,0.0,0.0
0.0,0.0,0.0,0.0,0.0,0.0,0.0,0.11298979818820953,0.4460168182849884,0.0,0.0,0.0,0.0,-0.18981441855430603,0.0,0.49012061953544617,0.0,0.0,0.0,0.0,-0.1981620490550995,0.0,0.0,0.0,0.0,0.0,0.0,0.0,0.0,-0.1487157642841339,0.0,0.0,0.1246105283498764,0.0,-0.13571865856647491,0.0,0.0,0.0,0.0,0.0,0.0,0.0,0.0,0.0,0.0,0.3944133222103119,0.1154107078909874,0.0,0.0,0.0,0.0,0.0,0.0,0.0,-0.12234839051961899,-0.1500137448310852,0.0,0.3829282224178314,0.0,0.0,0.0,0.0,0.0,0.0,0.0,0.0,0.0,0.0,-0.1494608372449875,0.0,0.0,0.0,0.0,0.0,0.0,0.0,0.0,0.0,-0.19399003684520721,0.0,0.0,0.0,0.0,0.0,0.0,0.0,0.0,0.0,0.0,0.0,0.0,-0.12206744402647018,0.0,0.0,0.21204873919487,0.3920491337776184,0.0,0.0,0.0,0.0
0.0,0.0,0.0,0.0,0.0,0.0,0.0,0.0,0.0,0.0,0.0,0.0,0.0,0.0,0.0,0.0,0.0,0.0,0.0,0.0,0.0,0.0,0.0,0.0,0.0,0.0,0.0,0.0,0.0,0.0,0.0,0.0,0.0,0.0,0.0,0.0,0.0,0.0,0.0,0.0,0.0,0.0,0.0,0.0,0.0,0.0,0.0,0.0,0.0,0.0,0.0,0.0,0.0,0.0,0.48087599873542786,0.0,0.0,0.0,0.0,0.0,0.0,0.0,0.0,0.0,0.0,0.0,0.0,0.0,-0.12147186696529388,0.0,0.0,0.0,0.0,0.0,0.0,0.0,0.0,0.0,0.0,0.0,0.0,0.0,0.0,0.0,0.0,0.0,0.0,0.0,0.0,0.0,0.0,0.0,0.0,0.0,0.0,0.0,0.0,0.0,0.0,0.0
0.0,0.0,0.0,0.0,0.0,0.0,0.0,0.0,0.0,0.0,0.0,0.0,0.0,0.0,0.0,0.0,0.0,0.0,0.0,0.0,0.0,0.0,0.0,0.0,0.0,0.0,0.0,0.0,0.0,0.0,0.0,0.0,0.0,0.0,0.0,0.0,0.0,0.0,0.0,0.0,0.0,0.0,0.0,0.0,0.0,0.0,0.0,0.0,0.0,0.0,0.0,0.0,0.0,0.0,0.0,0.15774957835674286,0.0,0.0,0.0,0.0,0.0,0.0,0.0,0.0,0.0,0.0,0.0,0.0,0.0,0.0,0.0,0.0,0.0,0.0,0.0,0.0,0.0,0.0,0.0,0.0,0.0,0.0,0.0,0.0,0.0,0.0,0.0,0.0,0.0,0.0,0.0,0.0,0.0,0.0,0.0,0.0,0.0,0.0,0.0,0.0
0.7515667676925659,0.2054171860218048,0.8467242121696472,0.0,0.0,-0.09993920475244522,0.842097282409668,0.8450350165367126,-0.16638760268688202,0.0,0.0,0.12091296911239624,0.0,-0.5228448510169983,0.0,0.6857652068138123,0.173788383603096,-0.11250434070825577,0.0,-0.2306559681892395,-0.9525014162063599,0.0,-0.13728351891040802,0.7153945565223694,-1.6846718788146973,0.9168623685836792,0.18018841743469238,0.10706815868616104,0.6007181406021118,-0.661479651927948,0.5545675754547119,-0.33633238077163696,-0.46079060435295105,-0.09345186501741409,0.9103091359138489,0.2845613956451416,0.0,-1.185503602027893,-0.12961037456989288,0.0,0.0,0.0,-1.4228087663650513,-1.2359861135482788,0.0,-0.7171332240104675,0.26036909222602844,0.5465295910835266,-0.09469351917505264,0.0,0.0,0.6626778244972229,0.5397798418998718,0.0,-0.5863940715789795,-2.2457785606384277,-0.5505657196044922,0.8381281495094299,0.0,0.10073206573724747,0.0,0.19941386580467224,0.0,0.0,0.0,-0.7499265670776367,0.0,-1.0443212985992432,1.47512948513031,-0.13406386971473694,0.23245646059513092,0.0,0.12388638406991959,0.0,0.0,0.3829335570335388,0.4302566945552826,0.0,-0.3176981508731842,0.2524071931838989,0.20540307462215424,0.0,-0.5292778611183167,0.0,0.0,0.0,0.621479868888855,-0.24269767105579376,-0.14363771677017212,0.5850653648376465,0.0,-1.62857985496521,0.3581073582172394,-0.17562918365001678,-1.0720913410186768,0.11611901223659515,0.0,-0.11864681541919708,1.4085512161254883,0.6895833015441895
0.0,0.0,-0.31755802035331726,0.0,0.0,0.0,0.2129787653684616,0.0,0.0,0.0,0.0,0.0,0.0,0.5646101832389832,0.0,0.46953579783439636,0.0,-0.1648004651069641,0.0,0.0,0.0,0.0,0.0,0.0,0.0,0.0,0.0,0.0,0.0,0.0,0.0,0.0,0.0,0.0,0.0,0.0,0.0,0.0,0.0,0.0,0.0,0.0,0.0,0.0,0.0,0.0,0.0,0.0,0.0,0.0,0.0,0.4939219355583191,0.0,0.0,0.0,0.0,0.0,0.0,0.0,0.0,0.0,0.0,0.0,0.0,0.0,0.0,0.0,-0.11019790917634964,-0.14118775725364685,0.0,0.0,0.0,0.0,0.0,0.0,0.0,0.0,0.0,0.0,0.0,0.3099592328071594,0.0,0.0,0.0,0.0,0.0,0.0,0.0,0.0,0.0,0.0,0.0,0.0,0.0,0.0,0.0,0.0,0.0,-0.2035048007965088,0.0
0.0,0.0,0.0,0.0,0.0,0.0,0.0,0.0,0.0,0.0,0.0,0.0,0.0,0.0,0.0,0.0,0.0,0.0,0.0,0.0,0.8190252184867859,0.0,0.0,0.0,0.0,0.0,0.0,0.0,0.0,0.0,0.0,0.0,0.0,0.0,0.0,0.0,0.0,0.0,0.0,0.0,0.0,0.0,0.0,0.0,0.0,0.0,0.0,0.0,0.0,0.0,0.0,0.0,0.0,0.0,0.0,-0.13745221495628357,0.0,0.0,0.0,0.0,0.0,0.0,0.0,0.0,0.0,0.0,0.0,0.8052966594696045,-0.15287095308303833,0.0,0.0,0.0,0.0,0.0,0.0,0.0,0.0,0.0,0.0,0.0,0.0,0.0,0.0,0.0,0.0,0.0,0.0,0.0,0.0,0.0,0.0,0.0,0.0,0.0,0.0,0.0,0.0,0.0,0.0,0.0
0.0,0.0,0.0,0.0,0.0,0.0,0.0,0.0,0.0,0.0,0.0,0.0,0.0,0.0,0.0,0.0,0.0,0.0,0.0,0.0,0.0,0.0,0.0,0.0,0.0,0.0,0.0,0.0,0.0,0.0,0.0,0.0,0.0,0.0,0.0,0.0,0.0,0.0,0.0,0.0,0.0,0.0,0.0,0.0,0.0,0.0,0.0,0.0,0.0,0.0,0.0,0.0,0.0,0.0,0.0,0.0,0.0,0.0,0.0,0.0,0.0,0.0,0.0,0.0,0.0,0.0,0.0,0.20716619491577148,0.0,0.0,0.0,0.0,0.0,0.0,0.0,0.0,0.0,0.0,0.0,0.0,0.0,0.0,0.0,0.0,0.0,0.0,0.0,0.0,0.0,0.0,0.0,0.0,0.0,0.0,0.0,0.0,0.0,0.0,0.0,0.0
0.0,0.0,0.0,0.0,0.0,0.0,0.0,0.0,0.2861369550228119,0.0,0.0,0.0,0.0,0.0,0.0,0.0,0.0,0.0,0.0,0.0,0.0,0.0,0.0,0.0,0.2549635171890259,0.0,0.0,0.0,0.0,0.0,0.0,0.0,0.0,0.0,0.6059383749961853,0.0,0.0,0.0,0.0,0.0,0.0,0.0,0.0,0.0,0.0,0.0,0.0,0.0,0.0,0.0,0.0,0.0,0.0,0.0,0.0,0.0,0.0,-0.23756012320518494,0.0,0.0,0.0,0.0,0.0,0.0,0.0,0.0,0.0,0.0,0.0,0.0,0.0,0.0,0.0,0.0,0.0,0.0,0.0,0.0,0.0,0.0,0.0,0.0,0.0,0.0,0.0,0.0,0.0,0.0,0.0,0.0,0.0,0.0,0.0,0.0,0.0,0.0,0.0,0.0,0.0,0.0
-0.41289061307907104,0.0,-0.4725871682167053,0.0,0.0,0.0,0.1316167414188385,-0.430282324552536,-0.24930821359157562,0.0,0.0,0.0,0.0,0.0,0.0,-0.1629813015460968,0.2750955820083618,-0.2657524347305298,0.0,-0.22254788875579834,-0.2036476582288742,0.0,0.0,0.0,0.15325471758842468,0.2992251217365265,0.0,0.0,0.24279257655143738,0.0,0.0,0.0,0.0,0.0,-0.32244324684143066,0.0,0.0,0.1917814314365387,0.0,0.0,0.0,0.0,0.37563738226890564,0.0,0.33173197507858276,0.0,0.0,0.0,0.0,0.0,0.0,0.0,0.35672372579574585,0.0,0.1760864555835724,0.8064211010932922,0.1830073446035385,0.0,0.0,0.0,0.0,0.0,-0.12118923664093018,0.0,0.0,0.0,0.0,-0.3662059009075165,-0.42561477422714233,0.0,0.0,0.0,0.0,0.0,0.0,0.0,0.0,0.4748314619064331,-0.423966646194458,0.0,-0.16784913837909698,0.0,0.0,0.0,0.0,0.0,-0.20534327626228333,0.0,0.0,0.0,0.0,0.0,0.0,0.19173045456409454,0.3069329857826233,0.28592145442962646,0.0,0.0,-0.15590348839759827,0.0
0.0,0.0,0.0,0.0,0.0,0.0,0.0,0.15329785645008087,-0.42625075578689575,0.0,0.0,0.0,0.0,-0.8810909390449524,0.23686133325099945,-0.48341062664985657,0.0,-1.3414661884307861,0.5470352172851562,0.0,0.0,0.0,0.0,0.1462312936782837,1.008540153503418,-0.2976682484149933,0.0,0.0,-0.19586139917373657,0.29596561193466187,0.0,0.0,0.0,0.0,-0.4416670799255371,0.0,0.0,-0.279405415058136,0.0,0.0,0.0,0.0,-0.12769070267677307,0.0,-0.16983234882354736,0.2930237352848053,-0.25520578026771545,0.0,0.0,0.0,0.0,0.0,-0.21939320862293243,0.0,0.6612264513969421,0.0,-0.13625434041023254,-0.4742598235607147,0.0,0.0,0.0,0.0,0.0,0.0,0.11548599600791931,0.38130366802215576,0.0,-1.634032130241394,0.42488980293273926,0.0,0.0,0.0,0.0,0.0,0.0,0.6145291924476624,0.0,0.0,0.27072614431381226,0.0,0.7720430493354797,0.0,0.39176803827285767,0.0,0.0,0.0,-0.46831801533699036,0.0,0.0,0.0,0.13609685003757477,0.0,0.0,-0.1610703319311142,-0.682138979434967,-0.38016805052757263,0.0,0.0,0.0,0.5264492630958557
0.0,0.0,0.0,0.0,0.0,0.0,0.0,0.0,0.0,0.0,0.0,0.0,0.0,0.0,0.0,0.0,0.0,0.0,0.0,0.0,0.0,0.0,0.0,0.0,0.4191102087497711,-0.1987583041191101,0.0,0.0,0.0,0.0,0.0,0.0,0.0,0.0,-0.16177944839000702,0.0,0.0,0.0,0.0,0.0,0.0,0.0,0.0,0.0,0.0,0.0,0.0,0.0,0.0,0.0,0.0,0.0,0.0,0.0,0.4311128854751587,-0.13394798338413239,0.0,-0.11426569521427155,0.0,0.0,0.0,0.0,0.0,0.0,0.0,0.0,0.0,0.477803111076355,0.2307116687297821,0.0,0.0,0.0,0.0,0.0,0.0,0.0,0.0,0.0,0.0,0.0,0.0,0.0,0.0,0.0,0.0,0.0,0.0,0.0,0.0,0.0,0.0,0.0,0.0,0.0,-0.12727102637290955,0.0,0.0,0.0,0.0,0.0
0.0,0.0,0.0,0.0,0.0,0.0,0.0,0.13334593176841736,0.16565153002738953,0.0,0.0,0.0,0.0,-0.14609800279140472,0.25553464889526367,-0.2519490718841553,0.0,0.0,0.0,0.0,0.0,0.0,0.0,0.0,0.0,0.2867738902568817,0.0,0.0,0.0,0.0,0.0,0.0,0.0,0.0,0.2374175786972046,0.0,0.0,0.0,0.0,0.0,0.0,0.0,0.0,0.0,0.0,0.0,0.0,0.0,0.0,0.0,0.0,0.0,0.0,0.0,0.0,0.0,0.0,0.19438166916370392,0.0,0.0,0.0,0.0,0.0,0.0,0.0,0.0,0.0,0.43025627732276917,0.0,0.0,0.0,0.0,0.0,0.0,0.0,0.0,0.0,0.15004241466522217,0.0,0.0,-0.1842103898525238,0.0,0.0,0.0,0.0,0.0,0.0,0.0,0.0,0.0,0.0,0.0,0.0,0.2353740781545639,0.1774245649576187,0.0,0.0,0.0,0.0,0.0
0.0,0.0,-0.208525151014328,0.0,0.0,0.0,-0.10085496306419373,0.0,0.0,0.0,0.0,0.0,0.0,-0.1504879891872406,0.0,0.0,0.0,0.2897416949272156,0.0,0.0,-0.11653009802103043,0.0,0.0,0.0,-0.1871223896741867,0.0,0.0,0.0,0.0,0.0,0.0,0.0,0.0,0.0,0.786776065826416,0.0,0.0,0.0,0.0,0.0,0.0,0.0,0.0,0.0,0.0,0.43118399381637573,0.0,0.0,0.0,0.0,0.0,-0.10418447107076645,0.19959737360477448,0.0,-0.10166598111391068,0.46062171459198,0.0,-0.3663831353187561,0.0,0.34952133893966675,0.0,0.0,0.0,0.0,0.0,0.0,0.0,0.5429645776748657,-0.30709829926490784,0.0,0.0,0.0,0.0,0.0,0.0,0.0,0.0,0.0,0.0,-0.1799134761095047,0.296872615814209,0.0,0.0,0.0,0.0,0.0,0.0,0.0,0.0,0.4734582006931305,0.0,0.45995697379112244,0.0,0.0,-0.30383914709091187,0.0,0.0,0.0,-0.1368885040283203,0.0
0.14897339046001434,0.0,-0.20752008259296417,0.0,0.0,0.0,-0.39896711707115173,0.0,1.2900934219360352,0.0,0.0,0.0,0.0,0.4541584849357605,0.2752753794193268,0.22064678370952606,0.11469153314828873,-0.20725513994693756,-0.15442641079425812,0.0,-0.12493667006492615,0.0,0.12369222939014435,-0.6712314486503601,-0.561059296131134,0.6935517191886902,0.0,0.0,0.1680484116077423,-0.5834095478057861,0.0,0.0,-0.2054450958967209,0.0,0.2528056800365448,0.0,0.0,0.37011492252349854,0.0,0.0,0.0,0.0,0.0,-0.2129208892583847,0.20190894603729248,-1.2682758569717407,0.22189033031463623,0.0,0.0,0.0,0.0,-0.22236691415309906,0.19678233563899994,0.0,-0.7568219304084778,-0.5146987438201904,-0.16506974399089813,-0.23494675755500793,0.0,0.31854867935180664,0.0,-0.4709087610244751,0.0,0.0,0.0,-0.30429431796073914,0.0,0.7426332831382751,0.8704947829246521,0.0,0.0,0.0,0.0,0.0,0.0,0.0,0.0,-0.15828944742679596,0.6343981027603149,0.0,-1.0803297758102417,0.0,-0.4297584593296051,0.0,0.0,0.0,0.0,0.0,0.0,0.0,0.7690666317939758,0.0,0.0,0.43661826848983765,-0.35156604647636414,0.4213710129261017,0.0,0.0,0.5176476836204529,0.0
0.0,0.0,0.0,0.0,0.0,0.0,0.0,0.0,0.0,0.0,0.0,0.0,0.0,0.12371568381786346,0.0,0.0,0.0,-0.3000788986682892,0.0,0.0,0.0,0.0,0.0,0.0,-0.13274464011192322,0.0,0.0,0.0,0.0,0.0,0.0,0.0,0.0,0.0,0.0,0.0,0.0,0.0,0.0,0.0,0.0,0.0,0.0,0.0,0.0,0.0,0.0,0.0,0.0,0.0,0.0,0.0,0.0,0.0,0.0,0.28363484144210815,0.0,0.0,0.0,0.0,0.0,0.0,0.0,0.0,0.0,0.0,0.0,0.5682888627052307,0.0,0.0,0.0,0.0,0.0,0.0,0.0,0.0,0.0,0.0,0.0,0.0,0.0,0.0,0.0,0.0,0.0,0.0,0.0,0.0,0.0,0.0,0.0,0.0,0.0,0.0,0.1411135047674179,0.0,0.0,0.0,0.0,0.0
-0.13517184555530548,0.0,0.3412826955318451,0.5197067260742188,0.0,1.1238670349121094,0.7428916096687317,0.48563674092292786,0.14135333895683289,0.11334308236837387,0.0,0.0,0.10951481759548187,-1.1433273553848267,0.9364039301872253,-0.5153745412826538,-1.2107625007629395,-2.1017208099365234,0.0,-0.48652538657188416,1.0252329111099243,0.0,0.21144716441631317,0.5679071545600891,1.064610242843628,-0.6915866136550903,0.18716499209403992,-1.0967763662338257,-1.5900506973266602,0.3131331503391266,0.0,0.17950546741485596,0.40374642610549927,0.0,-0.6111999154090881,0.598112165927887,-0.10786806046962738,-0.35785919427871704,0.1669304072856903,0.0,-0.17677679657936096,0.0,-0.4058501422405243,-1.2203105688095093,-1.5581268072128296,0.0,-0.725163459777832,-0.5350055694580078,0.0,0.0,0.0,0.1335511952638626,-0.40033072233200073,0.0,1.394577980041504,1.527742862701416,0.6401315331459045,0.0,0.0,0.2328132539987564,0.0,0.5305413007736206,-0.1098870187997818,0.0,-0.09123487770557404,-0.520615816116333,0.16750429570674896,1.7065837383270264,1.3035708665847778,0.0,0.4815225601196289,0.18388257920742035,-1.7445441484451294,0.16562967002391815,0.0,0.0,0.4693179726600647,0.25145357847213745,0.5606995820999146,-1.0479955673217773,-0.56159907579422,0.14576855301856995,0.7781949639320374,0.0,0.0,0.675772488117218,0.4857258200645447,-0.3754120171070099,-0.0926855131983757,0.0,0.0,-0.45307111740112305,0.5341055393218994,0.47191905975341797,-0.511469841003418,0.6663602590560913,0.6899864077568054,-0.8493351340293884,0.40618929266929626,0.0
0.0,0.0,0.0,0.0,0.0,0.0,0.0,0.0,0.0,0.0,0.0,0.0,0.0,0.0,0.0,0.0,0.0,0.0,0.0,0.0,0.0,0.0,0.0,0.0,0.0,0.0,0.0,0.0,0.0,0.0,0.0,0.0,0.0,0.0,0.0,0.0,0.0,0.0,0.0,0.0,0.0,0.0,0.0,0.0,0.0,0.0,0.0,0.0,0.0,0.0,0.0,0.0,0.0,0.0,0.0,0.0,0.0,0.0,0.0,0.0,0.0,0.0,0.0,0.0,0.0,0.0,0.0,-0.2144891768693924,0.3595835864543915,0.0,0.0,0.0,0.0,0.0,0.0,0.0,0.0,0.0,0.0,0.0,0.0,0.0,0.0,0.0,0.0,0.0,0.0,0.0,0.0,0.0,0.0,0.0,0.0,0.0,0.0,0.0,0.0,0.0,0.0,0.0
-0.302569180727005,0.16727173328399658,0.0,0.0,0.24009232223033905,0.0,0.44464752078056335,-0.3441442549228668,0.4425499737262726,0.0,0.0,0.0,0.0,0.0,0.0,-0.15198439359664917,0.11102592200040817,-0.34486639499664307,0.0,0.5020433068275452,0.0,0.0,0.0,-0.140279620885849,0.6503272652626038,-0.30347365140914917,0.19358396530151367,0.0,0.2259901911020279,0.34509655833244324,0.0,0.0,0.12265084683895111,0.0,-0.3540242314338684,0.0,0.0,0.0,0.0,0.0,0.0,0.0,0.39988890290260315,0.0,0.23399893939495087,0.1977764219045639,-0.18663568794727325,0.0,0.0,0.0,0.0,0.3524622321128845,0.0,0.0,-0.7991613745689392,-0.9341183304786682,0.0,0.35394540429115295,0.0,0.0,0.0,0.11124609410762787,0.27157601714134216,0.0,-0.1473200023174286,0.0,0.0,-0.16397738456726074,-0.5464023947715759,0.0,0.0,0.0,-0.11912814527750015,0.0,0.0,0.0,0.0,0.17065966129302979,0.0,0.30504539608955383,0.0,0.0,0.0,0.0,0.0,0.0,-0.15181948244571686,0.0,0.1953166276216507,0.0,0.0,0.12024276703596115,0.0,0.24225856363773346,0.0,0.2649398446083069,0.0,0.0,-0.2687408924102783,0.0
0.0,0.0,0.4667145609855652,-0.09820885956287384,0.0,0.0,0.0,0.27516359090805054,-1.3784031867980957,0.0,0.0,0.0,0.0,-0.664024293422699,-0.30292466282844543,-0.7544929385185242,-0.09555171430110931,0.5660334825515747,0.39667898416519165,0.0,-0.961973249912262,0.0,0.0,0.7887546420097351,-1.6998282670974731,0.8823733925819397,0.0,-0.19033357501029968,0.799138605594635,0.12241538614034653,0.0,0.0,0.3529202342033386,0.0,0.9141796827316284,0.0,0.0,-0.09328610450029373,0.0,0.0,0.0,0.0,-0.1269679218530655,-0.3880317211151123,-0.34234127402305603,0.0,0.0,0.0,0.0,0.0,0.0,-0.8439972996711731,-0.44187718629837036,0.0,0.3057275116443634,0.0,-0.09148577600717545,0.0,0.0,0.0,0.0,0.0,0.0,0.0,0.0,-0.10072970390319824,0.0,-2.0277421474456787,-0.26355475187301636,0.0,0.0,0.0,0.0,0.0,0.0,0.7402616739273071,0.0,0.0,0.0,-0.27507519721984863,0.0,0.0,0.862412691116333,0.7609376907348633,0.0,0.0,-0.3014715611934662,0.0,0.0,0.0,0.12708042562007904,-0.14883628487586975,0.0,-0.20217065513134003,0.0,0.0,0.0,0.11001332849264145,0.8765207529067993,0.6074585914611816
0.0,0.0,0.0,0.0,0.0,0.0,0.0,0.0,-0.15616962313652039,0.0,0.0,0.0,0.0,0.20326997339725494,0.0,0.15735483169555664,0.0,-0.20173008739948273,0.0,0.0,0.0,0.0,0.0,0.0,0.0,0.0,0.0,0.0,0.0,0.0,0.0,0.0,0.0,0.0,0.0,0.0,0.0,0.0,0.0,0.0,0.0,0.0,0.0,0.0,0.0,0.0,0.0,0.0,0.0,0.0,0.0,0.0,0.0,0.0,0.18096542358398438,0.0,0.4265175759792328,0.0,0.0,0.0,0.0,0.0,0.0,0.0,0.0,0.0,0.0,0.0,0.0,0.0,0.0,0.0,0.0,0.0,0.0,0.0,0.0,0.0,0.0,0.0,0.0,0.0,0.0,0.0,0.0,0.0,0.0,0.0,0.0,0.0,0.0,0.0,0.0,0.0,0.0,0.0,0.0,0.0,-0.2001599371433258,0.0
0.7115345001220703,0.0,-0.313363254070282,0.0,0.0,0.0,0.0,0.5957794785499573,-1.236093521118164,0.0,0.0,0.0,0.0,0.36408090591430664,0.0,1.2325552701950073,0.35580912232398987,-0.9389792680740356,0.0,0.0,-0.3513869345188141,0.0,0.0,-0.4425513744354248,-0.26001447439193726,0.2738528847694397,0.0,0.0,-0.13410860300064087,0.1274026781320572,0.0,-0.19895236194133759,0.1291285902261734,0.0,0.964684784412384,0.0,0.0,-1.6615039110183716,0.0,0.0,0.0,0.0,0.13496515154838562,0.0,0.2820998728275299,0.24048416316509247,-0.48458346724510193,-0.24308523535728455,0.0,0.0,0.0,0.0,0.6062238216400146,0.0,-1.0596022605895996,0.412990003824234,-1.2544541358947754,-0.8614198565483093,0.0,0.0,0.0,0.0,0.12846726179122925,0.0,0.2942967116832733,-0.32117927074432373,0.0,-0.7399585843086243,0.9424474835395813,0.26481151580810547,0.0,0.0,0.23023447394371033,0.0,0.0,0.0,0.0,-0.29975759983062744,-0.9338064193725586,0.14554643630981445,0.19236209988594055,-0.17461368441581726,0.0,0.0,0.0,0.0,0.38654208183288574,0.0,0.0,-0.12883539497852325,0.0,0.19519951939582825,0.0,0.0,-0.5067048668861389,0.5813238024711609,0.0,0.3869548439979553,0.0,0.0
0.0,0.0,-0.41968297958374023,0.0,0.0,0.0,-0.6483651995658875,0.0,0.0,0.0,0.0,0.0,0.0,0.696787416934967,-0.18580879271030426,-0.8346439599990845,-0.4639362692832947,0.1548781543970108,0.0,0.0,-0.3151951730251312,0.0,0.0,0.44802889227867126,-0.8438820242881775,-0.288007915019989,0.0,0.1955273449420929,0.40523824095726013,0.7043619155883789,0.0,0.0,-0.655450165271759,0.0,0.0,0.0,0.0,0.4779621362686157,0.0,0.0,0.1252022534608841,0.0,0.0,0.0,0.7540980577468872,0.5852213501930237,-0.15483152866363525,0.0,0.0,0.0,0.0,-0.4834078848361969,0.34101584553718567,0.0,0.5971133708953857,-0.9012394547462463,-0.8745490908622742,0.0,0.0,0.0,0.0,-0.1695450246334076,0.0,0.0,-0.1368696540594101,0.0,0.0,0.3036889135837555,-0.21749036014080048,0.0,0.0,0.0,0.14841441810131073,0.0,0.0,0.0,0.0,0.0,0.2657393515110016,-0.5991332530975342,0.6505863070487976,0.0,-0.29658836126327515,0.0,0.0,0.0,0.17356465756893158,0.0,0.0,0.0,0.0,-0.585293710231781,0.0,-0.13467468321323395,0.25439944863319397,0.2709110379219055,0.0,0.0,-0.3923865556716919,0.18367838859558105
-0.2215382605791092,0.0,0.1451522558927536,0.0,0.0,0.0,0.0,-0.14689645171165466,0.4621230661869049,0.0,0.0,0.0,0.0,-0.14194639027118683,-0.18445217609405518,-2.0473499298095703,0.17221611738204956,0.6304814219474792,0.0,0.0,0.0,0.0,0.0,0.7593581676483154,0.687531054019928,0.0,0.0,0.0,-0.19772520661354065,-0.5950412154197693,0.0,0.0,0.16242629289627075,0.0,-0.391999751329422,0.0,0.0,0.0,0.0,0.0,0.0,0.0,0.0,0.0,0.0,0.0,0.26985156536102295,0.0,0.0,0.0,0.0,-0.18816937506198883,0.0,0.0,-0.47774970531463623,0.11719650030136108,0.6195575594902039,0.0,0.0,0.0,0.0,0.0,0.0,0.0,0.135459303855896,0.0,0.0,-1.0773240327835083,0.3964158892631531,0.0,0.0,0.0,0.0,0.0,0.0,0.0,0.0,0.16823303699493408,0.15277861058712006,0.26829004287719727,0.0,0.0,0.13980259001255035,0.0,0.0,0.0,-0.10993204265832901,0.0,0.0,0.0,0.0,0.0,0.0,-0.18385352194309235,0.0,0.19634176790714264,0.0,0.0,1.0114580392837524,0.0
-0.8598487377166748,-0.3778139650821686,-0.5281184911727905,0.468858540058136,0.0,-0.12523669004440308,0.40359947085380554,-0.15625333786010742,-1.132631778717041,0.6503496170043945,0.0,-0.2085908055305481,-0.10951957106590271,-1.2376465797424316,-1.066346287727356,0.17261971533298492,-1.0083235502243042,-0.8241833448410034,0.10957837849855423,0.0,-0.2556666433811188,0.0,0.0,-0.40817680954933167,1.7492421865463257,-0.15296049416065216,-0.17046767473220825,-0.20383642613887787,-0.37392088770866394,-0.6897456049919128,0.0,0.1181897446513176,-0.19165828824043274,0.0,-0.2556063234806061,0.0,0.0,-0.1069403812289238,0.21790510416030884,0.2322797328233719,0.287480890750885,0.0,0.3494310677051544,0.5599689483642578,0.7953678369522095,-0.5809328556060791,-0.39937642216682434,-0.14057230949401855,0.0,0.0,0.0,0.20891854166984558,-0.23902931809425354,0.0,0.9356319308280945,-0.269211083650589,-0.8384479880332947,-0.17015698552131653,0.0,0.180460125207901,0.19758068025112152,0.5747057795524597,-0.3989149034023285,0.0,0.606048047542572,0.4906400740146637,0.0,-0.7294785380363464,0.85627281665802,0.4989718198776245,-0.10161746293306351,0.0,-0.3050897717475891,0.3781687021255493,0.0,0.2618040144443512,0.0,1.346213698387146,1.0041019916534424,0.22892259061336517,-0.21852684020996094,0.0,0.6443648338317871,0.0,-0.22168675065040588,0.27596980333328247,-0.7149966359138489,-0.4183809459209442,0.0,0.0,0.2170989066362381,-0.15864251554012299,-0.37010228633880615,-0.5464059114456177,0.0,1.0162407159805298,0.0,0.7162988185882568,-2.147740125656128,0.3381602466106415
0.0,0.0,-0.3033929467201233,0.0,0.0,0.0,-0.22294089198112488,0.0,-0.11693903803825378,0.0,0.0,0.0,0.0,0.0,-0.15653367340564728,-0.38051626086235046,0.0,-0.13499897718429565,0.0,0.0,0.4635668694972992,0.0,0.0,0.17858663201332092,-0.2656761407852173,0.49022167921066284,0.0,0.0,0.0,-0.31297263503074646,0.0,0.0,0.0,0.0,0.2730277478694916,0.0,0.0,0.42368581891059875,0.0,0.0,0.0,0.0,0.0,0.0,0.0,0.2999478876590729,0.0,0.0,0.0,0.0,0.0,-0.24134410917758942,0.6960578560829163,0.0,0.4652237296104431,-0.28178906440734863,0.5550894141197205,0.22398042678833008,0.0,0.0,0.0,0.0,0.0,0.0,0.0,0.0,0.0,0.12816713750362396,0.1320871263742447,0.0,0.0,0.0,0.0,0.0,0.0,0.0,0.0,0.0,0.0,0.0,0.0,0.0,0.0,0.0,0.0,0.0,0.0,0.0,0.0,0.0,0.0,0.0,0.0,-0.15386450290679932,-0.11907581239938736,-0.21465373039245605,0.0,0.0,0.6608140468597412,0.0
0.0,0.0,0.35067838430404663,0.0,0.0,0.0,0.0,0.34901708364486694,-0.35280269384384155,0.0,0.0,0.0,0.0,0.11621083319187164,0.0,-0.5404025316238403,0.0,0.0,0.6236432790756226,0.0,-0.14897345006465912,0.0,0.0,-0.13120190799236298,-0.4073547124862671,0.13705074787139893,0.0,0.0,0.0,0.0,0.0,0.0,-0.3305121660232544,0.0,0.16100908815860748,0.0,0.0,0.0,0.0,0.0,0.0,0.0,0.0,0.0,0.0,-0.1335187554359436,0.10279135406017303,0.0,0.0,0.0,0.0,0.0,-0.16181915998458862,0.0,0.0,-0.200469508767128,0.0,-0.2753518521785736,0.0,0.0,0.0,0.0,0.0,0.0,0.0,0.0,0.0,0.8390026688575745,0.0,0.0,0.0,0.0,0.0,0.0,0.0,0.0,0.0,0.0,0.34724849462509155,0.0,0.0,0.0,0.0,0.0,0.0,0.0,-0.13946248590946198,0.0,0.0,0.0,0.0,0.0,0.0,-0.1287810504436493,-0.1660924255847931,0.0,0.0,0.0,0.22276078164577484,0.11390704661607742
0.0,0.0,0.0,0.0,0.0,0.0,0.0,0.0,0.18561072647571564,0.0,0.0,0.0,0.0,-0.24422989785671234,-0.12442240118980408,-0.11953398585319519,0.0,0.1851242184638977,0.0,0.0,0.3007587790489197,0.0,0.0,0.2974920868873596,0.3128957152366638,0.0,0.0,0.0,0.0,-0.16039608418941498,0.0,0.0,0.0,0.0,0.0,0.0,0.0,0.0,0.0,0.0,0.0,0.0,0.0,0.0,0.0,-0.21155475080013275,0.12306810915470123,0.0,0.0,0.0,0.0,0.0,0.0,0.0,-0.4892275035381317,0.19167263805866241,-0.13613638281822205,0.0,0.0,0.0,0.0,0.12030460685491562,0.0,0.0,0.0,0.0,0.0,-0.4254358410835266,0.0,0.0,0.0,0.0,0.0,0.0,0.0,0.0,0.0,0.0,0.18332326412200928,0.13002441823482513,0.0,0.0,0.11647122353315353,0.0,0.0,0.0,0.1427164375782013,0.0,0.0,0.0,0.0,0.17739999294281006,0.0,-0.18291230499744415,0.0,0.28592148423194885,0.0,0.0,0.0,0.0
0.0,0.0,0.0,0.0,0.0,0.0,0.0,0.0,0.0,0.0,0.0,0.0,0.0,-0.16914120316505432,0.0,0.5212835073471069,0.0,0.28650417923927307,0.0,0.0,0.0,0.0,0.0,0.0,-0.18535169959068298,0.0,0.0,0.0,0.0,0.0,0.0,0.0,0.0,0.0,0.0,0.0,0.0,0.0,0.0,0.0,0.0,0.0,0.0,0.0,0.0,0.0,0.0,0.0,0.0,0.0,0.0,0.0,0.0,0.0,0.0,0.0,0.0,0.11446031928062439,0.0,0.0,0.0,0.0,0.0,0.0,0.0,0.0,0.0,-0.21322837471961975,0.0,0.0,0.0,0.0,0.0,0.0,0.0,0.0,0.0,0.0,0.0,0.0,0.0,0.0,0.0,0.0,0.0,0.0,0.0,0.0,0.0,0.0,0.0,0.0,0.0,0.0,0.0,0.0,0.0,0.0,0.0,0.0
0.0,0.0,0.0,0.0,0.0,0.0,0.0,0.0,0.0,0.0,0.0,0.0,0.0,0.0,0.0,0.0,0.0,0.0,0.0,0.0,0.0,0.0,0.0,0.0,0.0,0.0,0.0,0.0,0.0,0.0,0.0,0.0,0.0,0.0,0.0,0.0,0.0,0.0,0.0,0.0,0.0,0.0,0.0,0.0,0.0,0.0,0.0,0.0,0.0,0.0,0.0,0.0,0.0,0.0,0.0,0.0,0.0,0.0,0.0,0.0,0.0,0.0,0.0,0.0,0.0,0.0,0.0,0.0,0.0,0.0,0.0,0.0,0.0,0.0,0.0,0.0,0.0,0.0,0.0,0.0,0.0,0.0,0.0,0.0,0.0,0.0,0.0,0.0,0.0,0.0,0.0,0.0,0.0,0.0,0.0,0.0,0.0,0.0,0.0,0.0
0.0,0.0,-0.6071925759315491,0.0,0.0,0.0,-0.2078821212053299,-0.16231228411197662,-0.3850939869880676,0.0,0.0,0.0,0.0,0.9020547866821289,0.15675748884677887,0.0,0.0,-0.13681752979755402,0.0,0.0,0.5428524613380432,0.0,0.0,0.510464608669281,1.2281070947647095,0.0,0.0,0.0,-0.152603417634964,0.41891753673553467,0.0,0.0,0.5990447402000427,0.0,-0.18588446080684662,0.0,0.0,0.0,0.0,0.0,0.0,0.0,0.0,0.17190870642662048,-0.16596221923828125,-0.20752975344657898,0.0,0.0,0.0,0.0,0.0,0.0,0.18080320954322815,0.0,0.3561296761035919,0.1526123285293579,0.0,0.0,0.0,0.0,0.0,0.0,0.0,0.0,0.0,0.12839172780513763,0.0,-1.9812289476394653,0.18645037710666656,0.0,0.0,0.0,0.0,0.0,0.0,0.0,0.0,0.0,-0.3592531383037567,0.37337321043014526,0.0,0.0,-0.12897340953350067,0.0,0.0,0.0,0.0,0.0,0.0,0.0,0.0,0.5640131831169128,0.0,0.5001794695854187,-0.15869247913360596,-0.33004623651504517,0.0,0.0,-0.16390816867351532,0.0
1.370453119277954,0.48996132612228394,1.2706774473190308,0.0,0.37057843804359436,0.0,-0.5139480233192444,0.7167994976043701,0.1733422726392746,0.0,0.0,0.0,0.0,1.1550928354263306,-0.3269668519496918,-0.2547255754470825,0.2617865204811096,-0.7347851395606995,0.3755089044570923,0.0,-0.39757227897644043,0.0,-0.10451018810272217,0.22342169284820557,0.20571880042552948,0.26241281628608704,0.4420296847820282,0.11488187313079834,0.20413435995578766,-0.3828567862510681,0.0,-0.17332395911216736,-0.09994005411863327,0.0,0.7151901125907898,0.7032784819602966,0.0,-1.1822938919067383,0.0,0.0,0.0,0.0,0.19214776158332825,-0.6213893294334412,-0.5179999470710754,-0.335663765668869,0.3427561819553375,0.16620568931102753,0.0,-0.10746853798627853,0.0,-0.142115518450737,-1.2685661315917969,0.0,-0.4794781804084778,0.14829716086387634,-0.9737536907196045,0.2458811104297638,0.0,0.0,0.0,0.506540834903717,-0.9060990214347839,0.0,0.0,0.0,0.0,-0.4168798625469208,-0.3722843527793884,0.0,0.7039719223976135,0.13230542838573456,-0.2740245461463928,0.0,0.0,0.28586962819099426,0.0,0.0,0.26432541012763977,-0.9389064311981201,0.6724780797958374,0.0,0.2808853089809418,0.0,0.0,-0.1913023591041565,0.0,0.0,0.0,-0.10006491094827652,-0.14897312223911285,-0.1287204474210739,-0.5635910034179688,-0.3140600323677063,0.6353575587272644,-0.23298956453800201,0.0,0.0,-0.21759147942066193,0.157616525888443
0.10730822384357452,0.0,0.547771692276001,0.0,0.0,0.0,-0.14206448197364807,0.14674855768680573,-0.17121495306491852,0.0,0.0,0.0,0.0,0.3573785126209259,0.0,0.25753167271614075,0.0,-0.4595367908477783,0.0,0.0,0.0,0.0,0.0,0.0,-0.7437465190887451,0.8023017048835754,0.0,0.0,0.33668890595436096,-0.13172778487205505,0.0,0.0,0.0,0.0,0.2560018002986908,0.0,0.0,0.0,0.0,0.0,0.0,0.0,0.0,0.0,0.1265629529953003,-0.15985998511314392,0.0,0.0,0.0,0.0,0.0,-0.0924985259771347,0.0,0.0,0.16590997576713562,-0.22659949958324432,0.9669644832611084,0.3099197447299957,0.0,0.0,0.0,0.0,0.0,0.0,0.0,0.0,0.0,0.932834267616272,-0.8825700879096985,0.0,0.0,0.0,0.0,0.0,0.0,0.0,0.0,0.11649379134178162,-0.11990714073181152,-0.14430086314678192,0.3260303735733032,0.0,0.0,0.0,0.0,0.0,0.0,0.0,0.0,0.0,0.0,0.0,0.0,0.0,0.4788319766521454,0.0,0.0,0.0,-0.14312317967414856,0.0
-0.28110694885253906,0.7160771489143372,0.6755098104476929,0.5312735438346863,0.11414185911417007,0.0,0.8776063323020935,-0.5916889905929565,-0.4622296094894409,0.0,-0.12293507903814316,0.7628433704376221,0.27626070380210876,0.2772180438041687,-1.229328989982605,-2.7132532596588135,0.0,2.263813018798828,-0.6230545043945312,0.0,-1.3600443601608276,0.0,0.34017640352249146,-0.7916838526725769,-0.4330393373966217,0.0,0.0,1.2166483402252197,-1.1892112493515015,0.18574540317058563,0.0,0.7611116170883179,-1.3866299390792847,-0.16805224120616913,0.0926191434264183,0.0,0.10094897449016571,0.0,0.0,0.0,0.0,0.0,0.45071858167648315,-0.9091406464576721,-0.5741927623748779,1.0526820421218872,-1.6514496803283691,0.21683049201965332,0.0,0.0,0.0,1.734390139579773,-1.0257645845413208,0.3271767497062683,-1.4115588665008545,-1.1553581953048706,1.2391103506088257,1.3327471017837524,-0.11849812418222427,0.18728911876678467,0.12063711881637573,0.8143438696861267,0.4973159730434418,0.5727230906486511,0.10245884209871292,-0.9574682116508484,0.0,1.6083208322525024,-0.5017995834350586,-0.3345876932144165,-0.15751773118972778,0.0,-0.19628144800662994,0.09309554845094681,0.0,0.4066488444805145,0.0,0.7882135510444641,-1.079303503036499,-0.2946053147315979,-0.22912736237049103,0.0,-1.1832042932510376,0.48439520597457886,-0.12622042000293732,0.0,1.096781849861145,-0.3327612280845642,0.2845790982246399,0.41844967007637024,0.3297290503978729,0.0,-0.1890389323234558,-0.6343436241149902,0.8191658854484558,0.24701596796512604,-0.18255490064620972,-0.5385068655014038,0.7897579669952393,0.5254939794540405
0.0,0.0,0.0,0.0,0.0,0.0,0.0,0.0,0.0,0.0,0.0,0.0,0.0,0.5678778886795044,0.0,-0.17863959074020386,0.0,0.0,0.0,0.0,0.0,0.0,0.0,0.0,-0.1507939100265503,0.0,0.0,0.0,0.0,0.0,0.0,0.0,0.0,0.0,0.0,0.0,0.0,0.0,0.0,0.0,0.0,0.0,0.0,0.0,0.0,0.0,0.0,0.0,0.0,0.0,0.0,0.0,0.0,0.0,0.0,0.0,0.0,0.0,0.0,0.0,0.0,0.0,0.0,0.0,0.0,0.0,0.0,0.0,0.0,0.0,0.0,0.0,0.0,0.0,0.0,0.0,0.0,0.0,0.0,0.0,-0.15038509666919708,0.0,0.0,0.0,0.0,0.0,0.0,0.0,0.0,0.0,0.0,0.11872635781764984,0.0,0.0,0.0,0.0,0.0,0.0,0.0,0.0
0.0,0.0,0.0,0.0,0.0,0.0,0.0,0.0,-0.1544341892004013,0.0,0.0,0.0,0.0,-0.13329993188381195,0.0,0.0,0.0,0.7339075207710266,0.0,0.0,0.0,0.0,0.0,0.0,0.0,0.0,0.0,0.0,0.0,0.0,0.0,0.0,0.0,0.0,0.0,0.0,0.0,0.0,0.0,0.0,0.0,0.0,0.0,0.0,0.0,0.0,0.0,0.0,0.0,0.0,0.0,0.0,0.0,0.0,0.0,0.0,0.0,-0.2524615526199341,0.0,0.0,0.0,0.0,0.0,0.0,0.0,0.0,0.0,-0.30979689955711365,0.0,0.0,0.0,0.0,0.0,0.0,0.0,0.0,0.0,0.0,0.0,0.0,0.0,0.0,0.0,0.0,0.0,0.0,0.0,0.0,0.0,0.0,0.0,0.0,0.0,0.0,-0.1698513925075531,0.0,0.0,0.0,0.0,0.0
0.0,0.0,-0.41080281138420105,0.0,0.0,0.0,-0.19450342655181885,-0.16837894916534424,0.0,0.0,0.0,0.0,0.0,-0.2940616011619568,-0.11794479936361313,-0.275007039308548,0.0,-0.19203786551952362,0.0,0.0,0.29227468371391296,0.0,0.0,-0.1719699203968048,-0.36937493085861206,0.12587587535381317,0.0,0.0,0.4937945008277893,-0.16899016499519348,0.0,0.0,0.0,0.0,0.0,0.0,0.0,0.0,0.0,0.0,0.0,0.0,0.0,0.0,-0.28171804547309875,0.43442755937576294,0.655231237411499,0.0,0.0,0.0,0.0,-0.17160703241825104,0.5837992429733276,0.0,0.0,0.6285037398338318,0.0,0.8463244438171387,0.0,0.0,0.0,0.0,0.0,0.0,0.0,0.0,0.0,-1.1319894790649414,0.24489179253578186,0.0,0.0,0.0,0.46582239866256714,0.0,0.0,0.0,0.0,0.0,0.41548439860343933,-0.2900694012641907,0.0,0.0,0.5370451807975769,0.0,0.0,0.26337310671806335,-0.1771489828824997,0.0,0.0,0.0,0.0,-0.3099816143512726,0.0,-0.1561998873949051,-0.3479383587837219,-0.41082578897476196,0.0,0.0,0.22660353779792786,0.0
0.0,0.0,0.0,0.0,0.0,0.0,0.0,0.0,0.15431837737560272,0.0,0.0,0.0,0.0,0.0,0.0,0.0,0.0,0.0,0.0,0.0,0.0,0.0,0.0,0.0,0.0,0.1214606910943985,0.0,0.0,0.0,0.0,0.0,0.0,0.0,0.0,0.0,0.0,0.0,0.0,0.0,0.0,0.0,0.0,0.0,0.0,0.0,0.0,0.0,0.0,0.0,0.0,0.0,0.0,0.0,0.0,0.0,0.0,0.0,0.0,0.0,0.0,0.0,0.0,0.0,0.0,0.0,0.0,0.0,0.0,0.13224495947360992,0.0,0.0,0.0,0.0,0.0,0.0,0.0,0.0,0.0,0.0,0.0,0.0,0.0,0.0,0.0,0.0,0.0,0.0,0.0,0.0,0.0,0.0,0.0,0.0,0.0,0.0,0.0,0.0,0.0,0.0,0.0
0.0,0.0,0.0,0.0,0.0,0.0,0.0,0.0,0.0,0.0,0.0,0.0,0.0,0.0,0.0,0.0,0.0,0.0,0.0,0.0,0.0,0.0,0.0,0.0,-0.12915445864200592,0.0,0.0,0.0,0.0,0.0,0.0,0.0,0.0,0.0,0.0,0.0,0.0,0.0,0.0,0.0,0.0,0.0,0.0,0.0,0.0,0.0,0.0,0.0,0.0,0.0,0.0,0.0,0.0,0.0,0.0,0.0,0.0,0.0,0.0,0.0,0.0,0.0,0.0,0.0,0.0,0.0,0.0,0.4918820858001709,0.0,0.0,0.0,0.0,0.0,0.0,0.0,0.0,0.0,0.0,0.0,0.0,0.0,0.0,0.0,0.0,0.0,0.0,0.0,0.0,0.0,0.0,0.0,0.0,0.0,0.0,0.0,0.0,0.0,0.0,0.0,0.0
0.0,0.0,0.0,0.0,0.0,0.0,0.0,0.0,0.0,0.0,0.0,0.0,0.0,0.0,0.0,0.2754003405570984,0.0,0.0,0.0,0.0,0.0,0.0,0.0,0.0,0.0,0.0,0.0,0.0,0.0,0.0,0.0,0.0,0.0,0.0,0.25408145785331726,0.0,0.0,0.0,0.0,0.0,0.0,0.0,0.0,0.0,0.0,0.0,0.0,0.0,0.0,0.0,0.0,0.0,0.0,0.0,-0.16001412272453308,0.0,0.0,0.0,0.0,0.0,0.0,0.0,0.0,0.0,0.0,0.0,0.0,0.0,0.0,0.0,0.0,0.0,0.0,0.0,0.0,0.0,0.0,0.0,0.0,0.0,0.0,0.0,0.0,0.0,0.0,0.0,0.0,0.0,0.0,0.0,0.0,0.0,0.0,0.0,-0.14186179637908936,0.0,0.0,0.0,-0.14443926513195038,0.0
0.0,0.0,0.0,0.0,0.0,0.0,0.0,0.0,0.0,0.0,0.0,0.0,0.0,0.0,0.0,0.0,0.0,0.0,0.0,0.0,0.0,0.0,0.0,0.0,0.0,0.0,0.0,0.0,0.0,0.0,0.0,0.0,0.0,0.0,0.0,0.0,0.0,0.0,0.0,0.0,0.0,0.0,0.0,0.0,0.0,0.0,0.0,0.0,0.0,0.0,0.0,0.0,0.0,0.0,0.0,0.0,0.0,0.0,0.0,0.0,0.0,0.0,0.0,0.0,0.0,0.0,0.0,0.0,0.0,0.0,0.0,0.0,0.0,0.0,0.0,0.0,0.0,0.0,0.0,0.0,0.0,0.0,0.0,0.0,0.0,0.0,0.0,0.0,0.0,0.0,0.0,0.0,0.0,0.0,0.45267850160598755,0.0,0.0,0.0,0.0,0.0
-1.1210136413574219,0.3865649998188019,-0.7703515887260437,0.0,0.15897445380687714,0.0,0.6531485319137573,-0.680461585521698,0.7598548531532288,0.5736878514289856,0.0,0.21989981830120087,0.0,-0.47980502247810364,-0.9185839891433716,-1.524657964706421,-0.5304245948791504,-1.2326644659042358,0.0,0.09727063030004501,-0.43994346261024475,0.0,-0.11364150792360306,-0.601978063583374,2.2321739196777344,0.7768146991729736,-0.10472304373979568,0.1470113843679428,-0.19564270973205566,-1.2760040760040283,0.0,0.0,-0.12716110050678253,-0.10087965428829193,0.0,0.0,0.0,0.5961527228355408,0.17818735539913177,0.5551550984382629,-0.35990798473358154,-0.3203474283218384,0.2495766133069992,0.0,0.686863124370575,-0.8109038472175598,-0.7515440583229065,-0.4794953763484955,0.0,0.0,0.0,0.5373561978340149,-0.6763049960136414,0.0,-0.6250531673431396,-0.46995675563812256,0.0,0.8882465362548828,0.0,0.10816750675439835,0.26002269983291626,1.059296727180481,0.2717534005641937,-0.1079709380865097,0.8289051651954651,-0.21389159560203552,0.6214197278022766,-0.7300869226455688,0.25151705741882324,0.5381916761398315,0.0,0.0,0.3168686330318451,0.6129906177520752,0.0,0.23796673119068146,0.0,-1.5539129972457886,1.1723556518554688,0.5213320851325989,-1.0516842603683472,0.0,-0.2082715928554535,0.0,0.5130509734153748,0.0,-0.9481909275054932,-0.5599157810211182,0.0,0.0,0.21652628481388092,0.17571990191936493,-0.376422256231308,-0.27349546551704407,0.2923806309700012,0.36923983693122864,0.0,0.7590140700340271,-0.117242231965065,0.365057110786438
0.0,0.0,-0.20775192975997925,0.0,0.0,0.0,0.0,0.0,-0.15495610237121582,0.0,0.0,0.0,0.0,-0.34773877263069153,0.0,0.5229814648628235,0.0,0.33229872584342957,0.0,0.0,0.0,0.0,0.0,0.0,-0.14261847734451294,0.0,0.0,0.0,0.0,0.0,0.0,0.0,0.0,0.0,0.0,0.0,0.0,0.0,0.0,0.0,0.0,0.0,0.0,0.0,0.0,0.15300777554512024,0.0,0.0,0.0,0.0,0.0,0.0,0.0,0.0,0.0,0.0,0.0,-0.18274393677711487,0.0,0.0,0.0,0.0,0.0,0.0,0.0,0.0,0.0,-0.11594433337450027,0.0,0.0,0.0,0.0,0.0,0.0,0.0,0.0,0.0,0.0,0.0,0.0,0.5616856217384338,0.0,0.0,0.0,0.0,0.0,0.0,0.0,0.0,0.0,0.0,0.0,0.0,0.0,-0.1520860344171524,0.0,0.0,0.0,-0.11201711744070053,0.0
0.14648281037807465,0.0,-0.7418666481971741,0.5465458631515503,0.0,-0.15589813888072968,0.49762478470802307,-0.21657513082027435,0.5147047638893127,0.0,0.0,0.0,0.0,-1.102857232093811,-0.2044735848903656,1.0429139137268066,-1.195516586303711,0.0,0.5351470112800598,0.6272814869880676,0.5633255839347839,0.0,0.0,0.0,0.12013617902994156,0.0,0.0,0.0,0.0,0.1007174700498581,0.0,0.0,0.2591528296470642,0.0,-1.212856411933899,0.0,0.0,0.5945846438407898,0.0,0.0,0.0,0.0,0.0,0.19075246155261993,-0.1957065463066101,-1.0375670194625854,0.0,0.30694201588630676,0.0,0.0,0.0,0.43831899762153625,0.37887510657310486,0.0,-0.6955786347389221,0.5720092058181763,0.5826895236968994,0.17486713826656342,0.0,0.0,0.0,-0.40694373846054077,0.0,0.0,0.0,0.5537067651748657,0.0,1.060192346572876,0.0,0.0,0.0,0.0,-0.4873894453048706,0.0,0.0,-0.20533859729766846,0.0,-0.5134143233299255,-0.32234489917755127,-0.1243773102760315,0.4118352234363556,0.0,-0.2863622307777405,0.0,0.0,0.5530812740325928,0.6418095827102661,0.0,0.6784335970878601,0.0,0.0,-0.17716221511363983,0.0,0.0,0.11014832556247711,-0.46846824884414673,0.0,-0.10085687786340714,0.4618651866912842,-0.15223370492458344
0.0,0.0,0.0,0.0,0.0,0.0,-0.15137895941734314,0.0,0.0,0.0,0.0,0.0,0.0,0.0,0.0,0.33815139532089233,0.0,0.28341299295425415,0.0,0.0,-0.1265343576669693,0.0,0.0,0.0,-0.27722251415252686,0.2492496818304062,0.0,0.0,0.0,0.28112873435020447,0.0,0.0,-0.12330035120248795,0.0,-0.6849451065063477,0.0,0.0,0.0,0.0,0.0,0.0,0.0,0.0,0.0,0.0,0.0,0.0,0.0,0.0,0.0,0.0,-0.13618403673171997,-0.14996536076068878,0.0,-0.39705729484558105,0.0,0.0,-0.21474860608577728,0.0,0.0,0.0,0.0,0.0,0.0,0.0,0.0,0.0,-0.5474634766578674,0.7093250751495361,0.0,0.0,0.0,0.0,0.0,0.0,0.0,0.0,0.6505181789398193,0.0,0.14963972568511963,0.0,0.0,0.0,0.0,0.0,0.0,0.0,0.0,0.0,0.0,0.0,0.11283832788467407,0.0,0.1815030723810196,0.0,-0.2595669627189636,0.0,0.0,0.0,0.0
0.0,0.0,0.0,0.0,0.0,0.0,0.0,0.0,0.0,0.0,0.0,0.0,0.0,0.0,0.0,0.0,0.0,-0.23845820128917694,0.0,0.0,0.0,0.0,0.0,0.0,-0.14987653493881226,0.0,0.0,0.0,0.0,0.0,0.0,0.0,0.0,0.0,-0.11658919602632523,0.0,0.0,0.0,0.0,0.0,0.0,0.0,0.0,0.0,0.0,0.0,0.0,0.0,0.0,0.0,0.0,0.0,0.0,0.0,0.0,0.0,0.0,-0.1123955026268959,0.0,0.0,0.0,0.0,0.0,0.0,0.0,0.0,0.0,0.0,-0.11430288106203079,0.0,0.0,0.0,0.0,0.0,0.0,0.0,0.0,0.0,0.0,0.0,0.0,0.0,0.0,0.0,0.0,0.0,0.0,0.0,0.0,0.0,0.0,0.0,0.0,0.0,0.8031497001647949,0.0,0.0,0.0,0.0,0.0
-0.3686094284057617,0.0,-0.12729467451572418,0.0,0.0,0.0,0.0,-0.4777827262878418,0.21789179742336273,0.0,0.0,-0.10697038471698761,-0.11228905618190765,-0.5152581334114075,0.573620617389679,-0.35641586780548096,-0.821743905544281,-1.232403039932251,0.0,-0.1476925015449524,-1.3723615407943726,0.0,0.0,-0.2156965136528015,0.6885420083999634,0.0,0.0,-0.10891255736351013,-0.3670308589935303,-0.6529366970062256,0.0,-0.1650012582540512,0.2342696636915207,0.0,1.275354266166687,0.0,0.0,-0.4714808762073517,0.2901819944381714,0.39750632643699646,-0.11090577393770218,-0.14980991184711456,0.5882168412208557,-0.15394312143325806,1.34033203125,0.0,1.0439784526824951,0.26785510778427124,0.0,0.0,0.0,0.0,0.0,0.32907068729400635,0.1689663678407669,-0.44353407621383667,-0.5167939066886902,-1.06867516040802,0.0,-0.10531207919120789,0.10625404119491577,0.0,-0.16203279793262482,0.0,0.38986822962760925,-0.1285572350025177,0.0,2.527742385864258,-0.6547195911407471,0.6447982788085938,0.0,0.0,-1.0786707401275635,0.0,0.0,-0.12022367119789124,0.0,0.12747184932231903,0.376831978559494,0.2609650492668152,0.0,0.0,0.46461430191993713,0.0,-0.13430291414260864,0.4851047992706299,-0.6021915674209595,-0.2357492595911026,0.0,0.0,-0.3218718469142914,0.0,-0.12897782027721405,0.4211331903934479,0.0,1.2544493675231934,0.0,0.7530480027198792,-0.351455420255661,0.0
0.0,0.0,0.2736347019672394,0.0,0.0,0.0,-0.11257553100585938,0.0,0.25433340668678284,0.0,0.0,0.0,0.0,0.33691632747650146,0.31464144587516785,0.32383742928504944,0.17347750067710876,0.13541752099990845,0.0,0.0,0.0,0.0,0.0,0.0,0.11449339985847473,0.5775734186172485,0.0,0.0,0.0,0.34095150232315063,0.0,0.0,-0.2086598426103592,0.0,0.0,0.0,0.0,-0.3006056249141693,0.0,0.0,0.0,0.0,0.0,0.0,0.1687721610069275,-0.16456104815006256,-0.16403226554393768,0.0,0.0,0.0,0.0,0.0,-0.12063004076480865,0.0,0.6788821220397949,-0.14045076072216034,-0.14594542980194092,0.1808757781982422,0.0,0.0,0.0,0.31942591071128845,0.0,0.0,0.0,0.0,0.0,0.4686046838760376,-1.2071179151535034,0.0,0.0,0.0,0.0,0.0,0.0,0.0,0.0,0.5514947772026062,-0.19937855005264282,0.0,0.13621129095554352,0.0,0.0,0.0,0.0,0.0,0.0,0.0,0.0,0.0,0.0,0.0,0.0,0.18337684869766235,-0.18601346015930176,0.0,0.0,0.0,-0.2031124383211136,0.0
0.0,0.0,0.2438252568244934,0.0,0.0,0.0,0.0,0.0,-0.4429815709590912,0.0,0.0,0.0,0.0,0.0,-0.26411235332489014,-0.7412251234054565,0.0,0.30974656343460083,0.23236113786697388,0.0,-0.3085082769393921,0.0,0.0,-0.1427074372768402,-0.6925917267799377,0.3495720326900482,0.0,0.0,0.0,0.0,0.0,0.0,0.0,0.0,0.4793638586997986,0.0,0.0,0.11237997561693192,0.0,0.0,0.0,0.0,0.0,0.1902925670146942,0.0,0.0,0.19054406881332397,0.0,0.0,0.0,0.0,0.15415194630622864,-0.13270404934883118,0.0,-0.37490221858024597,-0.1561632752418518,0.0,-0.26399752497673035,0.0,0.0,0.0,0.0,0.0,0.0,0.0,0.0,0.0,0.19916914403438568,0.3001382052898407,0.0,0.0,0.0,0.0,0.0,0.0,0.0,0.0,0.0,0.0,-0.15879780054092407,0.0,0.0,0.1344962865114212,0.0,0.0,0.0,0.0,0.0,0.0,0.0,0.0,0.0,0.0,0.0,0.0,0.2117854356765747,0.0,0.0,0.5851160883903503,0.0
0.264084130525589,0.0,-0.19960016012191772,0.4153691232204437,-0.12979155778884888,-0.14113186299800873,0.0,0.11049772053956985,0.12426289916038513,0.0,0.0,0.0,0.0,-0.9322793483734131,0.1675122231245041,1.2714890241622925,-0.1886320859193802,0.0,-0.5509621500968933,-0.09837794303894043,0.0,0.0,0.0,0.0,0.0,-0.49615249037742615,0.0,0.0,-0.12351993471384048,0.1993509978055954,0.0,0.0,-0.3021947145462036,0.0,-0.24120865762233734,0.0,0.0,-0.4297507703304291,0.0,-0.13774539530277252,0.10899671167135239,0.0,0.33283713459968567,0.0,-0.15253950655460358,-0.3356914222240448,-0.16186745464801788,0.18034233152866364,0.0,0.0,0.0,0.24276897311210632,0.0,0.0,-0.15823811292648315,-0.5877225399017334,-0.16646769642829895,0.14250019192695618,0.0,0.0,0.0,-0.36099156737327576,0.0,0.0,0.0,0.41304439306259155,0.0,-0.19990867376327515,0.13237150013446808,0.0,0.0,0.0,-0.4399893283843994,0.0,0.0,0.3292910158634186,0.0,-0.29081523418426514,-0.573272705078125,-0.17251309752464294,0.37022748589515686,0.0,0.5051488280296326,0.0,0.4660757780075073,0.40137213468551636,0.6214082837104797,0.0,0.0,0.0,0.0,0.0,0.0,0.3281717598438263,0.0,0.392068088054657,0.0,0.0,-0.6172043085098267,0.169812873005867
0.0,0.0,0.0,0.0,0.0,0.0,0.0,0.0,0.0,0.0,0.0,0.0,0.0,0.0,0.0,0.0,0.0,0.0,0.0,0.0,0.0,0.0,0.0,0.0,0.0,0.0,0.0,0.0,0.0,0.0,0.0,0.0,0.0,0.0,0.0,0.0,0.0,0.0,0.0,0.0,0.0,0.0,0.0,0.0,0.0,0.0,0.0,0.0,0.0,0.0,0.0,0.0,0.0,0.0,0.0,0.0,0.0,0.0,0.0,0.0,0.0,0.0,0.0,0.0,0.0,0.0,0.0,0.0,0.0,0.0,0.0,0.0,0.0,0.0,0.0,0.0,0.0,0.0,0.0,0.0,0.0,0.0,0.0,0.0,0.0,0.0,0.0,0.0,0.0,0.0,0.0,0.0,0.0,0.0,0.0,0.0,0.0,0.0,0.0,0.0
0.0,0.0,0.0,0.0,0.0,0.0,0.0,0.0,0.0,0.0,0.0,0.0,0.0,0.0,0.0,0.0,0.0,0.0,0.0,0.0,0.0,0.0,0.0,0.0,0.0,0.0,0.0,0.0,0.0,0.0,0.0,0.0,0.0,0.0,0.0,0.0,0.0,0.0,0.0,0.0,0.0,0.0,0.0,0.0,0.0,0.0,0.0,0.0,0.0,0.0,0.0,0.0,0.0,0.0,0.0,0.0,0.0,0.0,0.0,0.0,0.0,0.0,0.0,0.0,0.0,0.0,0.0,0.5880532264709473,0.0,0.0,0.0,0.0,0.0,0.0,0.0,0.0,0.0,0.0,0.0,0.0,0.0,0.0,0.0,0.0,0.0,0.0,0.0,0.0,0.0,0.0,0.0,0.0,0.0,0.0,0.0,0.0,0.0,0.0,0.0,0.0
0.2002735435962677,0.0,0.2707071900367737,0.0,0.0,0.0,0.18738842010498047,0.11033245921134949,-0.6672738790512085,0.0,0.0,0.0,0.0,0.18616057932376862,0.21419480443000793,0.0,0.0,0.0,0.0,0.0,0.11355014890432358,0.0,0.0,0.31522637605667114,-0.20574155449867249,-0.6999441385269165,0.0,0.0,0.0,-0.4094768762588501,0.0,0.0,0.0,0.0,-0.16992133855819702,0.0,0.0,0.19661837816238403,0.0,0.0,0.0,0.0,0.0,0.0,-0.3669017553329468,0.23634947836399078,-0.16937914490699768,0.0,0.0,0.0,0.0,0.24043454229831696,0.0,0.0,0.0,0.0,0.0,0.2812094986438751,0.0,0.0,0.0,0.3473534882068634,0.0,0.0,0.4318102300167084,0.0,0.0,0.0,0.6673592329025269,0.0,0.0,0.0,0.0,0.0,0.0,0.0,0.0,-0.30052146315574646,0.0,0.0,-0.24827541410923004,0.0,0.0,0.0,0.0,0.0,0.1451573669910431,0.0,0.0,0.0,0.1126677542924881,0.0,0.0,0.0,0.30293333530426025,0.0,0.0,0.0,-0.43112853169441223,0.0
-0.15913322567939758,0.0,0.24237646162509918,0.0,0.3807196617126465,0.0,0.4317084550857544,-0.2082977145910263,-0.13041219115257263,0.0,0.0,0.0,0.0,-0.5835421085357666,0.11331989616155624,0.0,0.19070926308631897,0.35837942361831665,0.0,0.3550097644329071,-0.6713419556617737,0.0,0.0,-0.18463799357414246,1.0770225524902344,-0.44083696603775024,0.40375450253486633,0.0,-0.7867299914360046,0.41440674662590027,0.0,0.0,0.15891602635383606,0.0,-0.1626514047384262,0.0,0.0,0.0,0.0,0.0,0.0,0.0,0.30547282099723816,-0.1736968755722046,0.20560957491397858,0.5700822472572327,-0.13750703632831573,0.0,0.0,0.0,0.0,0.3922434151172638,0.0,0.0,-0.5736534595489502,-0.8950434923171997,-0.13107459247112274,-0.4575142562389374,0.0,0.0,0.0,0.0,0.434347003698349,0.0,0.0,-0.20437170565128326,0.0,0.32015326619148254,0.0,0.0,0.0,0.0,0.0,0.0,0.0,0.0,0.0,0.0,0.3471710681915283,0.30634748935699463,0.1155700832605362,0.0,0.12549766898155212,0.0,0.0,0.0,0.0,0.0,0.19569280743598938,0.0,0.0,0.133075550198555,0.0,0.2034134417772293,-0.7523528933525085,0.3611903488636017,0.0,0.0,-0.3181651532649994,0.0
-0.5694503784179688,0.0,-0.7038102746009827,-0.13562007248401642,0.0,0.0,-1.1427104473114014,-0.31283366680145264,-0.272887647151947,0.0,0.0,0.0,0.0,1.241540551185608,-0.5489309430122375,-0.7908865213394165,0.5208471417427063,0.10975688695907593,0.0,-0.16611358523368835,0.0,0.0,0.14806614816188812,-0.25587356090545654,-0.11568369716405869,0.7378290295600891,0.0,0.0,-0.178885355591774,1.1464961767196655,0.0,-0.10610568523406982,0.5971463918685913,0.0,0.29027482867240906,-0.11632931977510452,0.0,0.2239854335784912,0.0,-0.09614851325750351,0.0,0.0,0.0,0.0,0.23915764689445496,-0.33697253465652466,0.0,-0.10162964463233948,0.0,0.0,0.0,-1.2223703861236572,0.27973461151123047,0.0,0.25296491384506226,-0.5781635642051697,0.5845516920089722,-0.34568673372268677,0.0,0.5868215560913086,0.0,-0.4871860146522522,-0.15140247344970703,0.0,0.0,0.0,0.0,-2.2512614727020264,0.29122206568717957,0.16042064130306244,0.0,0.0,-0.24782146513462067,0.0,0.0,0.0,0.0,-0.2667964994907379,-0.9009252190589905,1.0306214094161987,-1.1757346391677856,0.0,-0.17944172024726868,0.0,0.0,0.502577543258667,0.0,0.0,0.0,0.0,0.6258494257926941,0.70738285779953,0.0,-0.22104395925998688,-0.43490082025527954,0.7445040345191956,0.0,0.12912914156913757,1.0439897775650024,0.0
0.0,0.0,0.0,0.0,0.0,0.0,0.0,0.0,0.0,0.0,0.0,0.0,0.0,0.0,0.0,-0.17279335856437683,0.11851169914007187,0.0,0.0,0.0,0.0,0.0,0.0,0.0,0.2531331181526184,-0.28526973724365234,0.0,0.0,0.30641692876815796,0.0,0.0,0.0,0.0,0.0,-0.19490689039230347,0.0,0.0,0.0,0.0,0.0,0.0,0.0,0.0,0.0,0.0,0.0,0.0,0.0,0.0,0.0,0.0,0.0,0.0,0.0,0.5752829909324646,-0.12066881358623505,0.0,0.0,0.0,0.0,0.0,0.0,0.0,0.0,0.0,0.0,0.0,0.3822386562824249,0.2688162624835968,0.0,0.0,0.0,0.0,0.0,0.0,0.0,0.0,0.0,0.0,0.0,-0.12557151913642883,0.0,0.0,0.0,0.0,0.0,0.0,0.0,0.0,0.0,0.0,0.0,0.0,0.0,0.0,0.0,0.0,0.0,0.38008323311805725,0.0
0.49784353375434875,0.0,-0.44484686851501465,0.589282214641571,-0.15977512300014496,-0.19180674850940704,0.0,0.1448737233877182,-0.149060919880867,0.1461152732372284,0.0,0.0,0.0,-0.8412993550300598,0.17817658185958862,1.7052994966506958,-0.33851224184036255,-0.20896151661872864,-0.5089020729064941,-0.10088898986577988,-0.3855433762073517,0.0,0.0,0.0,0.14121946692466736,-0.4050990045070648,0.0,0.0,-0.1509668081998825,0.22591827809810638,0.0,-0.12709754705429077,-0.6785643696784973,0.0,-0.26796162128448486,0.0,0.0,-0.6718351244926453,0.0,-0.136773020029068,0.14804492890834808,0.0,0.28797784447669983,0.12108860164880753,0.19503849744796753,0.0,-0.3258439004421234,0.2980068325996399,0.0,0.0,0.0,0.21846894919872284,0.1890050768852234,0.0,0.0,-0.10750583559274673,-0.2376740425825119,-0.22030670940876007,0.0,0.0,0.0,-0.3573044240474701,0.0,0.0,-0.10078291594982147,0.41785743832588196,-0.14051789045333862,0.6574143767356873,-0.21748079359531403,0.0,0.0,0.0,-0.49530497193336487,0.0,0.0,0.262473464012146,0.0,-0.31347745656967163,-0.8371586203575134,-0.46731820702552795,0.7688486576080322,0.0,0.5215541124343872,0.0,0.0,0.506822407245636,0.7766770124435425,0.0,0.0,0.0,-0.1038832888007164,-0.2578631639480591,0.0,0.25303390622138977,-0.23632484674453735,0.669090747833252,0.0,-0.10976622253656387,-0.27688854932785034,0.0
0.5953682661056519,0.0,1.2166873216629028,0.0,0.0,0.0,0.21797728538513184,-1.1232922077178955,3.1959922313690186,0.16361911594867706,0.0,0.0,0.21590198576450348,-0.8336053490638733,1.0417453050613403,2.647524356842041,0.0,1.4139045476913452,-0.15652470290660858,0.30019381642341614,-0.6901558637619019,0.0,-0.27632755041122437,-0.8315504789352417,-0.4875071048736572,1.0734416246414185,0.6411741971969604,-0.155030757188797,-0.3734719455242157,1.4534046649932861,-0.10006479173898697,0.3912133574485779,-0.10588973015546799,-0.3187459409236908,-0.993869960308075,0.6114373803138733,0.0,0.0,0.742190957069397,0.7802743911743164,0.4131687879562378,0.507183313369751,-0.18103578686714172,0.0,-0.716274619102478,0.0,0.38774237036705017,0.4063883125782013,0.0,0.09105761349201202,0.0,0.0,-0.13998614251613617,0.0,1.968585729598999,0.0,-0.3698046803474426,-0.9560527205467224,0.0,0.14976944029331207,0.0,-1.7663285732269287,0.3655930757522583,0.0,-2.0221381187438965,0.0,0.1584411859512329,2.5942397117614746,-1.7416335344314575,0.4237586259841919,0.33328714966773987,0.14574436843395233,-0.4790325164794922,0.15573951601982117,0.0,0.0,0.0,-0.6072244048118591,-0.31911125779151917,0.4787347614765167,0.6834395527839661,0.12610477209091187,-0.3382713496685028,0.0,-0.12747447192668915,-0.49139243364334106,-0.8607569932937622,-0.6366442441940308,0.23061496019363403,-0.13197578489780426,0.0,0.7332584261894226,0.3712758719921112,0.0,-1.2294925451278687,-1.559923768043518,0.0,0.3811023533344269,0.4987753629684448,-0.10298195481300354
0.0,0.0,0.0,0.0,0.0,0.0,0.0,0.0,-0.21753200888633728,0.0,0.0,0.0,0.0,-0.2755820155143738,0.0,0.46297138929367065,0.0,0.25901374220848083,0.0,0.0,-0.16204041242599487,0.0,0.0,0.0,0.0,0.0,0.0,0.0,0.0,0.0,0.0,0.0,0.5826316475868225,0.0,0.0,0.0,0.0,0.0,0.0,0.0,0.0,0.0,0.0,0.0,0.0,0.0,0.0,0.0,0.0,0.0,0.0,0.0,0.0,0.0,0.0,0.7182056307792664,0.0,0.0,0.0,0.0,0.0,0.0,0.0,0.0,0.0,0.0,0.0,0.5392637848854065,-0.12971608340740204,0.0,0.0,0.0,0.0,0.0,0.0,0.0,0.0,0.0,0.0,0.0,-0.13708870112895966,0.0,0.0,0.0,0.0,0.0,0.0,0.0,0.0,0.0,0.0,0.0,0.0,0.0,0.0,0.0,0.0,0.0,0.0,0.0
-0.1981567144393921,0.0,0.21287043392658234,0.0,0.0,0.0,0.0,0.0,0.49562084674835205,0.0,0.0,0.0,0.0,-0.45495501160621643,0.0,-0.14215132594108582,-0.12765400111675262,-0.18650975823402405,0.0,0.1661132574081421,-0.808672308921814,0.0,0.0,-0.16018632054328918,-0.195757195353508,-1.4034161567687988,0.16232703626155853,0.0,0.1600828468799591,0.4802762567996979,0.0,0.0,0.12505914270877838,0.0,0.417012482881546,0.0,0.0,-0.20132337510585785,0.0,0.0,0.0,0.0,0.15943209826946259,0.0,0.404716819524765,0.36575189232826233,0.0,0.5658690929412842,0.0,0.0,0.0,0.0,-0.21443772315979004,0.0,0.0,-0.6718566417694092,0.0,-0.2422003597021103,0.0,0.0,0.0,0.0,0.17733153700828552,0.0,0.0,0.0,0.0,0.4243205785751343,0.0,0.0,-0.1883477121591568,0.0,-0.21966113150119781,0.0,0.0,0.0,0.0,0.0,0.31584230065345764,0.23767375946044922,0.5924564599990845,0.0,-0.1549999862909317,0.0,0.0,0.0,-0.22608432173728943,0.0,0.10320253670215607,0.0,0.0,0.0,0.0,-0.1416269987821579,-0.37846776843070984,0.0,0.0,0.0,-0.3606829047203064,0.0
0.0,0.0,0.0,0.0,0.0,0.0,0.0,0.0,0.0,0.0,0.0,0.0,0.0,0.0,0.0,0.0,0.0,0.0,0.0,0.0,0.0,0.0,0.0,0.0,0.0,0.0,0.0,0.0,0.0,0.0,0.0,0.0,0.0,0.0,0.0,0.0,0.0,0.0,0.0,0.0,0.0,0.0,0.0,0.0,0.0,0.0,0.0,0.0,0.0,0.0,0.0,0.0,0.0,0.0,0.0,0.0,0.0,0.0,0.0,0.0,0.0,0.0,0.0,0.0,0.0,0.0,0.0,0.0,-0.12344996631145477,0.0,0.0,0.0,0.0,0.0,0.0,0.0,0.0,0.0,0.0,0.0,0.0,0.0,0.0,0.0,0.0,0.0,0.0,0.0,0.0,0.0,0.0,0.0,0.0,0.0,0.0,0.0,0.0,0.0,0.0,0.0
0.0,0.0,0.0,0.0,0.0,0.0,0.0,0.12390594929456711,0.13433004915714264,0.0,0.0,0.0,0.0,0.0,0.0,-0.28465309739112854,0.0,0.12274692207574844,0.0,0.0,0.0,0.0,0.0,0.0,0.19751830399036407,0.0,0.0,0.0,0.0,0.0,0.0,0.0,0.12020774185657501,0.0,-0.2625647783279419,0.0,0.0,0.0,0.0,0.0,0.0,0.0,0.0,0.0,0.0,0.2626554071903229,0.0,0.0,0.0,0.0,0.0,0.0,0.0,0.0,0.0,0.0,0.0,0.0,0.0,0.0,0.0,0.0,0.0,0.0,0.0,0.0,0.0,-0.40724417567253113,-0.18973256647586823,0.0,0.0,0.0,0.0,0.0,0.0,0.0,0.0,0.0,0.0,0.0,0.22945773601531982,0.0,0.0,0.0,0.0,0.0,0.0,0.0,0.0,0.0,0.0,0.0,0.0,0.0,0.14435555040836334,0.13381968438625336,0.0,0.0,0.46255674958229065,0.0
0.0,0.0,-0.20213863253593445,0.0,0.0,0.0,0.0,-0.12480819970369339,0.0,0.0,0.0,0.0,0.0,-0.1292131394147873,0.0,-0.158028706908226,0.0,0.0,0.0,0.0,-0.11773314327001572,0.0,0.0,0.0,0.0,0.0,0.0,0.0,0.0,0.0,0.0,0.0,-0.12828625738620758,0.0,0.0,0.0,0.0,0.0,0.0,0.0,0.0,0.0,0.0,0.0,0.0,0.0,0.0,0.0,0.0,0.0,0.0,0.41177618503570557,0.12019670009613037,0.0,0.0,0.33216723799705505,0.0,0.0,0.0,0.0,0.0,0.0,0.0,0.0,0.0,0.0,0.0,0.0,-0.23203814029693604,0.0,0.0,0.0,0.0,0.0,0.0,0.0,0.0,0.0,0.0,0.0,0.30965450406074524,0.0,0.0,0.0,0.0,0.0,0.0,0.0,0.0,0.0,0.0,0.5223096609115601,0.0,0.0,0.0,0.0,0.0,0.0,-0.19326633214950562,0.0
0.0,0.0,0.0,0.0,0.0,0.0,0.0,0.0,0.0,0.0,0.0,0.0,0.0,0.0,0.0,0.2424868643283844,0.0,0.0,0.0,0.0,0.0,0.0,0.0,0.0,0.0,0.0,0.0,0.0,0.0,0.0,0.0,0.0,0.0,0.0,0.0,0.0,0.0,0.0,0.0,0.0,0.0,0.0,0.0,0.0,0.0,0.0,0.0,0.0,0.0,0.0,0.0,0.0,0.0,0.0,0.0,0.0,0.0,0.0,0.0,0.0,0.0,0.0,0.0,0.0,0.0,0.0,0.0,0.0,0.0,0.0,0.0,0.0,0.0,0.0,0.0,0.0,0.0,0.0,0.0,0.0,0.0,0.0,0.0,0.0,0.0,0.0,0.0,0.0,0.0,0.0,0.0,0.0,0.0,0.0,0.0,0.0,0.0,0.0,0.0,0.0
0.4828466773033142,0.0,-0.1758878082036972,0.0,0.0,0.0,0.2630308270454407,0.4015035331249237,-0.3992418050765991,0.0,0.0,0.0,0.0,0.0,0.0,0.9699303507804871,0.41731181740760803,-0.9076793789863586,0.28901252150535583,0.0,-0.5399982929229736,0.0,0.0,-0.4444897770881653,-0.2353275716304779,0.41911250352859497,0.0,0.0,0.0,0.28705254197120667,0.0,-0.21190959215164185,0.1982364058494568,0.0,1.0702961683273315,0.0,0.0,-1.4417377710342407,0.0,0.0,0.0,0.0,0.23619742691516876,0.0,0.5163413882255554,0.1248718723654747,0.24267736077308655,-0.24611395597457886,0.0,0.0,0.0,0.0,0.5454060435295105,0.0,-0.9770610928535461,0.32919421792030334,-1.1808866262435913,-0.303571879863739,0.0,0.49214962124824524,0.0,-0.15523362159729004,0.7920411825180054,0.0,0.19455169141292572,-0.24725912511348724,0.0,-0.7089785933494568,0.9084778428077698,0.45605313777923584,0.0,0.0,0.15836849808692932,0.0,0.0,0.0,0.0,-0.36441341042518616,-0.38794630765914917,0.22514812648296356,-0.12064740061759949,0.0,0.0,0.0,0.0,0.0,0.18923287093639374,0.0,0.0,0.0,-0.1596376597881317,0.0,0.0,0.12826283276081085,-0.9381144642829895,-0.7078562378883362,0.0,0.4867164194583893,0.0,0.0
0.0,0.0,-0.12952761352062225,0.0,0.0,0.0,0.0,0.0,0.370172917842865,0.0,0.0,0.0,0.0,0.522503137588501,0.0,-0.12065570801496506,0.0,-0.20785747468471527,0.0,0.0,0.1454140841960907,0.0,0.0,0.0,0.20242661237716675,0.0,0.0,0.0,0.0,0.0,0.0,0.0,0.0,0.0,0.0,0.0,0.0,0.0,0.0,0.0,0.0,0.0,0.0,0.0,0.0,0.0,0.0,0.0,0.0,0.0,0.0,-0.1184920072555542,0.0,0.0,0.0,0.3972974121570587,0.0,-0.1719285100698471,0.0,0.0,0.0,0.0,0.0,0.0,0.0,0.0,0.0,0.0,0.0,0.0,0.0,0.0,0.0,0.0,0.0,0.0,0.0,0.0,0.0,0.0,-0.15322524309158325,0.0,0.0,0.0,0.0,0.0,0.0,0.0,0.0,0.0,0.0,0.0,0.0,0.0,0.0,0.0,0.0,0.0,0.0,0.0
0.0,0.0,-0.39046376943588257,0.0,0.0,0.0,0.0,0.0,-0.11520743370056152,0.0,0.0,0.0,0.0,0.6444861888885498,0.0,-0.4894481599330902,0.0,0.0,0.0,0.0,0.68947833776474,0.0,0.0,0.36926957964897156,1.0200287103652954,-0.564350962638855,0.0,0.0,0.5914390087127686,0.0,0.0,0.0,0.0,0.0,-0.6049348711967468,0.0,0.0,0.0,0.0,0.0,0.0,0.0,0.0,0.0,0.0,-0.11118399351835251,0.0,0.0,0.0,0.0,0.0,0.0,0.0,0.0,0.7164201140403748,-0.17707005143165588,0.0,-0.22724848985671997,0.0,0.0,0.0,0.0,0.0,0.0,0.0,0.0,0.0,-1.0840919017791748,0.43468552827835083,0.0,0.0,0.0,-0.1337592750787735,0.0,0.0,0.0,0.0,0.0,-0.13938364386558533,0.0,0.46652817726135254,0.0,0.0,0.0,0.0,0.0,0.0,0.0,0.0,0.0,0.0,0.0,0.0,0.0,-0.15949873626232147,0.0,0.0,0.0,-0.12439883500337601,0.0
0.0,0.0,0.32082974910736084,0.0,0.0,0.0,0.0,0.0,-0.13658806681632996,0.0,0.0,0.0,0.0,-0.18262790143489838,0.0,0.0,0.0,0.29375049471855164,0.0,0.0,0.0,0.0,0.0,0.0,0.35814201831817627,0.0,0.0,0.0,0.0,0.0,0.0,0.0,0.0,0.0,-0.2714821696281433,0.0,0.0,0.0,0.0,0.0,0.0,0.0,0.0,0.0,0.0,0.16575244069099426,0.0,0.0,0.0,0.0,0.0,0.0,0.0,0.0,0.0,0.23213237524032593,0.0,-0.19837303459644318,0.0,0.0,0.0,0.0,0.0,0.0,0.0,0.0,0.0,0.5543995499610901,-0.31625479459762573,0.0,0.0,0.0,0.0,0.0,0.0,0.0,0.0,0.0,0.0,0.0,0.42897531390190125,0.0,0.0,0.0,0.0,0.0,0.0,0.0,0.0,0.0,0.0,0.0,0.0,0.0,-0.14965273439884186,0.1527838259935379,0.0,0.0,0.0,0.0
0.0,0.0,0.36772850155830383,0.0,0.0,0.0,0.0,0.0,0.1714499294757843,0.0,0.0,0.0,0.0,0.220744788646698,0.0,-0.38204506039619446,0.7443755865097046,0.3102837800979614,0.0,0.0,-0.32619884610176086,0.0,0.0,-0.15624555945396423,0.0,-0.31908687949180603,0.0,0.0,0.4705694019794464,-0.17344118654727936,0.0,0.0,0.0,0.0,-0.3558935821056366,0.0,0.0,0.0,0.0,0.0,0.0,0.0,0.0,0.0,0.0,0.42708298563957214,0.5123575925827026,0.0,0.0,0.0,0.0,-0.113137386739254,0.0,0.0,0.47872114181518555,-0.2578366696834564,0.0,0.41656026244163513,0.0,0.0,0.0,0.0,0.0,0.0,0.0,0.0,0.0,0.0,0.2783281207084656,0.0,0.0,0.0,0.13786330819129944,0.0,0.0,0.0,0.0,0.0,0.3986572325229645,0.0,0.3015446066856384,0.0,0.0,0.0,0.0,0.0,-0.14500944316387177,0.0,0.0,0.0,0.0,0.0,0.0,0.0,0.0,-0.1357947587966919,0.0,0.0,0.0,0.0
0.0,0.0,0.27408814430236816,0.0,0.0,0.0,0.0,0.0,0.0,0.0,0.0,0.0,0.0,0.23467911779880524,0.0,0.0,0.0,-0.19745191931724548,0.0,0.0,0.0,0.0,0.0,0.0,-0.11708062142133713,0.0,0.0,0.0,0.4521236717700958,0.0,0.0,0.0,0.0,0.0,0.0,0.0,0.0,0.0,0.0,0.0,0.0,0.0,0.0,0.0,0.0,-0.131219744682312,0.0,0.0,0.0,0.0,0.0,-0.11339304596185684,-0.11515095829963684,0.0,0.0,0.26628944277763367,0.0,0.0,0.0,0.0,0.0,0.0,0.0,0.0,0.0,0.0,0.0,-0.9458871483802795,-0.4345959424972534,0.0,0.0,0.0,0.5965224504470825,0.0,0.0,0.0,0.0,0.0,0.0,0.0,0.11548344790935516,0.0,0.0,0.0,0.0,0.0,0.0,0.0,0.0,0.0,0.0,0.0,0.0,-0.2283526211977005,0.0,0.18264684081077576,0.0,0.0,-0.15579862892627716,0.0
0.29161232709884644,-0.15946440398693085,-1.260345220565796,0.0,-0.3075679540634155,0.14467386901378632,-0.26634517312049866,0.12011334300041199,-0.2528994381427765,0.0,0.0,0.0,0.0,0.4437202215194702,-1.219672441482544,0.42399972677230835,-0.6111333966255188,1.9045881032943726,-0.4525916278362274,0.33937209844589233,1.1505557298660278,0.0,0.0,0.7977014780044556,-1.7266043424606323,-0.121150903403759,0.3793114721775055,0.7207643985748291,0.816835880279541,-0.11389410495758057,0.0,0.3196384906768799,0.0,0.0,0.499067485332489,0.5594842433929443,0.0,-0.31556591391563416,0.0,-0.41916078329086304,-0.2922191023826599,0.0,-0.6202924847602844,0.21044498682022095,-0.19243937730789185,0.3011656701564789,-0.13519062101840973,-0.20000430941581726,0.0,0.0,0.0,-0.15790817141532898,1.0561879873275757,-0.14971016347408295,0.0,-0.20178282260894775,-0.3401094675064087,-0.4726063013076782,0.0,-0.15806418657302856,0.0,-1.447901964187622,0.0,0.0,1.2479196786880493,-0.33181092143058777,0.0,-1.00700843334198,2.048711061477661,0.0,0.4624762237071991,0.0,0.0,0.0,0.0,-0.5512673854827881,0.27568528056144714,-0.3089922368526459,-0.8955614566802979,0.0,0.0,0.0,-0.12778232991695404,-0.1660250723361969,0.0,0.14031805098056793,0.0,0.0,0.13668860495090485,-0.16768690943717957,0.20330768823623657,0.0,0.0,-0.33676794171333313,0.5572111010551453,0.4696761667728424,0.0,0.0,0.29053354263305664,-0.6376789808273315
0.0,0.0,0.0,0.0,0.0,0.0,0.0,0.0,0.0,0.0,0.0,0.0,0.0,0.0,0.0,0.0,0.0,0.0,0.0,0.0,0.0,0.0,0.0,0.0,0.0,0.0,0.0,0.0,0.0,0.0,0.0,0.0,0.0,0.0,0.0,0.0,0.0,0.0,0.0,0.0,0.0,0.0,0.0,0.0,0.0,0.0,0.0,0.0,0.0,0.0,0.0,0.0,0.0,0.0,0.0,0.0,0.0,0.0,0.0,0.0,0.0,0.0,0.0,0.0,0.0,0.0,0.0,0.0,0.0,0.0,0.0,0.0,0.0,0.0,0.0,0.0,0.0,0.0,0.0,0.0,0.0,0.0,0.0,0.0,0.0,0.0,0.0,0.0,0.0,0.0,0.0,0.0,0.0,0.0,0.0,0.0,0.0,0.0,0.0,0.0
0.0,0.0,-0.1421702355146408,0.0,0.0,0.0,0.0,0.0,0.0,0.0,0.0,0.0,0.0,-0.23115667700767517,0.0,0.8116980791091919,0.0,-0.14165110886096954,0.0,0.0,0.0,0.0,0.0,0.0,-0.32289567589759827,0.0,0.0,0.0,0.0,0.0,0.0,0.0,0.0,0.0,0.7804178595542908,0.0,0.0,0.0,0.0,0.0,0.0,0.0,0.0,0.0,0.0,0.0,0.0,0.0,0.0,0.0,0.0,0.0,0.0,0.0,0.0,0.3457467555999756,0.0,-0.1272292286157608,0.0,0.0,0.0,0.0,0.0,0.0,0.0,0.0,0.0,0.9267303347587585,-0.31918877363204956,0.0,0.0,0.0,0.0,0.0,0.0,0.0,0.0,0.0,0.0,0.0,-0.18815794587135315,0.0,0.0,0.0,0.0,0.0,0.0,0.0,0.0,0.0,0.0,0.0,0.0,0.0,-0.14891189336776733,0.0,0.0,0.0,-0.11303557455539703,0.0
0.13772514462471008,0.0,0.41085413098335266,0.0,0.0,0.0,0.0,0.0,-0.1335817277431488,0.0,0.0,0.0,0.0,0.24641934037208557,0.0,0.31981101632118225,0.0,-0.4003254473209381,0.0,0.0,0.0,0.0,0.0,0.0,0.5248256325721741,0.0,0.0,0.0,0.0,0.0,0.0,0.0,0.0,0.0,-0.5145547986030579,0.0,0.0,0.0,0.0,0.0,0.0,0.0,0.0,0.0,0.11789466440677643,0.0,0.0,0.0,0.0,0.0,0.0,0.0,0.11332400888204575,0.0,0.0,0.3176102638244629,0.0,0.20633070170879364,0.0,0.0,0.0,0.0,0.0,0.0,0.0,0.0,0.0,0.49385470151901245,-0.4135185182094574,0.0,0.0,0.0,0.0,0.0,0.0,0.0,0.0,0.0,0.0,0.0,0.335747092962265,0.0,0.0,0.0,0.0,0.0,0.0,0.0,0.0,0.0,0.0,0.0,0.0,0.0,0.26851779222488403,0.1907930076122284,0.0,0.0,-0.28798702359199524,0.0
0.0,0.0,0.0,0.0,0.0,0.0,0.0,0.0,0.0,0.0,0.0,0.0,0.0,-0.18107180297374725,0.0,0.0,0.0,0.0,0.0,0.0,0.0,0.0,0.0,0.0,0.0,0.0,0.0,0.0,0.0,0.0,0.0,0.0,0.0,0.0,0.0,0.0,0.0,0.0,0.0,0.0,0.0,0.0,0.0,0.0,0.0,0.0,0.0,0.0,0.0,0.0,0.0,0.0,0.0,0.0,0.0,0.30608952045440674,0.0,0.0,0.0,0.0,0.0,0.0,0.0,0.0,0.0,0.0,0.0,0.29485899209976196,-0.1764111965894699,0.0,0.0,0.0,0.0,0.0,0.0,0.0,0.0,0.0,0.0,0.0,0.0,0.0,0.0,0.0,0.0,0.0,0.0,0.0,0.0,0.0,0.0,0.0,0.0,0.0,0.0,0.0,0.0,0.0,0.0,0.0
0.0,0.2978019416332245,0.0,0.0,0.20591288805007935,0.0,-0.8774797916412354,0.6800133585929871,0.7010418772697449,0.0,0.0,0.0,0.0,0.906072199344635,-0.8192322850227356,-1.2234585285186768,0.15783967077732086,0.23248782753944397,0.2908690273761749,0.0,0.0,0.0,0.0,0.2571740746498108,0.6162360310554504,0.599341094493866,0.1905965358018875,0.0,-0.48825719952583313,-0.42733439803123474,0.0,0.0,0.12038735300302505,0.0,0.29856935143470764,0.402220219373703,0.0,-0.2271561622619629,0.0,-0.20423376560211182,0.0,0.0,-0.20758433640003204,0.4448661506175995,0.0,0.15139012038707733,0.18056617677211761,0.1471446305513382,0.0,0.0,0.0,-0.8107727766036987,-1.139142632484436,0.0,0.0,0.8386948108673096,0.1932646781206131,0.8536504507064819,0.0,0.0,0.0,0.0,0.5089793801307678,0.0,0.0,0.49872341752052307,0.0,-0.4628813862800598,-0.24320901930332184,0.0,0.5192556381225586,0.0,0.14946599304676056,0.0,0.0,0.0,0.21919924020767212,0.0,0.3160499334335327,-0.6695170402526855,0.0,0.0,0.0,0.0,0.0,-0.16452881693840027,0.49897709488868713,0.19436360895633698,0.0,0.0,-0.1665942221879959,-0.2659996747970581,0.0,-0.5659949779510498,-0.17450334131717682,-0.840705156326294,0.0,0.0,-0.42996805906295776,0.0
0.0,0.0,0.0,0.0,0.0,0.0,0.0,0.0,0.0,0.0,0.0,0.0,0.0,0.0,0.0,0.0,0.0,0.531375527381897,0.0,0.0,0.0,0.0,0.0,0.0,-0.17595185339450836,0.0,0.0,0.0,0.0,0.0,0.0,0.0,0.0,0.0,0.0,0.0,0.0,0.0,0.0,0.0,0.0,0.0,0.0,0.0,0.0,0.0,0.0,0.0,0.0,0.0,0.0,0.0,0.0,0.0,0.0,0.0,0.0,-0.25986817479133606,0.0,0.0,0.0,0.0,0.0,0.0,0.0,0.0,0.0,-0.1638183444738388,0.0,0.0,0.0,0.0,0.0,0.0,0.0,0.0,0.0,0.0,0.0,0.0,0.0,0.0,0.0,0.0,0.0,0.0,0.0,0.0,0.0,0.0,0.0,0.0,0.0,0.0,-0.21316473186016083,0.0,0.0,0.0,0.0,0.0
0.0,0.0,0.0,0.0,0.0,0.0,0.0,0.0,0.0,0.0,0.0,0.0,0.0,0.0,0.0,0.0,0.0,0.27801910042762756,0.0,0.0,0.0,0.0,0.0,0.0,0.23826928436756134,0.0,0.0,0.0,0.0,0.0,0.0,0.0,0.0,0.0,0.0,0.0,0.0,0.0,0.0,0.0,0.0,0.0,0.0,0.0,0.0,0.0,0.0,0.0,0.0,0.0,0.0,0.0,0.0,0.0,0.0,0.0,0.0,0.0,0.0,0.0,0.0,0.0,0.0,0.0,0.0,0.0,0.0,0.0,0.0,0.0,0.0,0.0,0.0,0.0,0.0,0.0,0.0,0.0,0.0,0.0,0.0,0.0,0.0,0.0,0.0,0.0,0.0,0.0,0.0,0.0,0.0,0.0,0.0,0.0,0.0,0.0,0.0,0.0,0.0,0.0
0.0,0.0,0.0,0.0,0.0,0.0,0.1873098760843277,0.0,0.19541268050670624,0.0,0.0,0.0,0.0,-0.3046593964099884,0.0,0.4656592905521393,0.0,0.0,0.0,0.0,0.0,0.0,0.0,0.0,-0.3377203643321991,0.0,0.0,0.0,0.0,0.0,0.0,0.0,0.0,0.0,0.0,0.0,0.0,0.0,0.0,0.0,0.0,0.0,0.0,0.0,0.0,0.12406561523675919,0.0,0.0,0.0,0.0,0.0,0.1647750288248062,0.0,0.0,0.0,0.0,0.0,0.3404139280319214,0.0,0.0,0.0,0.0,0.0,0.0,0.0,0.0,0.0,-0.11723719537258148,0.1643206924200058,0.0,0.0,0.0,0.0,0.0,0.0,0.0,0.0,0.0,0.0,0.0,-0.1688443422317505,0.0,0.0,0.0,0.0,0.0,0.0,0.0,0.0,0.0,0.0,0.0,0.0,0.0,0.0,0.0,0.0,0.0,0.0,0.0
0.6487429141998291,-0.13311126828193665,0.21796831488609314,0.0,0.0,-0.4093194305896759,0.16310188174247742,0.1174219474196434,-0.4567245841026306,0.0,-0.2323639988899231,-0.11766822636127472,0.0,-0.7197464108467102,-0.48690086603164673,0.5779845118522644,0.4875945746898651,-0.19942238926887512,0.0,0.0,0.6839258074760437,0.0,0.17184403538703918,-0.11419226974248886,-0.1343822032213211,-1.0166919231414795,0.0,0.27216315269470215,0.21500511467456818,-1.1873836517333984,0.0,0.5569272637367249,-1.1913526058197021,0.0,1.0647854804992676,0.0,0.0,0.43574005365371704,0.0,0.6318356990814209,-0.15321440994739532,-0.1120368093252182,0.0,0.5144309997558594,-1.6665067672729492,0.0,0.5055388808250427,0.3161466121673584,0.0,0.0,0.0,0.0,0.36147841811180115,0.0,0.6173256635665894,0.09882856905460358,-0.52524334192276,0.7477971911430359,0.0,0.19219224154949188,0.0,0.7276666164398193,-0.1608104258775711,0.0,0.1518273651599884,0.45123305916786194,0.0,-0.7379879355430603,0.12343747913837433,-0.1531834602355957,0.11220047622919083,0.0,0.0,0.0,0.0,0.14295025169849396,0.0,1.1617395877838135,-0.2941489517688751,1.2092688083648682,-0.19479361176490784,0.0,-0.3871963918209076,0.0,0.0,0.0,-0.9808200001716614,0.0,-0.10001113265752792,-0.10264653712511063,0.166708841919899,1.0053948163986206,0.0,0.11316221207380295,0.7280914783477783,-0.6950716376304626,0.0,-0.3536701202392578,1.0535492897033691,0.10523751378059387
0.15483613312244415,0.0,-0.14047488570213318,0.0,0.0,0.0,0.0,0.1824832707643509,-0.42125311493873596,0.0,0.0,0.0,0.0,0.0,0.19338785111904144,-0.1914389580488205,-0.41748470067977905,0.0,0.0,0.0,0.36402642726898193,0.0,0.0,0.1286700814962387,0.26597583293914795,-0.8727183938026428,0.0,0.0,0.0,-0.19373738765716553,0.0,0.0,-0.1265280693769455,0.0,0.2874741852283478,0.0,0.0,0.3498995304107666,0.0,0.0,0.0,0.0,0.0,0.0,-0.5895035862922668,0.15470701456069946,-0.10776966065168381,0.0,0.0,0.0,0.0,0.290402352809906,-0.2488415539264679,0.0,0.25263941287994385,0.14548419415950775,0.27573591470718384,0.17773067951202393,0.0,0.0,0.0,0.5313796997070312,0.0,0.0,0.24546289443969727,-0.12285707145929337,0.0,0.22137890756130219,0.0,0.0,0.0,0.0,0.0,0.0,0.0,0.0,0.0,0.0,-0.16736018657684326,-0.1671656221151352,-0.3798687756061554,0.0,0.0,0.0,0.0,0.0,0.29551276564598083,0.15227892994880676,0.0,0.0,0.1993788480758667,0.0,0.0,0.14393486082553864,0.11050907522439957,0.0,0.0,0.0,0.7513427734375,0.0
0.0,0.0,0.18462908267974854,0.0,0.0,0.0,0.0,0.0,0.0,0.0,0.0,0.0,0.0,0.0,0.0,0.0,0.0,0.0,0.0,0.0,0.0,0.0,0.0,0.0,0.21096858382225037,-0.1381130963563919,0.0,0.0,0.0,0.0,0.0,0.0,0.0,0.0,0.0,0.0,0.0,0.0,0.0,0.0,0.0,0.0,0.0,0.0,0.0,0.0,0.0,0.0,0.0,0.0,0.0,0.0,0.0,0.0,0.0,0.0,0.0,0.0,0.0,0.0,0.0,0.0,0.0,0.0,0.0,0.0,0.0,0.0,0.0,0.0,0.0,0.0,0.0,0.0,0.0,0.0,0.0,0.0,0.0,0.0,0.0,0.0,0.0,0.0,0.0,0.0,0.0,0.0,0.0,0.0,0.0,0.0,0.0,0.0,0.0,0.0,0.0,0.0,0.0,0.0
0.0,0.0,-0.2128240317106247,0.0,0.0,0.0,0.16997091472148895,0.0,0.5391210317611694,0.0,0.0,0.0,0.0,0.3621610105037689,0.0,0.39938804507255554,0.0,0.33469685912132263,0.0,0.0,0.606697678565979,0.0,0.0,0.0,0.0,0.0,0.0,0.0,0.0,0.0,0.0,0.0,0.6460957527160645,0.0,0.0,0.0,0.0,0.0,0.0,0.0,0.0,0.0,0.0,0.0,0.0,-0.22232845425605774,0.0,0.0,0.0,0.0,0.0,0.0,0.0,0.0,0.0,0.0,0.0,0.0,0.0,0.0,0.0,0.0,0.0,0.0,0.0,0.0,0.0,-0.7006208300590515,0.0,0.0,0.0,0.0,0.0,0.0,0.0,0.3684749901294708,0.0,0.0,-0.15639925003051758,0.1346621960401535,-0.3136609196662903,0.0,0.6308712363243103,0.0,0.0,0.0,0.0,0.0,0.0,0.0,0.0,0.0,0.0,0.0,0.13930830359458923,-0.1281815767288208,0.0,0.0,0.0,0.0
