0.0,0.0,0.0,0.21885678655156848,0.0,0.0,0.0,0.0,0.0,3.2593763350043474,1.8834605575794257,0.0,0.0,0.0,0.0,0.0,0.0,0.0,0.0,0.0,1.9387314280674475,0.0,0.0,0.0,0.0,0.48611090914388333,0.0,0.0,0.0,0.6615684958906669,0.0,0.0,0.0,0.0,0.0,0.0,0.0,0.0,2.5340792735234916,0.0,0.0,0.0,0.0,0.0,0.0,0.0,0.0,0.0,0.0,0.0,0.0,0.0,0.0,0.0,0.0,0.5244777849774531,0.0,0.7561617451447021,0.0,0.0,0.0,0.0,0.0,0.0,0.0,0.0,0.8354792083901339,0.0,0.0,1.6234273369597543,0.0,0.0,0.0,0.0,0.0,0.0,0.0,0.0,0.12301907381421551,0.0,0.0,0.0,0.0,0.0,0.5740029495090833,1.23115994159903,0.0,0.0,0.0,0.0,0.0,0.0,0.0,1.3077340675535623,0.0,0.0,0.0,0.0,0.8765856886425579,0.0
0.0,0.0,0.2667911874526828,0.0,0.0,1.5342316582338091,0.0,0.321255445941153,2.9067065689090272,0.799699727371819,0.0,0.0,2.1989452494352384,0.12458837920048414,0.0,0.0,0.0,1.5189642515799493,1.4910856157777266,1.180967485048522,1.0158608652687962,1.128135265748904,0.0,0.7952672858169668,0.0,0.0,0.0,1.2481765104545168,1.8488231637869852,0.571604479031417,0.0,0.0,0.0,0.978810017722,0.0,2.24237206559648,0.0,0.0,0.4685457128730377,0.0,0.7400039274753705,0.24978931312934427,0.0,0.0,0.0,0.0,1.364563380798851,0.0,0.6197260481198081,2.59083976309286,0.0,0.0,0.0,0.0,0.0,0.7611315749513274,2.5999765446658927,0.6674806850201362,0.0,0.0,0.0,1.2996276573603645,0.0,0.3585709992036483,0.0,0.0,0.7240305734183546,0.0,0.0,0.5712221175771081,1.8206351505591563,0.0,0.0,1.1535579090370272,1.7471344342475512,0.0,2.388319979578595,1.967562366064045,0.0,0.0,0.0,1.089256393904242,0.8602000262494243,0.0,0.0,0.0,1.179852671839394,2.00236416450546,1.3258218577769048,0.8515231468212147,0.0,0.0,0.0,0.0,0.0,0.0,0.0,0.0,0.8885596629116228,0.0
0.0,0.0,0.0,0.0,0.0,1.317664437757563,0.0,1.1221105837597358,0.0,0.6946219620360146,0.0,0.0,0.0,1.0164284546859106,0.0,0.0,0.0,1.2521730641272664,1.2242944283250439,0.9644002645722759,0.9107830999329916,0.8613440782962213,0.0,0.528476098364284,0.0,0.0,0.0,0.9813853230018339,1.606831905138049,0.31830350842143373,0.0,0.0,0.0,0.7120188302693172,0.0,1.9755808781437971,0.0,0.0,0.20175452542035488,0.0,0.0,0.14471154779353973,0.0,0.0,0.0,0.0,0.0,0.0,0.3529348606671253,2.3240485756401768,0.0,0.0,0.0,0.0,0.0,0.4943403874986446,0.0,0.5624029196843316,0.0,0.0,0.0,1.0830604368841183,0.0,0.2534932338678438,0.0,0.0,0.8011787456234266,0.0,0.0,0.30443093012442524,1.5538439631064733,0.0,0.0,0.8867667215843444,0.0,0.0,0.0,0.0,0.0,0.0,0.0,0.8224652064515591,0.0,0.0,0.0,0.0,0.9130614843867112,1.7355729770527772,1.2846512838803674,0.6349559263449687,0.0,0.0,0.0,0.0,0.0,0.0,0.0,0.0,1.4075406166389728,0.0
0.0,0.0,0.0,0.0,0.0,0.0,0.0,0.0,0.0,3.040519548452779,1.6646037710278572,0.0,0.0,0.0,0.0,0.0,0.0,0.0,0.0,0.0,1.719874641515879,0.0,0.0,0.0,0.0,0.26725412259231485,0.0,0.0,0.0,1.6251870276364575,0.0,0.0,0.0,0.0,0.0,0.0,0.0,0.0,2.315222486971923,0.0,0.0,0.0,0.0,0.0,0.0,0.0,0.0,0.0,0.0,0.0,0.0,0.0,0.0,0.0,0.0,0.30562099842588464,0.0,0.5373049585931337,0.0,0.0,0.0,0.0,0.0,0.0,0.0,0.0,0.7760807845322286,0.0,0.0,1.4045705504081858,0.0,0.0,0.0,0.0,0.0,0.0,0.0,0.0,0.0,0.0,0.0,0.0,0.0,0.0,0.0,1.0123031550474615,0.0,0.0,0.0,0.0,0.0,0.0,0.0,1.0888772810019938,0.0,0.0,0.0,0.0,0.6577289020909894,0.0
0.0,0.0,0.0,0.0,0.0,1.3203133339852327,0.0,0.7027386794586996,0.0,0.7950141918333258,1.741188262759922,0.0,0.0,1.206617167501424,0.0,0.0,0.25248612987024077,0.0,1.922290562373762,0.0,0.8007189243002737,1.5891731746886255,0.0,1.226472232413002,0.0,0.34383861432437957,0.0,1.6793814570505519,2.3048280391867673,1.701771519368522,0.6466909261429259,0.0,0.0,1.410014964318035,0.0,0.0,0.0,0.0,1.4998966998292098,0.0,0.3958735389138327,1.331818101430284,0.0,0.0,0.0,0.0,1.0204329922373132,0.0,0.0,0.0,0.0,0.0,0.0,0.0,0.0,1.7227273177070463,0.0,1.0464827497076636,0.0,0.0,0.0,1.085709333111788,0.0,1.3827149836762345,0.0,0.0,1.2852585756467585,0.0,0.0,0.5993890608309309,0.565184980215034,0.17034633985666964,0.0,1.1465050670543682,0.0,0.0,0.0,0.0,0.0,0.0,0.0,0.7672689074285178,0.0,0.0,0.0,1.088887646779526,1.6110576184354293,0.8752959634420172,1.9826474179290854,0.0,0.0,0.0,0.0,1.1654617727340586,0.0,0.0,0.0,0.0,1.2700428964291695,0.0
0.0,0.0,0.0,0.0,0.0,0.0,0.0,0.0,0.0,0.0,0.0,0.0,0.0,0.0,0.0,0.0,0.0,0.0,0.0,0.0,0.0,0.0,0.0,0.0,0.0,0.0,0.0,0.0,0.0,0.0,0.0,0.0,0.0,0.0,0.0,0.0,0.0,0.0,0.0,0.0,0.0,0.0,0.0,0.0,0.0,0.0,0.0,0.0,0.0,0.0,0.0,0.0,0.0,0.0,0.0,0.40241398372181364,0.0,0.6340979438890626,0.0,0.0,0.0,0.0,0.0,0.0,0.0,0.0,0.8728737698281576,0.0,0.0,0.0,0.0,0.0,0.0,0.0,0.0,0.0,0.0,0.0,0.0,0.0,0.0,0.0,0.0,0.0,0.0,0.0,0.0,0.0,0.0,0.0,0.0,0.0,0.0,0.0,0.0,0.0,0.0,0.0,0.0,0.0
0.0,0.0,0.0,0.0,0.0,1.3912897836222002,0.0,0.9143023558832457,0.0,1.2562224952278123,0.0,0.0,0.0,0.7176352891425768,0.0,0.0,0.0,0.0,0.6786229397955665,1.1651330339061388,1.6089077752108887,2.4560684503938948,0.0,0.9733521490374875,0.0,0.0,0.0,1.4262613736750374,2.0517079558112528,0.7605436287032201,0.15770904778407868,0.0,0.0,1.1568948809425206,0.0,0.0,0.0,0.0,1.5708731494661774,0.0,0.0,0.8428362230714369,0.0,0.0,0.0,0.0,0.7673129088617986,0.0,0.0,0.0,0.0,0.0,0.0,0.0,0.0,1.6030042725774618,0.0,1.260527594962229,0.0,0.0,0.0,1.1566857827487556,0.0,0.951617909145741,0.0,0.0,0.7209038598408346,0.0,0.0,0.7242292393862263,0.0,0.0,0.0,0.8933849836788534,0.0,0.0,0.0,0.0,0.0,0.0,0.0,1.3631617448900109,0.0,0.0,0.0,0.0,1.3579375350599148,1.7421912391472862,0.3856402380642461,0.8356886956788314,0.0,0.0,0.0,0.0,0.0,0.0,0.0,0.0,1.4816065728537156,0.0
0.0,0.0,0.0,0.0,0.0,0.0,0.0,0.0,0.0,0.8298653942906558,0.0,0.0,0.0,0.0,0.0,0.0,0.0,0.0,0.0,0.0,0.0,0.0,0.0,0.0,0.0,0.0,0.0,0.0,0.0,0.0,0.0,0.0,0.0,0.0,0.0,0.0,0.0,0.0,0.0,0.0,0.0,0.0,0.0,0.0,0.0,0.0,0.0,0.0,0.0,0.0,0.0,0.0,0.0,0.0,0.0,0.0,0.0,0.0,0.0,0.0,0.0,0.0,0.0,0.0,0.0,0.0,0.0,0.0,0.0,1.3141458652876663,0.0,0.0,0.0,0.0,0.0,0.0,0.0,0.0,0.0,0.0,0.0,0.0,0.0,0.0,0.0,0.0,0.0,0.0,0.0,0.0,0.0,0.0,0.0,0.0,0.0,0.0,0.0,0.0,0.5673042169704698,0.0
0.0,0.0,0.0,0.0,0.0,0.0,0.0,0.0,0.0,1.4313244705980943,0.0,0.0,0.0,0.0,0.0,0.0,0.0,0.0,0.0,0.0,0.7067500662919707,0.653575351284705,0.0,0.0,0.0,0.0,0.0,0.33977615068683076,0.0,0.0,0.0,0.0,0.0,0.0,0.0,0.0,0.0,0.0,0.0,0.0,0.0,0.0,0.0,0.0,0.0,0.0,0.0,0.0,0.0,0.0,0.0,0.0,0.0,0.0,0.0,0.16071430417617105,0.0,0.39239826434342007,0.0,0.0,0.0,0.0,0.0,0.9901957424299236,0.0,0.0,0.631174090282515,0.0,0.0,0.0,0.0,0.0,0.0,0.0,0.0,0.0,0.0,0.0,0.0,0.0,0.0,0.0,0.0,0.0,0.0,0.0,0.0,0.0,0.0,0.0,0.0,0.0,0.0,0.0,0.0,0.0,0.0,0.0,0.0,0.0
0.0,0.0,0.0,0.0,0.0,0.0,0.0,0.0,0.0,0.0,0.0,0.0,0.0,0.0,0.0,0.0,0.0,0.0,0.0,0.0,0.0,0.0,0.0,0.0,0.0,0.0,0.0,0.0,0.0,0.0,0.0,0.0,0.0,0.0,0.0,0.0,0.0,0.0,0.0,0.0,0.0,0.0,0.0,0.0,0.0,0.0,0.0,0.0,0.0,0.0,0.0,0.0,0.0,0.0,0.0,0.0,0.0,0.0,0.0,0.0,0.0,0.0,0.0,0.0,0.0,0.0,0.0,0.0,0.0,0.0,0.0,0.0,0.0,0.0,0.0,0.0,0.0,0.0,0.0,0.0,0.0,0.0,0.0,0.0,0.0,0.0,0.0,0.0,0.0,0.0,0.0,0.0,0.0,0.0,0.0,0.0,0.0,0.0,0.0,0.0
0.0,0.0,0.0,0.0,0.0,0.0,0.0,0.0,0.0,1.3759157774249218,0.0,0.0,0.0,0.0,0.0,0.0,0.0,0.0,0.0,0.0,0.0,0.0,0.0,0.0,0.0,0.0,0.0,0.0,0.0,0.24378747647452814,0.0,0.0,0.0,0.0,0.0,0.0,0.0,0.0,0.650618715944066,0.0,0.0,0.0,0.0,0.0,0.0,0.0,0.0,0.0,0.0,0.0,0.0,0.0,0.0,0.0,0.0,0.0,0.0,0.0,0.0,0.0,0.0,0.0,0.0,0.0,0.0,0.0,0.0,0.0,0.0,0.0,0.0,0.0,0.0,0.0,0.0,0.0,0.0,0.0,0.0,0.0,0.0,0.0,0.0,0.0,0.0,0.0,0.0,0.0,0.0,0.0,0.0,0.0,0.0,0.0,0.0,0.0,0.0,0.0,0.0,0.0
0.0,0.0,0.0,0.0,0.0,0.842013494264761,0.0,0.6704374941636493,0.0,0.706946205870373,0.8204051628483147,0.0,1.5330070562952216,0.4737704274229804,0.0,0.0,0.0,0.0,1.119894189640808,0.0,1.2754998280017098,1.667086166040507,0.0,0.4240758596800482,0.0,0.0,0.0,0.8769850843175981,0.8123162344396047,1.064192639322843,0.0,0.0,0.5854258933711065,0.6076185915850814,0.0,0.0,0.0,0.0,1.0215968601087382,0.0,1.1840521471140715,0.5989713613518406,0.0,0.0,0.0,0.0,0.21803661950435932,0.0,0.0,0.0,0.0,0.0,0.0,0.0,0.0,0.7277491932027287,0.0,0.9594331533699777,0.0,0.0,0.0,0.6074094933913163,0.0,0.7077530474261446,0.0,0.0,1.0432466788113723,0.0,0.0,0.731006660958335,2.129223546352546,0.0,0.0,0.34410869432141417,0.0,0.0,1.3962721845174035,0.0,0.0,0.0,0.48967478351464555,0.921484646483383,0.0,0.0,0.7817704199303218,0.0,0.8086612457024753,0.9532089547938988,1.1802510451961317,0.0,1.0772772604117424,0.0,0.0,1.717152505903269,0.6391085991104922,0.0,0.0,0.0,0.2505899128057688,0.0
0.0,0.0,0.0,0.0,0.0,0.0,0.0,0.0,0.0,1.177117213047027,0.0,0.0,0.0,0.0,0.0,0.0,0.0,0.0,0.0,0.0,1.393278350944004,0.0,0.0,0.0,0.0,0.0,0.0,0.0,0.0,0.0,0.0,0.0,0.0,0.0,0.0,0.0,0.0,0.0,0.0,0.0,0.0,0.6272067988045524,0.0,0.0,0.0,0.0,0.0,0.0,0.0,0.0,0.0,0.0,0.0,0.0,0.0,0.0,0.0,1.0448981706953444,0.0,0.0,0.0,0.0,0.0,0.7359884848788565,0.0,0.0,1.2836739966344393,0.0,0.0,0.0,0.0,0.0,0.0,0.0,0.0,0.0,0.0,0.0,0.0,0.0,0.0,0.0,0.0,0.0,0.0,0.0,0.0,0.0,0.0,0.0,0.0,0.0,0.0,0.0,0.0,0.0,0.0,0.0,0.0,0.0
0.0,0.0,0.0,0.0,0.0,0.0,0.0,0.1966670667406689,0.0,0.6751113481713349,0.0,0.0,0.0,0.0,0.0,0.0,0.0,0.0,0.0,0.0,0.8912724860683119,0.0,0.0,0.0,0.0,0.0,0.0,0.0,0.0,0.0,0.0,0.0,0.0,0.0,0.0,0.0,0.0,0.0,0.0,0.0,0.0,0.12520093392886011,0.0,0.0,0.0,0.0,0.0,0.0,0.0,0.0,0.0,0.0,0.0,0.0,0.0,0.0,0.0,0.5428923058196521,0.0,0.0,0.0,0.0,0.0,0.23398262000316417,0.0,0.0,0.781668131758747,0.0,0.0,1.5108129320283352,0.0,0.0,0.0,0.0,0.0,0.0,0.0,0.0,0.0,0.0,0.0,0.0,0.0,0.0,0.0,0.0,0.0,0.0,0.0,0.0,0.0,0.0,0.0,0.0,0.0,0.0,0.0,0.0,0.7639712837111388,0.0
0.0,0.0,0.0,0.0,0.0,0.0,0.0,0.6763445111934326,0.0,1.1168607094529417,0.0,0.0,1.7813484391637489,0.4796774444527637,0.0,0.0,0.5743326474898566,0.0,0.0,0.0,1.1225654419198894,1.9110196923082414,0.8936681165220771,0.0,0.0,0.0,0.0,0.0,0.700633991078639,0.9615409918514258,0.207142787539222,0.0,0.0,0.0,0.0,0.0,0.0,0.0,0.8262400528457798,0.0,0.0,0.6048783783816238,0.3606160666000512,0.0,0.0,0.0,0.0,0.0,0.0,0.8493539456771799,0.0,0.0,0.0,0.0,0.0,0.9989526014648575,0.0,1.0225697502724158,0.0,0.0,0.0,0.0,0.0,0.7136600644559279,0.0,0.0,0.43033352226758775,0.0,0.0,0.7736629791413696,0.8870314978346499,0.0,0.0,0.0,0.0,0.0,0.0,1.5499655557925558,0.0,0.0,0.0,1.0556415720885575,0.0,0.0,0.0,0.0,0.0,1.1971424810616331,0.5866376012124518,0.0,0.0,0.0,0.0,0.0,0.0,0.0,0.0,0.0,1.2436487281639024,0.0
0.0,0.0,0.0,0.0,0.0,0.7785817992984276,0.0,1.0748674120568669,0.0,1.1113761237635909,1.2248350807415322,0.40442991789321764,1.9374369741884392,0.8782003453161981,0.0,0.0,0.0,0.0,1.5243241075340257,0.4253176261131405,1.3361166015471433,0.9582407478503867,0.0,0.8285057775732658,0.0,0.14164182525679214,0.0,1.2814150022108157,1.2167461523328222,1.2414289876677216,0.0,0.0,0.9898558112643241,1.0120485094782992,0.0,0.0,0.0,0.0,0.9581651651424049,0.0,1.5884820650072893,1.0034012792450582,0.0,0.0,0.0,0.0,0.622466537397577,0.0,0.0,0.0,0.0,0.0,0.0,0.0,0.0,1.1321791110959463,0.0,1.3638630712631952,0.0,0.0,0.0,0.543977798424983,0.0,1.1121829653193622,0.0,0.0,1.4476765967045901,0.0,0.0,1.1354365788515526,2.5336534642457638,0.0,0.56378012176647,0.7485386122146318,0.0,0.0,1.8007021024106211,0.0,0.0,0.0,0.8941047014078631,1.3259145643766006,0.0,0.0,1.1862003378235395,0.6285451150787257,1.213091163595693,1.3576388726871165,1.5846809630893495,0.0,1.48170717830496,0.0,0.0,0.4844994564261199,1.04353851700371,0.0,0.0,0.0,0.6550198306989865,0.0
0.0,0.0,0.0,0.0,0.0,0.0,0.0,0.45025254958845884,0.0,0.542528061963085,0.0,0.0,0.0,0.0,0.0,0.0,0.0,0.0,0.0,0.0,0.5482327944300329,1.3366870448183847,0.0,0.0,0.0,0.0,0.0,0.0,0.0,0.0,0.0,0.0,0.0,0.0,0.0,0.0,0.0,0.0,0.0,0.0,0.0,0.0,0.0,0.0,0.0,0.0,0.0,0.0,0.0,0.0,0.0,0.0,0.0,0.0,0.0,0.0,0.0,0.7939966198374229,0.0,0.0,0.0,0.0,0.0,1.1302288538059937,0.0,0.0,1.032772445776518,0.0,0.0,1.7643984148761251,0.3126988503447933,0.0,0.0,0.0,0.0,0.0,0.0,0.0,0.0,0.0,0.0,0.0,0.0,0.0,0.0,0.0,0.0,0.6228098335717764,0.0,0.0,0.0,0.0,0.0,0.0,0.0,0.0,0.0,0.0,1.0175567665589287,0.0
0.0,0.0,0.0,0.0,0.0,0.0,0.0,0.4392245982228726,0.0,1.2690899925135284,0.0,0.0,0.0,1.1053186614398012,0.0,0.0,0.0,0.0,0.0,0.0,0.5372048430644467,0.0,0.0,0.0,0.0,0.0,0.0,0.0,0.0,0.0,0.0,0.0,0.0,0.0,0.0,0.7234078140165306,0.0,0.0,0.0,0.0,0.0,1.2305195953686612,0.0,0.0,0.0,0.0,0.0,0.0,0.0,1.0718755115129106,0.0,0.0,0.0,0.0,0.0,0.0,0.0,1.6482109672594532,0.0,0.0,0.0,0.0,0.0,1.3393012814429652,0.0,0.0,0.4012537552384,0.0,0.0,1.753370463510539,0.301670898979207,0.0,0.0,0.0,0.0,0.0,0.0,0.0,0.0,0.0,0.0,0.0,0.0,0.0,0.0,0.0,0.0,0.0,0.0,0.0,0.0,0.0,0.0,0.0,0.0,0.0,0.0,0.0,1.0065288151933425,0.0
0.0,0.0,0.0,0.0,0.0,0.0,0.0,0.3335697418022403,0.0,0.8120140232329063,0.0,0.0,0.0,0.13690267506157144,0.0,0.0,0.0,0.0,0.0,0.0,1.0281751611298833,0.0,0.0,0.0,0.0,0.0,0.0,0.0,0.0,0.0,0.0,0.0,0.0,0.0,0.0,0.0,0.0,0.0,0.0,0.0,0.0,0.26210360899043156,0.0,0.0,0.0,0.0,0.0,0.0,0.0,0.0,0.0,0.0,0.0,0.0,0.0,0.0,0.0,0.6797949808812236,0.0,0.0,0.0,0.0,0.0,0.3708852950647356,0.0,0.0,0.9185708068203186,0.0,0.0,1.6477156070899066,0.0,0.0,0.0,0.0,0.0,0.0,0.0,0.0,0.0,0.0,0.0,0.0,0.0,0.0,0.0,0.0,0.0,0.0,0.0,0.0,0.0,0.0,0.0,0.0,0.0,0.0,0.0,0.0,0.9008739587727101,0.0
0.0,0.0,0.0,0.0,0.0,0.35326417318528713,0.0,0.0,0.0,1.2581446005101202,0.0,0.0,0.0,0.0,0.0,0.0,0.0,0.0,0.0,0.0,0.0,0.0,0.0,0.0,0.0,0.0,0.0,0.0,0.0,1.3911521491146583,0.0,0.0,0.0,0.0,0.0,0.0,0.0,0.0,0.5328475390292644,0.0,0.0,0.0,0.0,0.0,0.0,0.0,0.0,0.0,0.0,0.0,0.0,0.0,0.0,0.0,0.0,0.7556781569071007,0.0,0.9873621170743497,0.0,0.0,0.0,0.11866017231184245,0.0,0.0,0.0,0.0,1.2261379430134447,0.0,0.0,1.218604535497278,0.0,0.0,0.0,0.0,0.0,0.0,0.0,0.0,0.0,0.0,0.0,0.0,0.0,0.0,0.0,0.0,0.0,0.0,0.0,0.0,0.0,0.0,0.0,0.0,0.0,0.0,0.0,0.0,0.4717628871800815,0.0
0.0,0.0,0.0,0.0,0.0,0.0,0.0,0.0,0.0,0.0,0.0,0.0,0.0,0.0,0.0,0.0,0.0,0.0,0.0,0.0,0.0,0.0,0.0,0.0,0.0,0.0,0.0,0.0,0.0,0.0,0.0,0.0,0.0,0.0,0.0,0.0,0.0,0.0,0.0,0.0,0.0,0.0,0.0,0.0,0.0,0.0,0.0,0.0,0.0,0.0,0.0,0.0,0.0,0.0,0.0,0.0,0.0,0.0,0.0,0.0,0.0,0.0,0.0,0.0,0.0,0.0,0.0,0.0,0.0,0.0,0.0,0.0,0.0,0.0,0.0,0.0,0.0,0.0,0.0,0.0,0.0,0.0,0.0,0.0,0.0,0.0,0.0,0.0,0.0,0.0,0.0,0.0,0.0,0.0,0.0,0.0,0.0,0.0,0.0,0.0
0.0,0.0,0.0,0.0,0.0,0.0,0.0,0.0,0.0,0.0,0.0,0.0,0.0,0.0,0.0,0.0,0.0,0.0,0.0,0.0,0.0,0.0,0.0,0.0,0.0,0.0,0.0,0.0,0.0,0.0,0.0,0.0,0.0,0.0,0.0,0.0,0.0,0.0,0.0,0.0,0.0,0.0,0.0,0.0,0.0,0.0,0.0,0.0,0.0,0.0,0.0,0.0,0.0,0.0,0.0,0.0,0.0,0.0,0.0,0.0,0.0,0.0,0.0,0.0,0.0,0.0,0.0,0.0,0.0,0.0,0.0,0.0,0.0,0.0,0.0,0.0,0.0,0.0,0.0,0.0,0.0,0.0,0.0,0.0,0.0,0.0,0.0,0.0,0.0,0.0,0.0,0.0,0.0,0.0,0.0,0.0,0.0,0.0,0.0,0.0
0.0,0.0,0.0,0.0,0.0,0.0,0.0,0.6609131489100666,0.0,0.7919309832042071,0.0,0.0,0.8876803226416717,0.0,0.0,0.0,0.0,0.0,0.0,0.0,0.9800813251756006,0.0,0.0,0.0,0.0,0.0,0.0,0.0,0.0,0.6360467832260701,0.0,0.0,0.0,0.0,0.0,0.0,0.0,0.0,0.0,0.0,0.0,1.514887121446224,0.0,0.0,0.0,0.0,0.0,0.0,0.0,0.0,0.0,0.0,0.0,0.0,0.0,0.0,0.0,1.932578493337016,0.0,0.0,0.0,0.0,0.0,1.6236688075205281,0.0,0.0,2.171354319276111,0.0,0.0,1.3965917150860232,0.0,0.0,0.0,0.0,0.0,0.0,0.0,0.6562974392704786,0.0,0.0,0.0,0.16197345556648035,0.0,0.0,0.0,0.0,0.0,0.0,0.0,0.0,0.0,0.0,0.0,0.0,0.0,0.0,0.0,0.0,1.2282173658805364,0.0
0.0,0.0,0.0,0.0,0.0,0.8579054012125077,0.0,1.0293880717630002,0.0,1.3613116334818933,0.0,0.0,0.0,0.8327210050223313,0.0,0.0,0.0,0.0,0.6958183299607599,0.0,0.8514239683216617,0.0,0.0,0.0,0.0,0.0,0.0,0.4529092246375499,1.078355806773765,1.1310785761550575,0.0,0.0,0.0,0.18354273190503323,0.0,0.0,0.0,0.0,1.037488767056485,0.0,0.0,0.9579219389511914,0.0,0.0,0.0,0.0,0.0,0.0,0.0,0.0,0.0,0.0,0.0,0.0,0.0,1.2603193849343213,0.0,1.3756133108419832,0.0,0.0,0.0,0.623301400339063,0.0,0.9201829053137227,0.0,0.0,1.091438807292672,0.0,0.0,0.30693080127828676,0.0,0.0,0.0,0.0,0.0,0.0,0.0,0.0,0.0,0.0,0.0,0.0,0.0,0.0,0.0,0.0,0.3845853860224272,0.0,0.7561751855160835,0.0,0.0,0.0,0.0,0.0,0.0,0.0,0.0,0.0,0.8790645182746887,0.0
0.0,0.0,0.0,0.0,0.0,1.3431184685778366,0.0,0.6473901844479639,1.7933490057862231,1.1258344658786301,1.4132456188171885,0.0,0.7676335826875866,0.45072311770729506,0.0,0.0,0.0,0.0,0.6636947353837779,1.0310587125524098,1.3419956037756071,1.3250231109194774,0.6225779300360764,0.7716361387918239,0.0,0.0,0.0,0.7961752805669321,1.849991945565589,0.5994895371556345,0.8667169677308828,0.0,0.0,0.7360388413920285,0.0,2.140292096251795,0.0,0.0,1.1860074990142433,0.0,0.41867867350643667,0.5759240516361552,0.0,1.0691241884602771,0.0,0.0,0.7257974624017944,1.1591252486858963,0.0,2.4887597937481747,0.0,0.0,0.0,0.0,0.0,1.5614888261174578,1.4866189815430886,0.9057142994998908,0.0,0.0,0.2916823687836778,1.1085144677043919,0.0,0.6847057377104593,0.0,0.7871937106692448,0.559849768293249,0.0,0.0,1.0785669400701106,1.364188248962806,0.0,0.9305624848355607,0.8518695372188493,2.2333008868614272,0.0,2.8744864321924712,1.2788753693065549,0.0,0.0,0.9396296202707783,0.7845513856025568,1.3463664788633003,0.0,1.3318673059074386,1.3022354727917675,1.1562215248142511,1.700675792687282,0.22458614651666042,0.0,0.3119037868041075,0.0,0.0,0.9517790322956343,0.0,0.0,0.0,0.0,1.2146944014184338,0.0
0.0,0.0,0.0,0.0,0.0,0.0,0.0,0.0,0.0,2.773265425860464,1.3973496484355423,0.0,0.0,0.0,0.0,0.0,0.0,0.0,0.0,0.0,1.4526205189235641,0.0,0.0,0.0,0.0,0.0,0.0,0.0,0.0,1.3579329050441427,0.0,0.0,0.0,0.0,0.0,0.0,0.0,0.0,2.0479683643796083,0.0,0.0,0.0,0.0,0.0,0.0,0.0,0.0,0.0,0.0,0.0,0.0,0.0,0.0,0.0,0.0,0.0,0.0,0.0,0.0,0.0,0.0,0.0,0.0,0.0,0.0,0.0,0.0,0.0,0.0,0.0,0.0,0.0,0.0,0.0,0.0,0.0,0.0,0.0,0.0,0.0,0.0,0.0,0.0,0.0,0.0,0.7450490324551466,0.0,0.0,0.0,0.0,0.0,0.0,0.0,0.8216231584096789,0.0,0.0,0.0,0.0,0.0,0.0
0.0,0.0,0.0,0.0,0.0,0.9053420768824799,0.0,1.2411622165353433,3.431327132089656,0.610740216972702,1.8587363748543062,0.0,1.6461390411645982,1.0444951497946744,0.0,0.0,0.0,0.0,1.6906189120125021,1.311680690138843,1.7385400436985272,2.477516883408149,0.7584587185229265,0.994800582051742,0.0,0.0,0.0,1.447709806689292,2.0731563888255073,1.3792350167282361,0.0,0.0,0.0,1.1783433139567752,0.0,3.778270222555228,0.0,0.0,1.592321582480432,0.0,0.0,1.1696960837235344,0.0,0.0,0.0,0.0,0.7887613418760532,0.0,0.0,4.126737920051608,0.0,0.0,0.0,0.0,0.0,1.3077560606042935,3.1245971078465216,1.5394400207715426,0.0,0.0,0.0,1.1781342157630101,1.1938280624813773,0.16961148880453125,0.0,0.0,1.099416522826633,0.0,0.0,1.3017313833300288,2.185393390367807,0.0,0.0,0.914833416693108,2.27175499742818,0.0,1.4524420285326642,1.4147561577934051,0.0,0.5538947589578095,0.0,0.6162546002528848,1.3848205894300532,0.0,0.8379402639455824,1.2064357588739103,1.3793859680741694,1.7636396721615408,1.7509757675678255,0.0,0.0,0.0,0.0,1.5363356574687423,0.6952784431257528,0.0,0.0,0.0,1.475643989939185,0.0
0.0,0.0,0.0,0.0,0.0,0.0,0.0,0.0,0.0,1.0915483199112637,0.0,0.0,0.0,0.0,0.0,0.0,0.0,0.0,0.0,0.0,0.0,0.0,0.0,0.0,0.0,0.0,0.0,0.0,0.0,0.0,0.0,0.0,0.0,0.0,0.0,0.0,0.0,0.0,0.0,0.0,0.0,0.0,0.0,0.0,0.0,0.0,0.0,0.0,0.0,0.0,0.0,0.0,0.0,0.0,0.0,0.0,0.0,0.0,0.0,0.0,0.0,0.0,0.0,0.6504195917430928,0.0,0.0,0.0,0.0,0.0,0.0,0.0,0.0,0.0,0.0,0.0,0.0,0.0,0.0,0.0,0.0,0.0,0.0,0.0,0.0,0.0,0.0,0.0,0.0,0.0,0.0,0.0,0.0,0.0,0.0,0.0,0.0,0.0,0.0,0.0,0.0
0.0,0.0,0.0,0.0,0.0,0.0,0.0,0.0,0.0,1.2555300538228678,0.0,0.0,0.0,0.0,0.0,0.0,0.0,0.0,0.0,0.0,0.0,0.0,0.0,0.0,0.0,0.0,0.0,0.0,0.0,1.3885376024274056,0.0,0.0,0.0,0.0,0.0,0.0,0.0,0.0,0.5302329923420118,0.0,0.0,0.0,0.0,0.0,0.0,0.0,0.0,0.0,0.0,0.0,0.0,0.0,0.0,0.0,0.0,0.29831861038621854,0.0,0.5300025705534676,0.0,0.0,0.0,0.0,0.0,0.0,0.0,0.0,0.7687783964925625,0.0,0.0,0.0,0.0,0.0,0.0,0.0,0.0,0.0,0.0,0.0,0.0,0.0,0.0,0.0,0.0,0.0,0.0,0.0,0.0,0.0,0.0,0.0,0.0,0.0,0.0,0.0,0.0,0.0,0.0,0.0,0.0,0.0
0.0,0.0,0.0,0.0,0.0,0.0,0.0,0.0,0.0,0.0,0.0,0.0,0.0,0.0,0.0,0.0,0.0,0.0,0.0,0.0,0.0,0.0,0.0,0.0,0.0,0.0,0.0,0.0,0.0,0.0,0.0,0.0,0.0,0.0,0.0,0.0,0.0,0.0,0.0,0.0,0.0,0.0,0.0,0.0,0.0,0.0,0.0,0.0,0.0,0.0,0.0,0.0,0.0,0.0,0.0,0.0,0.0,0.0,0.0,0.0,0.0,0.0,0.0,0.0,0.0,0.0,0.0,0.0,0.0,0.0,0.0,0.0,0.0,0.0,0.0,0.0,0.0,0.0,0.0,0.0,0.0,0.0,0.0,0.0,0.0,0.0,0.0,0.0,0.0,0.0,0.0,0.0,0.0,0.0,0.0,0.0,0.0,0.0,0.0,0.0
0.0,0.0,0.0,0.0,0.0,0.0,0.0,0.756593308099167,0.0,1.2350375895298331,0.0,0.0,0.0,0.5599262413584981,0.0,0.0,0.0,0.0,0.0,0.0,1.45119872742681,0.0,0.0,0.0,0.0,0.0,0.0,0.0,0.0,0.0,0.0,0.0,0.0,0.0,0.0,0.0,0.0,0.0,0.0,0.0,0.0,0.6851271752873582,0.0,0.0,0.0,0.0,0.0,0.0,0.0,0.0,0.0,0.0,0.0,0.0,0.0,0.0,0.0,1.1028185471781502,0.0,0.0,0.0,0.0,0.0,0.7939088613616623,0.0,0.0,1.3415943731172453,0.0,0.0,0.5665201916021476,0.0,0.0,0.0,0.0,0.0,0.0,0.0,0.0,0.0,0.0,0.0,0.0,0.0,0.0,0.0,0.0,0.0,0.0,0.0,0.0,0.0,0.0,0.0,0.0,0.0,0.0,0.0,0.0,1.3238975250696368,0.0
2.001221917651696,0.0,2.1944066435003413,1.1605939319582002,0.0,0.8351438043628967,0.0,0.8834314354006337,0.977576799960123,0.8336109334250942,0.9620599933013313,0.0,1.5731790944234352,0.7857678664608675,0.0,0.0,2.0424985762444665,0.4442068371777612,1.3842957345349642,1.4446524975970332,0.9814116802422078,1.631152151244828,2.543962798786209,1.3636666703134925,1.921384868750132,1.427848054550515,0.0,1.3173529506469537,2.163233930769157,1.2058474697758594,1.4357652970797836,0.0,1.936343589700659,1.5472094022185257,0.0,1.1676146511942918,0.0,0.0,0.814983060907408,0.0,1.224224185242285,0.9109688003897276,2.062657561046797,2.990509057210409,0.0,2.202834210055869,1.8487836385657657,3.0805101174360283,2.5473415041674667,0.4366231692375268,0.9226965953218791,0.0,0.0,2.3796079184023933,1.952735196501954,1.138291104136294,2.7042951881695023,1.3195882357652589,0.6838559599517494,0.0,2.21306723753381,0.600539803489452,0.0,0.7845562089737337,0.0,2.7085785794193766,0.8454605924161612,1.4596834767444475,0.0,1.6705974715917793,0.7458777361569682,0.0,2.851947353585693,1.9748557133828206,4.154685755611559,0.0,3.1333179328278695,3.2002602380566874,2.1242409914659115,0.0,0.4884439947549213,2.20761975405747,3.2677513476134323,0.0,2.5188161682407877,2.1728970870056616,1.7482520563359198,1.562899968871,2.1118836712815305,1.6801467048462906,1.117449298539956,0.2988308575064288,0.0,1.7573245440314826,2.3761543474209583,0.0,0.0,0.0,1.4507356523711037,1.8973031477794249
0.0,0.0,0.0,0.0,0.0,1.5230660488143648,0.0,0.8273377646844924,0.0,1.3057820461151584,0.23497926947720815,0.0,0.947581162924115,0.6306706979438235,0.0,0.0,0.0,0.0,2.1250432772028947,0.0,1.5219431840121354,1.0816602726694007,0.0,1.4292249472421346,0.0,0.0,0.0,1.8821341718796845,0.22689034106849812,0.4787667459517363,0.0,0.0,0.0,1.6127676791471677,0.0,0.0,0.0,0.0,0.75712333341051,0.0,0.598626253742965,0.7558716318726836,0.0,0.0,0.0,0.0,1.2231857070664456,0.0,0.0,0.0,0.0,0.0,0.0,0.0,0.0,0.14232329983162215,0.0,0.3740072599988712,0.0,0.0,0.0,1.2884620479409201,0.0,0.8646533179469876,0.0,0.0,0.6127830859379662,0.0,0.0,1.257425619082486,0.0,0.0,0.0,1.3492577818835003,0.0,0.0,0.0,0.0,0.0,0.0,1.1195772005073066,0.0,0.0,0.0,0.0,0.0,1.8138103332645619,0.36778306142279227,2.185400132758218,0.0,0.49185136704063587,0.0,0.0,1.1317266125321626,0.0,0.0,0.0,0.0,0.5105839707652895,0.0
0.0,0.0,0.0,0.0,0.0,0.0,0.0,0.0,0.0,1.1777689015768602,0.0,0.0,0.0,0.0,0.0,0.0,0.0,0.0,0.0,0.0,0.0,0.0,0.0,0.0,0.0,0.0,0.0,0.0,0.0,0.9475358442500244,0.0,0.0,0.0,0.0,0.0,0.0,0.0,0.0,0.0,0.0,0.0,0.0,0.0,0.0,0.0,0.0,0.0,0.0,0.0,0.0,0.0,0.0,0.0,0.0,0.0,0.0,0.0,0.0,0.0,0.0,0.0,0.0,0.0,0.7366401734086895,0.0,0.0,0.9078960753876388,0.0,0.0,0.0,0.0,0.0,0.0,0.0,0.0,0.0,0.0,0.0,0.0,0.0,0.0,0.0,0.0,0.0,0.0,0.0,0.0,0.0,0.5726324536110503,0.0,0.0,0.0,0.0,0.0,0.0,0.0,0.0,0.0,0.0,0.0
0.0,0.0,0.0,0.0,0.0,1.404059872681792,0.0,0.6919965700746452,0.3307823713485785,0.8816385587736562,0.0,0.0,1.398059064335528,1.0870849634333344,0.0,0.0,0.0,1.2698514372322667,1.2419728014300442,1.2618969975577938,0.7899768149162193,0.5591150035838357,0.5103787416938564,0.5461544714692844,0.0,0.0,0.0,0.6705585220354093,0.10229394530732361,1.1464255249199264,0.0,0.0,0.0,0.7296972033743176,0.0,1.9932592512487974,0.0,0.22427515866157083,0.6325269376493354,0.0,0.0,1.2122858973621944,0.0,0.0,0.0,0.60868165998702,0.0,0.0,0.3706132337721257,2.341726948745177,0.0,0.0,0.0,0.0,0.0,0.40061255569354215,0.0,0.6322965158607912,0.0,0.0,0.0,1.1694558718083474,0.0,0.44050983060548543,0.0,0.0,0.8710723417998861,0.0,0.0,0.8530852727475712,0.5544428708309797,0.0,0.0,0.957423230331768,0.0,0.0,0.0,1.166676180964335,1.3867513143710486,0.0,0.0,0.34251662030560015,0.0,0.0,1.8377351900659162,0.0,0.9307398574917116,1.8062294858002008,1.302329656985368,0.0,0.0,0.0,0.0,0.0,0.0,0.0,0.0,0.0,1.259300787045115,0.0
0.0,0.0,0.0,0.0,0.0,0.0,0.0,0.5785779141639394,0.0,1.0570221955946053,0.0,0.0,0.0,0.3819108474232705,0.0,0.0,0.0,0.0,0.0,0.0,1.2731833334915823,0.0,0.0,0.0,0.0,0.0,0.0,0.0,0.0,0.0,0.0,0.0,0.0,0.0,0.0,0.0,0.0,0.0,0.0,0.0,0.0,0.5071117813521306,0.0,0.0,0.0,0.0,0.0,0.0,0.0,0.34846769749637985,0.0,0.0,0.0,0.0,0.0,0.0,0.0,0.9248031532429226,0.0,0.0,0.0,0.0,0.0,0.6158934674264347,0.0,0.0,1.1635789791820175,0.0,0.0,1.8927237794516059,0.0,0.0,0.0,0.0,0.0,0.0,0.0,0.0,0.0,0.0,0.0,0.0,0.0,0.0,0.0,0.0,0.0,0.0,0.0,0.0,0.0,0.0,0.0,0.0,0.0,0.0,0.0,0.0,1.1458821311344094,0.0
0.0,0.0,0.0,0.0,0.0,1.2311308901875626,0.0,1.0355770361897356,0.0,1.288205892913082,0.0,0.0,1.3134217125817116,1.8310587953433106,0.0,0.0,0.0,0.0,1.6941561202817392,0.8778667170022756,1.8497617586426411,0.7545727393332562,0.0,0.9983377903209794,0.0,0.0,0.0,1.4512470149585293,2.0766935970947444,1.2972047242423244,0.0,0.0,0.0,0.3496688799923,0.0,0.0,0.0,0.0,0.5629088314322261,0.0,0.0,1.940628511386264,0.0,0.0,0.0,0.5103544455007841,0.0,0.0,0.0,0.0,0.0,0.0,0.0,0.0,0.0,1.6335448739093763,0.0,1.8652288340766252,0.0,0.0,0.0,0.996526889314118,0.0,1.0863090534009894,0.0,0.0,1.2575649553799388,0.0,0.0,0.7698175152749707,0.0,0.0,0.0,0.0,0.0,0.0,0.0,0.0,1.2884240998848127,0.0,0.0,1.075895427986148,0.0,0.0,1.7394079755796805,0.0,1.3829231763434064,0.0,0.9223013336033503,0.5484223787749684,0.0,0.0,0.0,0.0,0.0,0.0,0.0,0.0,1.3496296041823572,0.0
0.0,0.0,0.0,0.0,0.0,1.1797847140202211,0.0,1.0594768715124323,0.10650721268700769,1.537831683285102,0.0,0.0,1.1874737684063765,0.8628098047717634,0.0,0.0,0.0,1.045576278570696,1.0176976427684734,1.0376218388962228,0.8132572789789784,0.33483984492226493,0.0,0.32187931280771354,0.0,0.0,0.0,0.44628336337383845,1.4002351195814786,1.4529578889627712,0.0,0.0,0.0,0.5054220447127468,0.0,1.7689840925872264,0.0,0.0,1.3593680798641985,0.0,0.0,0.9880107387006235,0.0,0.0,0.0,0.3844065013254492,0.0,0.0,0.14633807511055485,2.1174517900836065,0.0,0.0,0.0,0.0,0.0,0.26722151686317874,0.0,0.49890547703042776,0.0,0.0,0.0,0.9451807131467765,0.0,1.0967029551169314,0.0,0.0,0.7376813029695227,0.0,0.0,0.6288101140860003,1.3472471775499029,0.0,0.0,0.7331480716701971,0.0,0.0,0.0,0.0,1.1624761557094776,0.0,0.0,0.0,0.0,0.0,1.6134600314043452,0.0,0.7064646988301407,1.58195432713863,1.0780544983237972,0.0,0.0,0.0,0.0,0.0,0.0,0.0,0.0,0.0,1.200943831082402,0.0
0.0,0.0,0.0,0.0,0.0,0.0,0.0,0.0,0.0,0.7252970614808558,0.0,0.0,0.0,0.0,0.0,0.0,0.0,0.0,0.0,0.0,0.0,0.0,0.0,0.0,0.0,0.0,0.0,0.0,0.0,0.8583046100853939,0.0,0.0,0.0,0.0,0.0,0.0,0.0,0.0,0.0,0.0,0.0,0.0,0.0,0.0,0.0,0.0,0.0,0.0,0.0,0.0,0.0,0.0,0.0,0.0,0.0,0.0,0.0,0.0,0.0,0.0,0.0,0.0,0.0,0.0,0.0,0.0,0.0,0.0,0.0,0.0,0.0,0.0,0.0,0.0,0.0,0.0,0.0,0.0,0.0,0.0,0.0,0.0,0.0,0.0,0.0,0.0,0.0,0.0,0.0,0.0,0.0,0.0,0.0,0.0,0.0,0.0,0.0,0.0,0.0,0.0
0.0,0.0,0.0,0.0,0.0,1.8590959661236497,0.0,1.147032663516503,0.7504027720725194,1.3366746522155137,1.6545243431670555,0.0,1.8530951577773855,1.5421210568751915,0.0,0.0,0.0,1.7248875306741243,1.6970088948719018,1.7169330909996514,1.2450129083580768,1.0141510970256933,0.965414835135714,1.001190564911142,0.0,0.257174694731513,0.0,1.0901789227593501,0.5573300387491812,1.601461618361784,0.0,0.0,0.0,1.1847332968161752,0.4550360934418576,2.448295344690655,0.0,0.6793112521034284,1.087563031091193,0.0,0.0,1.6673219908040515,0.0,0.0,0.0,1.0637177534288775,0.0,0.0,0.8256493272139832,2.7967630421870346,0.0,0.0,0.0,0.0,0.0,0.8556486491353997,0.0,1.0873326093026487,0.0,0.0,0.0,1.624491965250205,0.0,0.895545924047343,0.0,0.0,1.3261084352417436,0.0,0.0,1.3081213661894286,1.0094789642728372,0.0,0.0,1.4124593237736254,0.0,0.0,0.0,1.6217122744061925,1.8417874078129062,0.0,0.0,0.7975527137474577,0.0,0.0,2.292771283507774,1.0022237271866596,1.385775950933569,2.261265579242058,1.7573657504272255,0.0,0.0,0.0,0.0,1.078797853141192,0.0,0.0,0.0,0.0,1.7143368804869727,0.0
0.0,0.0,0.0,0.0,0.0,0.9244397950714,0.0,1.0769603279827706,0.0,1.1134690396894944,0.0,0.0,0.0,0.8802932612421017,0.0,0.0,0.0,0.0,1.5264170234599295,0.0,1.6820226618208312,2.3133149948555767,0.0,0.8305986934991695,0.0,0.0,0.0,1.2835079181367193,1.9089545002729347,1.961677269654227,0.0,0.0,0.0,1.0141414254042027,0.0,0.0,0.0,0.0,1.1040231609153772,0.0,0.0,1.0054941951709617,0.0,0.0,0.0,0.0,0.6245594533234806,0.0,0.0,0.0,0.0,0.0,0.0,0.0,0.0,1.3268537787932135,0.0,1.4231855670617537,0.0,0.0,0.0,0.6898357941979553,0.0,1.1142758812452658,0.0,0.0,1.6619613930008486,0.0,0.0,1.1375294947774561,0.0,0.0,0.0,0.7506315281405355,0.0,0.0,0.0,0.0,0.0,0.0,0.0,0.0,0.0,0.0,0.0,0.0,1.2151840795215967,1.5994377836089684,1.586773879015253,0.0,0.0,0.0,0.0,0.0,0.0,0.0,0.0,0.0,1.6442645449532405,0.0
0.0,0.0,0.0,0.0,0.0,0.0,0.0,0.0,0.0,0.5499104142424748,0.0,0.0,0.0,0.0,0.0,0.0,0.0,0.0,0.0,0.0,0.7660715521394518,0.0,0.0,0.0,0.0,0.0,0.0,0.0,0.0,0.0,0.0,0.0,0.0,0.0,0.0,0.0,0.0,0.0,0.0,0.0,0.0,0.0,0.0,0.0,0.0,0.0,0.0,0.0,0.0,0.0,0.0,0.0,0.0,0.0,0.0,0.0,0.0,0.417691371890792,0.0,0.0,0.0,0.0,0.0,0.10878168607430405,0.0,0.0,0.6564671978298869,0.0,0.0,0.0,0.0,0.0,0.0,0.0,0.0,0.0,0.0,0.0,0.0,0.0,0.0,0.0,0.0,0.0,0.0,0.0,0.0,0.0,0.0,0.0,0.0,0.0,0.0,0.0,0.0,0.0,0.0,0.0,0.0,0.0
0.0,0.0,0.0,0.0,0.0,0.0,0.0,0.6639691304782642,0.0,0.7562446428528904,0.0,0.0,0.0,0.0,0.0,0.0,0.21371658088980539,0.0,0.0,0.0,0.7619493753198383,1.5504036257081901,0.0,0.0,0.0,0.0,0.0,0.0,0.3400179244785878,1.7285555269059936,0.0,0.0,0.0,0.0,0.0,0.0,0.0,0.0,0.8702509168205996,0.0,0.0,0.8925790644013378,0.0,0.0,0.0,0.0,0.0,0.0,0.0,0.48873787907712873,0.0,0.0,0.0,0.0,0.0,0.6383365348648063,0.0,0.8700204950320554,0.0,0.0,0.0,0.0,0.0,1.0013607504756419,0.0,0.0,1.1087963209711504,0.0,0.0,1.9781149957659305,0.5264154312345987,0.0,0.0,0.0,0.0,0.0,0.0,0.0,0.0,0.0,0.0,0.0,0.0,0.0,0.0,0.0,0.0,0.8365264144615818,0.0,0.0,0.0,0.0,0.0,0.0,0.0,0.0,0.0,0.0,1.231273347448734,0.0
0.0,0.0,0.0,0.0,0.0,0.4371586277135714,0.0,1.1432290756705843,0.0,1.6216733571012503,0.0,0.0,1.094860947520743,0.9465620089299155,0.0,0.0,0.0,0.0,1.1714176655153303,0.0,1.1872619500546717,0.2787985374361741,0.0,0.0,0.0,0.0,0.0,0.0,1.5539551423283355,2.942492744755741,0.3866357675714174,0.0,0.0,0.0,0.0,0.0,0.0,0.0,2.0841881346703475,0.0,0.0,1.0717629428587756,0.0,0.0,0.0,0.0,0.0,0.0,0.0,0.0,0.0,0.0,0.0,0.0,0.0,0.839572611435385,0.0,0.5230137630387983,0.0,0.0,0.0,0.0,0.0,1.1805446289330797,0.0,0.0,0.7617895889778933,0.0,0.0,0.953155959173565,0.0,0.0,0.0,0.0,0.0,0.0,0.0,0.8634780641495498,0.0,0.0,0.0,0.0,0.0,0.0,0.0,0.0,0.8601847215769975,0.0,0.0,0.0,0.0,0.0,0.0,0.0,0.0,0.0,0.0,0.0,0.8095802838753728,0.0
0.0,0.0,0.0,0.0,0.0,0.935886039439398,0.0,0.7643100393382862,0.0,0.80081875104501,1.3826766589095882,0.5622714960612736,0.6072594125484241,0.5676429725976173,0.0,0.157841578168056,0.0,0.4302944512688514,1.213766734815445,0.5831592042811965,0.9674992943332981,1.1160823260184427,0.0,0.5179484048546851,0.0,0.29948340342484814,0.0,0.970857629492235,1.3745877305008782,1.3992705658357776,0.1931195550945497,0.0,1.14769738943238,0.49172278104780365,0.0,1.1537022652853821,0.0,0.0,1.1154694052833753,0.0,1.7463236431753453,0.6928439065264774,0.0,0.0,0.0,0.0,0.3119091646789962,0.0,0.0,1.502169962781762,0.0,0.0,0.0,0.0,0.0,1.1476005283946593,0.0,1.1105352784172693,0.0,0.0,0.0,0.7012820385659533,0.0,0.8016255926007815,0.0,0.0,0.8315482065072515,0.0,0.0,0.7596397466966973,0.7319653502480584,0.0,0.721621699934526,0.43798123949605106,0.0,0.0,0.5473649295742942,0.0,0.0,0.0,1.0519462795759191,1.4837561425446566,0.0,0.0,1.3440419159915955,0.7863866932467817,0.9025337908771123,1.286787494964484,1.064355234658854,0.0,1.639548756473016,0.0,0.0,0.6423410345941759,1.201380095171766,0.0,0.0,0.0,0.8128614088670424,0.0
0.0,0.0,0.0,0.0,0.0,1.345888746032703,0.0,1.5173714165831953,0.0,1.8492949783020887,0.0,0.0,0.8030672670809275,1.3207043498425264,0.0,0.0,0.0,0.0,1.183801674780955,0.0,1.339407313141857,0.244218293832472,0.0,0.48798334482019523,0.0,0.0,0.0,0.9408925694577451,1.5663391515939602,1.6190619209752528,0.0,0.0,0.0,0.6715260767252285,0.0,0.0,0.0,0.0,1.52547211187668,0.0,0.0,1.43027406588548,0.0,0.0,0.0,0.0,0.0,0.0,0.0,0.0,0.0,0.0,0.0,0.0,0.0,1.7483027297545166,0.0,1.847965437776272,0.0,0.0,0.0,1.1112847451592582,0.0,1.408166250133918,0.0,0.0,1.490529788959947,0.0,0.0,0.794914146098482,0.0,0.0,0.0,0.0,0.0,0.0,0.0,0.0,0.7780696543840285,0.0,0.0,0.0,0.0,0.0,1.2290535300788963,0.0,0.8725687308426224,0.0,1.2441585303362788,0.0,0.0,0.0,0.0,0.0,0.0,0.0,0.0,0.0,1.367047863094884,0.0
0.0,0.0,0.0,0.0,0.0,0.6239768747604016,0.0,0.45240087465929,0.0,0.4889095863660138,0.0,0.0,0.0,0.2557338079186211,0.0,0.0,0.0,0.0,0.9018575701364487,0.0,1.0574632084973505,1.688755541532096,0.0,0.20603924017568886,0.0,0.0,0.0,0.6589484648132388,1.284395046949454,1.3371178163307464,0.0,0.0,0.0,0.3895819720807221,0.0,0.0,0.0,0.0,0.8035602406043789,0.0,0.0,0.3809347418474812,0.0,0.0,0.0,0.0,0.0,0.0,0.0,0.0,0.0,0.0,0.0,0.0,0.0,0.8356913637156632,0.0,0.7986261137382732,0.0,0.0,0.0,0.389372873886957,0.0,0.48971642792178527,0.0,0.0,1.0374019396773682,0.0,0.0,0.5129700414539756,0.0,0.0,0.0,0.12607207481705485,0.0,0.0,0.0,0.0,0.0,0.0,0.0,0.0,0.0,0.0,0.0,0.0,0.5906246261981161,0.9748783302854876,0.9622144256917724,0.0,0.0,0.0,0.0,0.0,0.0,0.0,0.0,0.0,1.0197050916297599,0.0
0.0,0.0,0.0,0.0,0.0,0.6778572138100916,0.0,0.3426166995205754,0.0,1.1724820938112313,0.0,0.0,0.0,0.0,0.0,0.0,0.0,0.0,0.0,0.0,0.44059694436214947,0.0,0.0,0.0,0.0,0.0,0.0,0.0,0.0,0.0,0.0,0.0,0.0,0.0,0.0,0.0,0.0,0.0,0.0,0.0,0.0,0.0,0.0,0.0,0.0,0.0,0.0,0.0,0.0,0.0,0.0,0.0,0.0,0.0,0.0,1.0802711975319053,0.0,1.3119551576991544,0.0,0.0,0.0,0.0,0.0,0.0,0.0,0.0,0.43421831610259304,0.0,0.0,1.5572874315323415,0.2050630002769098,0.0,0.0,0.0,0.0,0.0,0.0,0.0,0.0,0.0,0.0,0.0,0.0,0.0,0.1727420572215424,0.0,0.0,0.0,0.0,0.0,0.0,0.0,0.0,0.0,0.0,0.0,0.0,0.0,0.810445783215145,0.0
0.0,0.0,0.0,0.0,0.0,1.0334466389096664,0.0,1.204929309460159,0.0,1.5368528711790521,0.0,0.0,0.0,1.00826224271949,0.0,0.0,0.0,0.899238203460141,0.8713595676579186,0.8912837637856681,1.0269652060188204,0.0,0.0,0.1755412376971587,0.0,0.0,0.0,0.6284504623347086,1.2538970444709236,1.3066198138522163,0.0,0.0,0.0,0.3590839696021919,0.0,1.6226460174766717,0.0,0.0,1.2130300047536435,0.0,0.0,1.13346317664835,0.0,0.0,0.0,0.0,0.0,0.0,0.0,1.9711137149730515,0.0,0.0,0.0,0.0,0.0,0.1414055268315193,0.0,0.3730894869987683,0.0,0.0,0.0,0.7988426380362217,0.0,1.0957241430108815,0.0,0.0,0.6118653129378633,0.0,0.0,0.48247203897544544,1.2009091024393481,0.0,0.0,0.0,0.0,0.0,0.0,0.0,0.0,0.0,0.0,0.0,0.0,0.0,0.0,0.0,0.5601266237195859,0.0,0.9317164232132422,0.0,0.0,0.0,0.0,0.0,0.0,0.0,0.0,0.0,1.0546057559718474,0.0
0.0,0.0,0.0,0.0,0.0,0.0,0.0,0.0,0.0,0.0,0.0,0.0,0.0,0.0,0.0,0.0,0.0,0.0,0.0,0.0,0.0,0.0,0.0,0.0,0.0,0.0,0.0,0.0,0.0,0.0,0.0,0.0,0.0,0.0,0.0,0.0,0.0,0.0,0.0,0.0,0.0,0.0,0.0,0.0,0.0,0.0,0.0,0.0,0.0,0.0,0.0,0.0,0.0,0.0,0.0,0.0,0.0,0.0,0.0,0.0,0.0,0.0,0.0,0.0,0.0,0.0,0.0,0.0,0.0,0.0,0.0,0.0,0.0,0.0,0.0,0.0,0.0,0.0,0.0,0.0,0.0,0.0,0.0,0.0,0.0,0.0,0.0,0.0,0.0,0.0,0.0,0.0,0.0,0.0,0.0,0.0,0.0,0.0,0.0,0.0
0.0,0.0,0.0,0.0,0.0,0.8752200754604412,0.0,0.5302391008619335,0.0,1.0086833822925994,1.2960945352311577,0.0,0.6504824991015561,0.33357203412126457,0.0,0.0,0.0,0.0,1.136788404952373,0.5219559022751541,1.2248445201895763,2.6148425847759826,0.0,0.44097007499161334,0.0,0.0,0.0,0.8938792996291632,1.5193258817653783,1.0848909513944345,0.5130687017579045,0.0,0.0,0.6245128068966466,0.0,0.0,0.0,0.0,0.6956288157782944,0.0,0.3015275899204062,0.4587729680501247,0.0,0.0,0.0,0.0,0.9260870432438868,0.0,0.0,0.0,0.0,0.0,0.0,0.0,0.0,1.2776340591822548,0.0,0.39689164044337966,0.0,0.0,0.0,0.6406160745869965,0.0,0.5675546541244287,0.0,0.0,0.6356674663824746,0.0,0.0,0.7479008762699001,0.0,0.0,0.0,1.0521591180609415,0.0,0.0,0.0,0.0,0.0,0.0,0.8224785366847478,1.284923158735591,0.0,0.0,0.0,0.0,0.8255554610140405,1.9009653735293743,1.1971452605076969,0.7574501095244115,0.19475270321807703,0.0,0.0,0.8346279487096038,0.0,0.0,0.0,0.0,0.9937187894552356,0.0
0.0,0.0,0.0,0.0,0.0,1.0269248504757407,0.21813178012820586,0.4066616720684566,0.3588499472543023,1.1575013031636245,1.4315574260260446,0.61115226317773,1.4398165029736711,0.9357670692707827,0.0,0.0,0.0,0.22924574230060887,0.8967547199237724,1.2899645734635174,0.7664505853650555,0.5871825794895595,1.305219804713849,0.5742220473750081,0.0,0.0,0.5467610861909226,0.6986260979411331,1.4234684976173346,0.978675408831426,0.37584082791228457,0.0,1.1965781565488365,0.7577647792800414,0.0,0.9526535563171395,0.0,0.2523427345672946,1.6117108144314929,0.0,1.7952044102918014,1.0609680031996427,0.0,0.0,0.0,0.6367492358927438,0.8291888826820892,0.0,0.39868080967784947,1.3011212538135193,0.0,0.0,0.0,0.0,0.0,0.5195642514304734,3.2461798814397826,0.7512482115977224,0.0,0.0,0.0,1.197523447714071,1.3154108360746382,0.7163725749954538,0.0,0.0,0.6304994975390089,0.0,0.2799672923751173,0.8811528486532949,0.5309166412798159,0.0,0.0,0.9552609574991441,2.393337771021441,0.0,1.9992031147235867,1.9615172439843276,1.4148188902767722,0.6754775325510703,1.1008270466923755,1.1630156864438073,1.5064033630233142,0.0,1.384701350136505,1.3280185324671712,0.9588074333974353,1.5643612179716286,0.603772018192452,1.0538204758070373,1.6884295235894724,0.0,0.0,1.657918431062003,1.2420395293166755,0.0,0.0,0.0,0.8617421759834988,0.0
0.0,0.0,0.0,0.0,0.0,0.5836379953565733,0.0,0.5244475779239819,0.0,1.0028918593546479,1.6393617286231938,0.0,0.0,0.327780511183313,0.0,0.0,0.0,1.552727741970125,1.3336080317450145,1.5447733022956522,1.2190529972516249,1.0712016147480565,0.0,0.8290307762071427,0.0,0.0,0.0,1.2819400008446926,1.9073865829809078,0.9038438723971487,0.0,0.0,0.0,1.012573508112176,0.0,2.276135555986656,0.0,0.0,1.194614035453545,0.0,0.5165980093055791,0.4529814451121731,0.0,0.0,0.0,0.0,1.1411574626290597,0.0,0.653489538509984,2.624603253483036,0.0,0.0,0.0,0.0,0.0,0.7948950653415033,0.0,0.5285111897670947,0.0,0.0,0.0,0.780426668736123,0.32936535848581894,0.5617631311864771,0.0,0.0,0.6240253784955457,0.0,0.0,1.1359615774854295,1.7100022460367192,0.0,0.0,0.5171258696662208,0.0,0.0,0.9770508842015768,0.0,0.0,0.0,0.0,0.5022633461675563,0.0,0.0,0.3625491196144951,0.9870611126427982,1.2136161622295698,0.35732440350144823,1.5852059617232264,0.0,0.0,0.0,0.0,1.31696101123763,0.2198872987946655,0.0,0.0,0.0,1.0002528456080977,0.0
0.0,0.0,0.0,0.0,0.0,1.6937747671783252,0.0,1.3884547468089372,0.6314172940102437,1.7006437508992023,0.0,0.0,0.0,1.1917876800682683,0.0,0.0,0.0,0.0,1.054885005006697,0.0,1.3381673603022144,1.2849926452949487,0.0,0.0,0.0,0.0,0.0,0.9711934446970745,1.4374224818197021,1.8336512995037406,0.0,0.0,0.0,0.0,0.0,0.9783603844758156,0.0,0.0,0.9753466894183466,0.0,0.0,1.3169886139971285,0.0,0.0,0.0,0.0,0.0,0.0,0.0,1.3268280819721956,0.0,0.0,0.0,0.0,0.0,0.7921315981864148,0.32468726976710915,1.0238155583536637,0.0,0.0,0.0,1.4591707663048805,0.0,1.4257703000714326,0.0,0.0,1.2625913842927585,0.0,0.0,2.4975614300514017,0.0,0.0,0.0,1.1958699672349784,0.0,0.0,0.0,0.0,0.6620321800457346,0.0,0.0,0.0,0.0,0.0,1.1130160557406024,0.0,0.7436520610683641,2.044676222703411,0.0,0.0,0.0,0.0,0.0,0.0,0.0,0.0,0.0,0.0,1.750719781734205,0.0
0.0,0.0,0.0,0.42320322726036863,0.0,1.3647412786751691,0.0,1.1931652785740574,0.0,1.3903642825503513,2.087806998288226,0.0,0.0,0.9964982118333885,0.0,0.0,0.8478362205872663,0.0,1.683318640810616,0.0,1.3960690150172992,2.184523265405651,0.0,0.0,0.0,0.6904573498526835,0.0,0.0,0.0,1.2535544814627502,0.0,0.0,0.0,2.135598627362088,0.0,0.0,0.0,0.0,1.5443246445191465,0.0,0.0,1.1216991457622485,0.0,0.0,0.0,0.0,0.0,0.0,0.0,0.0,0.0,0.0,0.0,0.0,0.0,0.7288242256862533,0.0,0.9605081858535023,0.0,0.0,0.0,1.1301372778017245,0.0,1.2304808318365525,0.0,0.0,0.9737359875611472,0.0,0.0,1.8277737776685545,1.1605350709320597,0.0,0.0,0.8668364787318222,0.0,0.0,1.3267614932671783,0.0,0.0,0.0,0.0,0.8519739552331578,0.0,0.0,0.7122597286800966,1.43550638230783,0.0,1.4706460541590427,2.708231080973138,0.0,0.0,0.0,0.0,1.5120805082623625,0.569597907860267,0.0,0.0,0.0,1.080932129351358,0.0
0.0,0.0,0.0,0.0,0.0,0.0,0.0,0.0,0.0,0.0,0.0,0.0,0.0,0.0,0.0,0.0,0.0,0.0,0.0,0.0,0.0,0.0,0.0,0.0,0.0,0.0,0.0,0.0,0.0,0.0,0.0,0.0,0.0,0.0,0.0,0.0,0.0,0.0,0.0,0.0,0.0,0.0,0.0,0.0,0.0,0.0,0.0,0.0,0.0,0.0,0.0,0.0,0.0,0.0,0.0,0.0,0.0,0.23168396016724901,0.0,0.0,0.0,0.0,0.0,0.0,0.0,0.0,0.470459786106344,0.0,0.0,0.0,0.0,0.0,0.0,0.0,0.0,0.0,0.0,0.0,0.0,0.0,0.0,0.0,0.0,0.0,0.0,0.0,0.0,0.0,0.0,0.0,0.0,0.0,0.0,0.0,0.0,0.0,0.0,0.0,0.0,0.0
0.0,0.0,0.0,0.0,0.0,1.3690874974112162,0.0,1.1975114973101044,0.30673002424313456,1.3759564811320932,0.0,0.0,0.0,1.0008444305694355,0.0,0.0,0.0,0.0,1.687664859546663,0.0,1.0134800905351051,0.9603053755278396,0.0,0.0,0.0,0.0,0.0,0.6465061749299653,0.0,1.5089640297366314,0.0,0.0,0.0,0.0,0.0,0.6536731147087065,0.0,0.0,0.6506594196512374,0.0,0.0,1.1260453644982955,0.0,0.0,0.0,0.0,0.0,0.0,0.0,1.0021408122050863,0.0,0.0,0.0,0.0,0.0,0.4674443284193056,0.0,0.6991282885865546,0.0,0.0,0.0,1.1344834965377715,0.0,1.2348270505725996,0.0,0.0,0.9379041145256496,0.0,0.0,2.511657362597771,0.0,0.0,0.0,0.8711826974678692,0.0,0.0,0.0,0.0,0.0,0.0,0.0,0.0,0.0,0.0,0.0,0.0,0.0,1.7199889529363022,0.0,0.0,0.0,0.0,0.0,0.0,0.0,0.0,0.0,0.0,1.7648157142805743,0.0
0.0,0.0,0.0,0.0,0.0,0.0,0.0,0.0,0.0,0.0,0.0,0.0,0.0,0.0,0.0,0.0,0.0,0.0,0.0,0.0,0.0,0.0,0.0,0.0,0.0,0.0,0.0,0.0,0.0,0.0,0.0,0.0,0.0,0.0,0.0,0.0,0.0,0.0,0.0,0.0,0.0,0.0,0.0,0.0,0.0,0.0,0.0,0.0,0.0,0.0,0.0,0.0,0.0,0.0,0.0,0.0,0.0,0.0,0.0,0.0,0.0,0.0,0.0,0.0,0.0,0.0,0.23877582593909497,0.0,0.0,0.0,0.0,0.0,0.0,0.0,0.0,0.0,0.0,0.0,0.0,0.0,0.0,0.0,0.0,0.0,0.0,0.0,0.0,0.0,0.0,0.0,0.0,0.0,0.0,0.0,0.0,0.0,0.0,0.0,0.0,0.0
1.317365957699947,0.0,1.5105506835485922,0.47673797200645074,0.0,1.114060710830571,0.0,0.7690797362320632,0.6321974021805766,0.14975497347334477,1.4874668992261175,0.0,0.8893231344716859,0.5724126694913942,0.0,0.0,1.358642616292717,2.762723747675859,0.7004397745832149,0.7607965376452838,1.3389474684725473,1.2857727534652816,1.8601068388344588,0.679810710361743,1.2375289087983825,0.7439920945987656,0.0,0.9719735528674074,1.4793779708174075,0.9894317110410524,0.7519093371280342,0.0,1.2524876297489094,0.8633534422667762,0.0,2.6741123429264597,0.0,0.0,0.13112710095565855,0.0,0.5403682252905359,0.6976136034202544,1.3788016010950477,2.3066530972586596,0.0,1.5189782501041194,1.1649276786140166,2.396654157484279,1.8634855442157177,1.8675394801721765,0.23884063537012967,0.0,0.0,1.6957519584506442,1.2688792365502044,0.7823589704323354,2.0204392282177532,0.6357322758135093,0.0,0.0,1.5292112775820603,0.8794567099571262,0.0,0.8063952894945584,0.0,2.024722619467627,0.8745081017526043,0.7758275167926982,0.0,0.9867415116400298,1.6713414666375104,0.0,2.168091393633943,1.2909997534310715,3.4708297956598098,0.0,2.4494619728761204,2.5164042781049374,1.4403850315141624,0.0,1.0613191720548776,1.5237637941057205,2.583895387661683,0.0,1.8349602082890386,1.4890411270539121,1.0643960963841703,0.8790440089192506,1.428027711329781,0.9962907448945412,0.4335933385882067,0.0,0.0,1.0734685840797336,1.692298387469209,0.0,0.0,0.0,1.1344668740974402,1.2134471878276756
1.6333822877488149,0.0,1.8265670135974599,0.7927543020553186,0.0,0.7528601902352532,0.0,0.5812841901341415,0.49894785893643834,0.46577130352221263,0.8422740781333132,0.0,1.2053394645205537,0.38461712339347254,0.0,0.0,1.674658946341585,0.6624260059289603,1.0164561046320828,1.0768128676941515,1.199630848993407,0.6764456570056426,2.176123168883327,0.7143199590571442,1.5535452388472506,1.0600084246476333,0.0,0.8387240096232691,0.814800220848825,1.0860615546078414,1.067925667176902,0.0,1.5685039597977775,0.8978626909621774,0.0,1.385833819945491,0.0,0.39244064624943065,0.4471434310045264,0.0,0.8563845553394037,0.5098180573223327,1.6948179311439155,2.622669427307528,0.0,0.7768471475748798,1.4809440086628842,2.712670487533147,0.5387787213599855,1.7343015174418708,0.5548569654189975,0.0,0.0,1.3628939455743394,1.5848955665990725,0.6596621631126094,1.6875812153414484,0.8913461232798584,0.31601633004886787,0.0,1.8452276076309284,0.5182561893618085,0.0,0.6185997433966367,0.6793399490726058,2.3407389495164956,1.0636797611673603,1.091843846841566,0.0,1.0212507603354308,0.9640969049081674,0.0,2.4841077236828113,0.2549553902919063,3.7868461257086783,0.0,2.765478302924988,2.8324206081538055,1.5549168019589084,0.0,1.3773355021037452,0.902073681323014,2.8999117177105513,0.0,1.3916180425064575,1.80505745710278,1.0989053450795714,1.103761645760339,1.4704951445732277,1.312307074943409,0.7496096686370746,0.2688256558009279,0.0,1.3894849141286012,2.008314717518077,0.0,0.0,0.0,1.1485884071046113,1.5294635178765434
0.0,0.0,0.0,0.0,0.0,1.0580919683785184,0.0,0.7055821084023404,0.0,0.9230246799841304,0.0,0.0,1.2185758838940703,0.5089150416616715,0.0,0.0,0.0,0.0,0.37201236660010006,0.0,1.3080398242643678,1.0333407421357996,0.3308955612523986,0.6401543337938055,0.0,0.0,0.0,1.0930635584313553,1.7185101405675707,0.9669423444784687,0.575034598947205,0.0,0.0,0.8236970656988387,0.0,0.0,0.0,0.0,0.8943251302305655,0.0,0.0,0.6341159755905316,0.0,0.0,0.0,0.0,0.4341150936181166,0.8674428799022184,0.0,0.0,0.0,0.0,0.0,0.0,0.0,1.2698064573337797,0.0,1.0518073474813234,0.0,0.0,0.0,0.8234879675050737,0.0,0.7428976616648356,0.0,0.0,1.2905831734204183,0.0,0.0,0.9470851350720922,1.072505880179128,0.0,0.6388801160518829,0.5601871684351715,0.0,0.0,0.0,0.9871930005228772,0.0,0.0,0.0,0.49286901681887896,0.0,0.0,1.0401849371237608,0.0,1.0247397198162327,1.4089934239036044,1.396329519309889,0.0,0.0,0.0,0.0,0.7457098205322829,0.0,0.0,0.0,0.0,1.2728863253728102,0.0
0.0,0.0,0.0,0.0,0.0,0.23460400087344466,0.0,0.0,0.0,1.1394844281982777,0.0,0.0,0.0,0.0,0.0,0.0,0.0,0.0,0.0,0.0,0.0,0.0,0.0,0.0,0.0,0.0,0.0,0.0,0.0,1.272491976802816,0.0,0.0,0.0,0.0,0.0,0.0,0.0,0.0,0.41418736671742196,0.0,0.0,0.0,0.0,0.0,0.0,0.0,0.0,0.0,0.0,0.0,0.0,0.0,0.0,0.0,0.0,0.6370179845952583,0.0,0.8687019447625073,0.0,0.0,0.0,0.0,0.0,0.0,0.0,0.0,1.1074777707016024,0.0,0.0,0.0,0.0,0.0,0.0,0.0,0.0,0.0,0.0,0.0,0.0,0.0,0.0,0.0,0.0,0.0,0.0,0.0,0.0,0.0,0.0,0.0,0.0,0.0,0.0,0.0,0.0,0.0,0.0,0.0,0.0,0.0
0.0,0.0,0.0,0.0,0.0,0.0,0.0,0.0,0.0,2.6859121475622967,1.309996370137375,0.0,0.0,0.0,0.0,0.0,0.0,0.0,0.0,0.0,1.3652672406253967,0.0,0.0,0.0,0.0,0.0,0.0,0.0,0.0,1.2705796267459752,0.0,0.0,0.0,0.0,0.0,0.0,0.0,0.0,1.9606150860814409,0.0,0.0,0.0,0.0,0.0,0.0,0.0,0.0,0.0,0.0,0.0,0.0,0.0,0.0,0.0,0.0,0.0,0.0,0.8792096799750957,0.0,0.0,0.0,0.0,0.0,0.0,0.0,0.0,1.1179855059141905,0.0,0.0,0.0,0.0,0.0,0.0,0.0,0.0,0.0,0.0,0.0,0.0,0.0,0.0,0.0,0.0,0.0,0.0,0.6576957541569792,0.0,0.0,0.0,0.0,0.0,0.0,0.0,0.9875956527518112,0.0,0.0,0.0,0.0,0.0,0.0
0.0,0.0,0.0,0.0,0.0,0.0,0.0,0.0,0.0,0.4411287281681707,0.0,0.0,0.0,0.0,0.0,0.0,0.0,0.0,0.0,0.0,0.0,0.0,0.0,0.0,0.0,0.0,0.0,0.0,0.0,0.0,0.0,0.0,0.0,0.0,0.0,0.0,0.0,0.0,0.0,0.0,0.0,0.0,0.0,0.0,0.0,0.0,0.0,0.0,0.0,0.0,0.0,0.0,0.0,0.0,0.0,0.0,0.0,0.0,0.0,0.0,0.0,0.0,0.0,0.0,0.0,0.0,0.0,0.0,0.0,0.0,0.0,0.0,0.0,0.0,0.0,0.0,0.0,0.0,0.0,0.0,0.0,0.0,0.0,0.0,0.0,0.0,0.0,0.0,0.0,0.0,0.0,0.0,0.0,0.0,0.0,0.0,0.0,0.0,0.0,0.0
0.0,0.0,0.0,0.0,0.0,2.3773287636800586,0.0,1.1414248894478671,1.3149712905119773,1.390990325599087,0.16293412906070748,0.0,0.0,1.8075189526647955,0.0,0.0,0.0,0.7022002912249944,1.7384390015084303,0.0,1.239405134289441,1.9685466417966824,0.0,0.0,0.0,0.0,0.0,1.6547474411988081,0.13546027177621928,0.4067216055352356,0.0,0.0,0.0,0.0,0.0,1.425608105241525,0.0,0.0,0.6656932641182312,0.0,0.0,1.9327198865936555,0.0,0.0,0.0,0.0,0.0,0.0,0.0,1.7740758027379049,0.0,0.0,0.0,0.6835539965017335,0.0,0.4337788821624378,1.0082412662688427,0.6654628423296869,0.0,0.0,0.0,2.142724762806614,0.0,2.0415015726679595,0.0,0.0,0.9042386682687819,0.0,0.0,2.0968234677446507,1.0038711902042015,0.0,0.0,1.8794239637367118,0.0,0.0,0.0,0.0,1.3455861765474681,0.0,0.0,0.22273373225040827,0.0,0.0,0.7122780934338517,0.0,1.4272060575700976,2.7282302192051446,0.0,0.0,0.0,0.0,0.0,0.0,0.0,0.0,0.0,0.0,1.3499818194274544,0.0
0.0,0.0,0.0,0.0,0.0,0.597129175068452,0.0,1.4251595534616168,1.006155295116978,1.5020096023932852,1.1673423781029184,0.0,1.3767914253117755,1.228492486720948,0.0,0.0,0.0,0.0,1.4533481433063629,0.24386500188316484,1.2226132485909402,0.5607290152272065,0.0,0.0,0.0,0.0,0.0,1.3459314458038087,1.5477959057316162,1.1279256347115185,0.6685662453624498,0.0,0.0,2.8961298556181365,0.0,1.35309838558255,0.0,0.0,0.7767125409124293,0.0,0.0,1.3536934206498081,0.0,0.2819304777910324,0.0,0.0,0.0,0.0,0.0,1.7015660830789299,0.0,0.0,0.0,0.0,0.0,0.9995431587902657,0.6994252708738437,0.11852058883064603,0.0,0.0,0.0,0.3625251741950073,0.0,1.4624751067241122,0.0,0.0,0.357296414769741,0.0,0.0,1.2322601564337337,2.820244083358369,0.0,0.0,1.570607968341713,1.4461071761921824,0.0,2.0872927215232266,1.1454085419405822,0.0,0.0,0.0,0.0,0.5591727681940556,0.0,0.0,0.5150417621225226,1.14211519936803,2.4194142238101457,1.0247945997215362,0.0,0.0,0.0,0.0,0.8449416607173545,0.0,0.0,0.0,0.0,0.7156278890632464,0.0
0.0,0.0,0.0,0.0,0.0,0.0,0.0,0.0,0.0,0.0,0.0,0.0,0.0,0.0,0.0,0.0,0.0,0.0,0.0,0.0,0.0,0.0,0.0,0.0,0.0,0.0,0.0,0.0,0.0,0.0,0.0,0.0,0.0,0.0,0.0,0.0,0.0,0.0,0.0,0.0,0.0,0.0,0.0,0.0,0.0,0.0,0.0,0.0,0.0,0.0,0.0,0.0,0.0,0.0,0.0,0.0,0.0,0.0,0.0,0.0,0.0,0.0,0.0,0.0,0.0,0.0,0.0,0.0,0.0,0.0,0.0,0.0,0.0,0.0,0.0,0.0,0.0,0.0,0.0,0.0,0.0,0.0,0.0,0.0,0.0,0.0,0.0,0.0,0.0,0.0,0.0,0.0,0.0,0.0,0.0,0.0,0.0,0.0,0.0,0.0
0.5415384409072488,0.0,0.7347231667558939,0.7603952274588173,0.0,1.7116142414914128,0.0,0.8301218144947843,1.5513417356681896,0.90849524592305,0.7116393824334194,0.0,1.2293349746932711,0.6334547477541154,0.0,0.0,0.5828150995000189,1.9868962308831604,1.1253961273894624,1.4927601045580938,1.131047893930052,0.8170937033731607,1.0842793220417608,1.2311340781316165,0.4617013920056844,0.5760469887682559,0.0,1.2578766725726165,0.7035504540247094,0.9554268589079475,1.3284183597365673,0.0,0.47666011295621125,1.1977402333977127,0.0,1.8982848261337615,0.0,0.0,0.9364776921762488,0.0,0.8803800655121211,0.7586556816829755,0.6029740843023494,1.5308255804659616,0.0,0.7431507333114212,1.1874988544074787,1.6208266406915806,1.0876580274230192,1.091711963379478,0.0,0.0,0.0,0.9199244416579458,0.4930517197575063,0.6189834127878334,1.244611711425055,0.27440327839219886,0.0,0.0,0.7533837607893622,1.4770102406179682,0.0,0.6106355123607696,0.0,1.248895102674929,0.5131791043312939,0.0,0.0,1.0391540968803192,0.8955139498448121,0.0,1.3922638768412452,1.213709441548066,2.6950022788671117,0.0,1.673634456083422,1.7405767613122394,0.6645575147214643,0.0,1.4013310122764628,1.1988469180494015,1.8080678708689848,0.0,1.0591326914963404,1.3210960212234024,1.6157194641540435,0.10321649212655243,0.6522001945370829,1.3696790931008627,0.773605178809792,0.0,0.0,1.397670147177935,0.9164708706765108,0.0,0.0,0.0,0.373526850471111,0.43761967103497734
0.0,0.0,0.0,0.0,0.0,1.2360442112573102,0.0,0.1266943796933393,0.0,0.956559773983995,0.0,0.0,0.0,1.2108598150671337,0.0,0.0,0.0,1.1018357758077848,1.0739571400055623,1.0938813361333117,1.2295627783664642,0.0,0.0,0.37813881004480243,0.0,0.0,0.0,0.8310480346823523,1.4564946168185675,1.50921738619986,0.0,0.0,0.0,0.5616815419498357,0.0,1.8252435898243156,0.0,0.0,1.4156275771012874,0.0,0.0,1.336060748995994,0.0,0.0,0.0,0.0,0.0,0.0,0.2025975723476437,2.173711287320695,0.0,0.0,0.0,0.0,0.0,0.344003099179163,0.0,0.5756870593464121,0.0,0.0,0.0,1.0014402103838655,0.0,1.2983217153585251,0.0,0.0,0.814462885285507,0.0,0.0,0.6850696113230892,1.4035066747869918,0.0,0.0,0.0,0.0,0.0,0.0,0.0,0.0,0.0,0.0,0.0,0.0,0.0,0.0,0.0,0.7627241960672296,0.0,1.1343139955608859,0.0,0.0,0.0,0.0,0.0,0.0,0.0,0.0,0.0,0.6939985966638091,0.0
0.0,0.0,0.0,0.0,0.0,0.0,0.0,0.0,0.0,0.0,0.0,0.0,0.0,0.0,0.0,0.0,0.0,0.0,0.0,0.0,0.0,0.0,0.0,0.0,0.0,0.0,0.0,0.0,0.0,0.0,0.0,0.0,0.0,0.0,0.0,0.0,0.0,0.0,0.0,0.0,0.0,0.0,0.0,0.0,0.0,0.0,0.0,0.0,0.0,0.0,0.0,0.0,0.0,0.0,0.0,0.0,0.0,0.0,0.0,0.0,0.0,0.0,0.0,0.0,0.0,0.0,0.0,0.0,0.0,0.0,0.0,0.0,0.0,0.0,0.0,0.0,0.0,0.0,0.0,0.0,0.0,0.0,0.0,0.0,0.0,0.0,0.0,0.0,0.0,0.0,0.0,0.0,0.0,0.0,0.0,0.0,0.0,0.0,0.0,0.0
0.0,0.0,0.0,0.0,0.0,0.0,0.0,0.13755369924366556,0.0,0.9674190935343213,0.0,0.0,0.0,0.0,0.0,0.0,0.0,0.0,0.0,0.0,0.23553394408523964,0.0,0.0,0.0,0.0,0.0,0.0,0.0,0.0,0.0,0.0,0.0,0.0,0.0,0.0,0.0,0.0,0.0,0.0,0.0,0.0,0.0,0.0,0.0,0.0,0.0,0.0,0.0,0.0,0.0,0.0,0.0,0.0,0.0,0.0,0.0,0.0,0.0,0.0,0.0,0.0,0.0,0.0,0.0,0.0,0.0,0.0,0.0,0.0,1.451699564531332,0.0,0.0,0.0,0.0,0.0,0.0,0.0,0.0,0.0,0.0,0.0,0.0,0.0,0.0,0.0,0.0,0.0,0.0,0.0,0.0,0.0,0.0,0.0,0.0,0.0,0.0,0.0,0.0,0.7048579162141354,0.0
0.0,0.0,0.0,0.0,0.0,0.0,0.0,0.0,0.0,0.0,0.0,0.0,0.0,0.0,0.0,0.0,0.0,0.0,0.0,0.0,0.0,0.0,0.0,0.0,0.0,0.0,0.0,0.0,0.0,0.0,0.0,0.0,0.0,0.0,0.0,0.0,0.0,0.0,0.0,0.0,0.0,0.0,0.0,0.0,0.0,0.0,0.0,0.0,0.0,0.0,0.0,0.0,0.0,0.0,0.0,0.0,0.0,0.0,0.0,0.0,0.0,0.0,0.0,0.0,0.0,0.0,0.0,0.0,0.0,0.4290427209742613,0.0,0.0,0.0,0.0,0.0,0.0,0.0,0.0,0.0,0.0,0.0,0.0,0.0,0.0,0.0,0.0,0.0,0.0,0.0,0.0,0.0,0.0,0.0,0.0,0.0,0.0,0.0,0.0,0.0,0.0
0.0,0.0,0.0,0.0,0.0,0.0,0.0,0.0,0.0,0.0,0.0,0.0,0.0,0.0,0.0,0.0,0.0,0.0,0.0,0.0,0.0,0.39446062608391674,0.0,0.0,0.0,0.0,0.0,0.0,0.0,0.0,0.0,0.0,0.0,0.0,0.0,0.0,0.0,0.0,0.0,0.0,0.0,0.0,0.0,0.0,0.0,0.0,0.0,0.0,0.0,0.0,0.0,0.0,0.0,0.0,0.0,0.0,0.0,0.0,0.0,0.0,0.0,0.0,0.0,0.0,0.0,0.0,0.9540160762280707,0.0,0.0,0.8775639303197184,0.0,0.0,0.0,0.0,0.0,0.0,0.0,0.0,0.0,0.0,0.0,0.0,0.0,0.0,0.6925398173470201,0.0,0.0,0.0,0.0,0.0,0.0,0.0,0.0,0.10682970448039997,0.0,0.0,0.0,0.0,1.3302435433406226,0.0
0.0,0.0,0.0,0.0,0.0,0.4979047999433468,0.0,0.3263287998422352,0.0,0.8047730812729011,0.0,0.0,0.0,0.12966173310156626,0.0,0.0,0.0,0.0,0.8164821620787939,0.0,1.0209342191698783,1.562683466715041,0.0,0.0,0.0,0.0,0.0,0.0,0.0,1.5357927758727181,0.0,0.0,0.0,0.0,0.0,0.0,0.0,0.0,0.6774881657873242,0.0,0.0,0.25486266703042637,0.0,0.0,0.0,0.0,0.0,0.0,0.0,0.0,0.0,0.0,0.0,0.0,0.0,0.7096192888986084,0.0,0.6725540389212183,0.0,0.0,0.0,0.26330079906990217,0.0,0.3636443531047304,0.0,0.0,0.9113298648603133,0.0,0.0,1.6404746651299016,0.0,0.0,0.0,0.0,0.0,0.0,0.0,0.0,0.0,0.0,0.0,0.0,0.0,0.0,0.0,0.0,0.0,0.8488062554684328,0.0,0.0,0.0,0.0,0.0,0.0,0.0,0.0,0.0,0.0,0.893633016812705,0.0
0.0,0.0,0.0,0.0,0.0,2.221929607829557,0.0,1.5116906064098523,1.159572134661476,1.3572187833623015,0.0,0.0,0.45181081518768706,1.853686540987777,0.0,0.0,0.0,0.0,2.5405069699650045,0.0,0.544211817721616,1.813147485946181,0.0,0.0,0.0,0.0,0.0,1.4993482853483067,0.10168872953943386,1.4902263319668396,0.0,0.0,0.0,1.4500226794259539,0.0,1.506515225127048,0.0,0.0,0.6319217218814457,0.0,0.0,1.0790176139922396,0.0,0.0,0.0,0.0,0.0,0.0,0.0,1.8549829226234278,0.0,0.0,0.0,0.0,0.0,0.4000073399256524,0.8528421104183413,0.6316913000929014,0.0,0.0,0.0,1.9873256069561127,0.0,1.1877993000665437,0.0,0.0,0.8572752186088601,0.0,0.0,0.9607222076320384,1.3741369071661866,0.0,0.0,1.7240248078862106,0.0,0.0,0.6411855453310442,0.22042793181649387,0.0,0.0,0.0,0.0,0.0,0.0,0.0,0.0,0.0,2.572831063354643,2.022655133037004,0.0,0.0,0.0,0.0,0.0,0.0,0.0,0.0,0.0,2.078994823380322,0.0
2.1025368443157357,0.0,2.295721570164381,1.2619088586222396,0.0,0.676054237191748,0.8318078403564939,0.7481662799389364,1.4173682887963652,0.9349258600891335,2.2726377858419062,0.0,0.743318999899397,1.3575835561071827,0.0,0.0,2.1438135029085057,3.5478946342916475,1.4856106611990036,0.3227900640064609,0.8461465247805104,0.2614692591458614,2.645277725450248,1.4649815969775317,2.022699795414171,1.5291629812145544,0.0,1.7571444394831959,2.264548857433196,1.592351469059714,0.9895168881405726,0.0,2.037658516364698,1.6485243288825648,0.0,3.4592832295422484,0.0,0.0,0.8556376030357253,0.0,1.3255391119063242,1.3705257987039494,2.1639724877108364,3.0918239838744483,0.0,2.304149136719908,1.5991207492182924,3.1818250441000675,2.6486564308315064,2.6527103667879652,1.0240115219859183,0.0,0.0,2.480922845066433,2.054050123165993,1.0784682209135616,2.805610114833542,0.6513751859381902,0.7851708866157887,0.0,2.3143821641978493,0.4414502363183033,0.0,0.987607419906761,0.0,2.809893506083416,0.5830946297208144,1.560998403408487,0.0,0.774725945899956,0.6106125806952708,0.0,2.9532622802497324,1.7251928240353473,4.256000682275598,0.0,3.234632859491909,3.3015751647207265,2.225555918129951,0.0,1.8464900586706658,0.9204752886261705,3.3690662742774715,0.1989012858304678,2.6201310949048273,2.2742120136697013,1.849566982999959,0.48018839967254384,1.21744807842074,0.39300223941499096,1.2187642252039952,0.0,0.0,1.8586394706955218,2.477469274084998,0.0,0.0,0.0,0.7945529511865423,1.9986180744434643
0.0,0.0,0.0,0.0,0.0,0.0,0.0,0.870505061078808,0.0,1.0025977120101628,0.0,0.0,0.0,0.0,0.0,0.0,0.0,0.0,0.0,0.0,0.9684853059203821,0.0,0.0,0.0,0.0,0.0,0.0,0.0,0.0,1.756372978344934,0.0,0.0,0.0,0.8088371340949096,0.0,0.0,0.0,0.0,0.0,0.0,0.0,0.452687297767688,0.0,0.0,0.0,0.0,0.0,0.0,0.0,0.0,0.0,0.0,0.0,0.0,0.0,0.0,0.0,0.87037866965848,0.0,0.0,0.0,0.0,0.0,0.5614689838419921,0.0,0.0,1.109154495597575,0.0,0.0,2.1846509263664746,0.7329513618351424,0.0,0.0,0.0,0.0,0.0,0.0,0.0,0.0,0.0,0.0,0.0,0.0,0.0,0.0,0.0,0.0,0.0,1.38146958770596,0.0,0.0,0.0,0.0,0.0,0.0,0.0,0.0,0.0,1.437809278049278,0.0
0.0,0.0,0.0,0.0,0.0,0.0,0.0,0.0,0.0,1.4085000964182204,0.0,0.0,0.23138288337119317,0.0,0.0,0.0,0.0,0.0,0.0,0.0,0.3237838859051221,0.0,0.0,0.0,0.0,0.0,0.0,0.0,0.0,0.0,0.0,0.0,0.0,0.0,0.0,0.0,0.0,0.0,0.0,0.0,0.0,0.8585896821757456,0.0,0.0,0.0,0.0,0.0,0.0,0.0,0.0,0.0,0.0,0.0,0.0,0.0,0.0,0.0,1.2762810540665375,0.0,0.0,0.0,0.0,0.0,0.9673713682500497,0.0,0.0,1.5150568800056323,0.0,0.0,0.7402942758155445,0.0,0.0,0.0,0.0,0.0,0.0,0.0,0.0,0.0,0.0,0.0,0.0,0.0,0.0,0.0,0.0,0.0,0.0,0.0,0.0,0.0,0.0,0.0,0.0,0.0,0.0,0.0,0.0,0.0,0.0
0.0,0.0,0.0,0.0,0.0,0.0,0.0,0.0,0.0,0.0,0.0,0.0,0.0,0.0,0.0,0.0,0.0,0.0,0.0,0.0,0.0,0.0,0.0,0.0,0.0,0.0,0.0,0.0,0.0,0.0,0.0,0.0,0.0,0.0,0.0,0.0,0.0,0.0,0.0,0.0,0.0,0.0,0.0,0.0,0.0,0.0,0.0,0.0,0.0,0.0,0.0,0.0,0.0,0.0,0.0,0.0,0.0,0.0,0.0,0.0,0.0,0.0,0.0,0.0,0.0,0.0,0.7124601345759184,0.0,0.0,1.8355292500056668,0.0,0.0,0.0,0.0,0.0,0.0,0.0,0.0,0.0,0.0,0.0,0.0,0.0,0.0,0.45098387569486775,0.0,0.0,0.0,0.0,0.0,0.0,0.0,0.0,0.0,0.0,0.0,0.0,0.0,1.0886876016884703,0.0
0.0,0.0,0.0,0.0,0.0,0.35144731792467043,0.0,3.229550844880223,2.8774323731318465,1.1893163024566573,1.3048416158964966,0.0,2.1696710536580577,3.5715467794581475,0.0,0.0,0.0,0.0,4.258367208435375,0.7577859311810334,1.3601124863845184,3.5310077244165514,0.0,0.0,0.0,0.0,0.0,3.217208523818677,1.8195489680098045,1.2654248725050967,0.0,0.0,0.0,3.167882917896325,0.0,3.2243754635974184,0.0,0.0,1.1375803186680482,0.0,0.0,0.6394058882141826,0.0,0.0,0.0,0.0,0.0,0.0,0.0,3.5728431610937985,0.0,0.0,0.0,0.0,0.0,0.7538613016464841,2.570702348888712,0.9855452618137331,0.0,0.0,0.0,0.7233929519506263,0.6399333035235678,0.7481875742884867,0.0,0.0,1.224321087752828,0.0,0.0,1.504013218711922,3.091997145636557,0.0,0.0,3.4418850463565813,1.7178602384703705,0.0,2.359045783801415,1.9382881702868644,0.0,0.0,0.0,0.0,0.8309258304722438,0.0,0.0,0.6525409999161008,0.0,4.290691301825014,1.2965476619997243,0.0,0.0,0.0,0.0,0.9824408985109327,0.0,0.0,0.0,0.0,1.229548818361115,0.0
0.0,0.0,0.0,0.0,0.0,0.0,0.0,0.4939909384466151,0.0,0.9724352198772811,0.47361599854641,0.0,0.0,0.2973238717059462,0.0,0.0,0.0,0.0,0.0,0.0,0.8569996122375094,0.0,0.0,0.0,0.0,0.0,0.0,0.0,0.0,0.7174034750209382,0.0,0.0,0.0,0.0,0.0,0.0,0.0,0.0,1.124234714490476,0.0,0.0,0.4225248056348063,0.0,0.0,0.0,0.0,0.0,0.0,0.0,0.0,0.0,0.0,0.0,0.0,0.0,0.0,0.0,0.8402161775255983,0.0,0.0,0.0,0.0,0.0,0.5313064917091104,0.0,0.0,0.8420881371258239,0.0,0.0,1.8081368037342813,0.0,0.0,0.0,0.0,0.0,0.0,0.0,0.0,0.0,0.0,0.0,0.0,0.0,0.0,0.0,0.0,0.0,0.0,0.0,0.0,0.0,0.0,0.0,0.0,0.0,0.0,0.0,0.0,1.0612951554170849,0.0
0.0,0.0,0.0,0.0,0.0,0.0,0.0,0.0,0.0,0.0,0.0,0.0,0.0,0.0,0.0,0.0,0.0,0.0,0.0,0.0,0.0,0.0,0.0,0.0,0.0,0.0,0.0,0.0,0.0,0.0,0.0,0.0,0.0,0.0,0.0,0.0,0.0,0.0,0.0,0.0,0.0,0.0,0.0,0.0,0.0,0.0,0.0,0.0,0.0,0.0,0.0,0.0,0.0,0.0,0.0,0.0,0.0,0.0,0.0,0.0,0.0,0.0,0.0,0.0,0.0,0.0,0.0,0.0,0.0,0.0,0.0,0.0,0.0,0.0,0.0,0.0,0.0,0.0,0.0,0.0,0.0,0.0,0.0,0.0,0.0,0.0,0.0,0.0,0.0,0.0,0.0,0.0,0.0,0.0,0.0,0.0,0.0,0.0,0.0,0.0
0.0,0.0,0.0,0.0,0.0,3.108864015827684,0.0,2.3986250144079793,2.0465065426596025,2.2441531913604282,0.0,0.0,1.3387452231858137,2.7406209489859035,0.0,0.0,0.0,0.0,3.427441377963131,0.0,1.4311462257197427,2.7000818939443074,0.0,0.0,0.0,0.0,0.0,2.386282693346433,0.9886231375375607,0.8405252221664545,0.0,0.0,0.0,2.3369570874240804,0.0,2.393449633125175,0.0,0.0,1.5188561298795724,0.0,0.0,1.9659520219903661,0.0,0.0,0.0,0.0,0.0,0.0,0.0,2.741917330621555,0.0,0.0,0.0,0.0,0.0,1.2869417479237792,1.7397765184164682,0.6061422305878993,0.0,0.0,0.0,2.8742600149542397,0.0,2.07473370806467,0.0,0.0,0.800885453304069,0.0,0.0,0.6730873882396782,2.2610713151643136,0.0,0.0,2.6109592158843373,0.8869344079981268,0.0,1.528119953329171,1.1073623398146206,0.0,0.0,0.0,0.0,0.0,0.0,0.0,0.0,0.0,3.45976547135277,0.46562183152748055,0.0,0.0,0.0,0.0,0.0,0.0,0.0,0.0,0.0,2.965929231378449,0.0
0.0,0.0,0.0,0.0,0.0,0.4771529513612802,0.0,0.6812556109992904,0.0,1.2298348622444641,0.0,0.0,0.5444177140689292,0.0,0.0,0.0,0.0,0.0,0.0,0.12388877817599309,1.9376960650129336,0.9951643250886844,0.0,0.0,0.0,0.0,0.0,0.0,0.0,1.5150409272906513,0.0,0.0,0.0,0.0,0.0,0.0,0.0,0.0,0.6567363172052575,0.0,0.0,1.1716245128734817,0.0,0.0,0.0,0.0,0.0,0.0,0.0,0.0,0.0,0.0,0.0,0.0,0.0,0.8795669350830939,0.0,0.4524739001077225,0.0,0.0,0.0,0.24254895048783554,0.0,0.7887061340762933,0.0,0.0,0.38419334389034654,0.0,0.0,1.342493313673271,0.0,0.0,0.0,0.0,0.0,0.0,0.0,0.0,0.0,0.0,0.0,0.7215740027957026,0.0,0.0,0.0,0.0,0.0,0.28128711384207605,0.0,0.19410095358452317,0.0,0.0,0.0,0.0,0.0,0.0,0.0,0.0,0.5956516653560746,0.0
0.0,0.0,0.0,0.0,0.0,0.0,0.0,0.0,0.0,0.0,0.0,0.0,0.0,0.0,0.0,0.0,0.0,0.0,0.0,0.0,0.0,0.0,0.0,0.0,0.0,0.0,0.0,0.0,0.0,0.0,0.0,0.0,0.0,0.0,0.0,0.0,0.0,0.0,0.0,0.0,0.0,0.0,0.0,0.0,0.0,0.0,0.0,0.0,0.0,0.0,0.0,0.0,0.0,0.0,0.0,0.0,0.0,0.0,0.0,0.0,0.0,0.0,0.0,0.0,0.0,0.0,0.26147625888105064,0.0,0.0,1.384545374310799,0.0,0.0,0.0,0.0,0.0,0.0,0.0,0.0,0.0,0.0,0.0,0.0,0.0,0.0,0.0,0.0,0.0,0.0,0.0,0.0,0.0,0.0,0.0,0.0,0.0,0.0,0.0,0.0,0.6377037259936026,0.0
0.0,0.0,0.0,0.0,0.0,0.0,0.0,0.0,0.0,2.0282163934053177,0.6523006159803958,0.0,0.0,0.0,0.0,0.0,0.0,0.0,0.0,0.0,0.7075714864684176,0.0,0.0,0.0,0.0,0.0,0.0,0.0,0.0,0.6128838725889959,0.0,0.0,0.0,0.0,0.0,0.0,0.0,0.0,1.3029193319244619,0.0,0.0,0.0,0.0,0.0,0.0,0.0,0.0,0.0,0.0,0.0,0.0,0.0,0.0,0.0,0.0,0.0,0.0,0.0,0.0,0.0,0.0,0.0,0.0,0.0,0.0,0.0,0.0,0.0,0.0,0.0,0.0,0.0,0.0,0.0,0.0,0.0,0.0,0.0,0.0,0.0,0.0,0.0,0.0,0.0,0.0,0.0,0.0,0.0,0.0,0.0,0.0,0.0,0.0,0.32989989859483193,0.0,0.0,0.0,0.0,0.0,0.0
0.0,0.0,0.0,0.0,0.0,0.0,0.0,0.644802685740573,0.0,1.123246967171239,0.0,0.0,0.0,0.4481356189999041,0.0,0.0,0.0,0.0,0.3112329439383327,0.0,1.339408105068216,0.0,0.0,0.0,0.0,0.0,0.0,0.0,0.6937704207513379,2.0823080231787436,0.0,0.0,0.0,0.0,0.0,0.0,0.0,0.0,1.2240034130933497,0.0,0.0,0.5733365529287642,0.0,0.0,0.0,0.0,0.0,0.0,0.0,0.0,0.0,0.0,0.0,0.0,0.0,0.9920890311375564,0.0,0.9910279248195561,0.0,0.0,0.0,0.0,0.0,0.6821182390030682,0.0,0.0,1.2298037507586512,0.0,0.0,1.9589485510282392,0.0,0.0,0.0,0.0,0.0,0.0,0.0,0.0,0.0,0.0,0.0,0.0,0.0,0.0,0.0,0.0,0.0,0.0,0.0,0.0,0.0,0.0,0.0,0.0,0.0,0.0,0.0,0.0,1.2121069027110427,0.0
0.0,0.0,0.0,0.0,0.0,0.0,0.0,0.0,0.0,0.948547748402388,0.0,0.0,0.0,0.0,0.0,0.0,0.0,0.0,0.0,0.0,0.0,0.7138772112466083,0.0,0.0,0.0,0.0,0.0,0.0,0.0,0.0,0.0,0.0,0.0,0.0,0.0,0.0,0.0,0.0,0.0,0.0,0.0,0.0,0.0,0.0,0.0,0.0,0.0,0.0,0.0,0.0,0.0,0.0,0.0,0.0,0.0,0.0,0.0,0.17118678626564643,0.0,0.0,0.0,0.0,0.0,0.5074190202342173,0.0,0.0,0.4099626122047414,0.0,0.0,0.0,0.0,0.0,0.0,0.0,0.0,0.0,0.0,0.0,0.0,0.0,0.0,0.0,0.0,0.0,0.0,0.0,0.0,0.0,0.0,0.0,0.0,0.0,0.0,0.0,0.0,0.0,0.0,0.0,0.0,0.0
0.0,0.0,0.0,0.0,0.0,0.0,0.0,0.0,0.0,0.0,0.0,0.0,0.0,0.0,0.0,0.0,0.0,0.0,0.0,0.0,0.0,0.0,0.0,0.0,0.0,0.0,0.0,0.0,0.0,0.37490339063897404,0.0,0.0,0.0,0.0,0.0,0.0,0.0,0.0,0.0,0.0,0.0,0.0,0.0,0.0,0.0,0.0,0.0,0.0,0.0,0.0,0.0,0.0,0.0,0.0,0.0,0.0,0.0,0.0,0.0,0.0,0.0,0.0,0.0,0.0,0.0,0.0,0.3352636217765885,0.0,0.0,0.0,0.0,0.0,0.0,0.0,0.0,0.0,0.0,0.0,0.0,0.0,0.0,0.0,0.0,0.0,0.0,0.0,0.0,0.0,0.0,0.0,0.0,0.0,0.0,0.0,0.0,0.0,0.0,0.0,0.0,0.0
0.0,0.0,0.0,0.0,0.0,0.6827085114125944,0.0,0.4871546574147672,0.0,1.317020051705423,0.0,0.0,0.0,0.0,0.0,0.0,0.0,0.0,0.0,0.32944433822730723,0.0,0.0,0.0,0.0,0.0,0.0,0.0,0.0,0.0,1.7205964873419655,0.0,0.0,0.0,0.0,0.0,0.0,0.0,0.0,0.8622918772565716,0.0,0.0,0.0,0.0,0.0,0.0,0.0,0.0,0.0,0.0,0.0,0.0,0.0,0.0,0.0,0.0,1.085122495134408,0.0,1.316806455301657,0.0,0.0,0.0,0.4481045105391497,0.0,0.0,0.0,0.0,1.5555822812407518,0.0,0.0,1.5480488737245852,0.0,0.0,0.0,0.0,0.0,0.0,0.0,0.0,0.0,0.0,0.0,0.5274730492111794,0.0,0.0,0.0,0.0,0.0,0.0,0.0,0.0,0.0,0.0,0.0,0.0,0.0,0.0,0.0,0.0,0.8012072254073888,0.0
0.0,0.0,0.0,0.0,0.0,1.031214681773729,0.0,0.33548639764385646,0.0,0.8139306790745224,1.1013418320130808,0.0,0.4557297958834791,0.13881933090318754,0.0,0.0,0.0,0.0,1.6331919101622585,0.0,1.0300918169714994,2.4200898815579057,0.0,0.9373735802014986,0.0,0.0,0.0,1.3902828048390485,2.0157293869752637,0.8901382481763574,0.0,0.0,0.0,1.120916312106532,0.0,0.0,0.0,0.0,1.2107980476177063,0.0,0.10677488670232915,0.26402026483204766,0.0,0.0,0.0,0.0,0.7313343400258098,0.0,0.0,0.0,0.0,0.0,0.0,0.0,0.0,1.4336286654955428,0.0,0.6817116367228396,0.0,0.0,0.0,0.7966106809002844,0.0,0.3728019509063517,0.0,0.0,0.9204874626619346,0.0,0.0,1.2443043814797854,0.0,0.0,0.0,0.8574064148428646,0.0,0.0,0.0,0.0,0.0,0.0,0.6277258334666708,0.0,0.0,0.0,0.0,0.0,1.3219589662239257,1.7062126703112974,1.6935487657175823,0.0,0.0,0.0,0.0,0.6398752454915267,0.0,0.0,0.0,0.0,0.9027906146143263,0.0
0.0,0.0,0.0,0.0,0.0,0.5363129468564679,0.0,0.0,0.6787459424536942,1.441193374181301,0.0,0.0,0.0,0.0,0.0,0.0,0.0,0.0,0.0,0.0,1.385496008745665,1.3323212937383992,0.0,0.0,0.0,0.0,0.0,1.018522093140525,0.0,1.5742009227858391,0.0,0.0,0.0,0.0,0.0,0.0,0.0,0.0,0.7158963127004452,0.0,0.0,0.0,0.0,0.0,0.0,0.0,0.0,0.0,0.0,0.0,0.0,0.0,0.0,0.0,0.0,0.8394602466298653,0.0,1.0711442067971144,0.0,0.0,0.0,0.3017089459830232,0.0,1.6689416848836178,0.0,0.0,1.3099200327362093,0.0,0.0,0.0,0.0,0.0,0.0,0.0,0.0,0.0,0.0,0.0,0.0,0.0,0.0,0.0,0.0,0.0,0.0,0.0,0.0,0.0,0.0,0.0,0.0,0.0,0.0,0.0,0.0,0.0,0.0,0.0,0.0,0.0
0.0,0.0,0.0,0.7448711686617412,0.0,0.9740163213148103,0.0,0.542049139461407,1.1164493169120366,1.2867560473854849,0.8451337016127598,0.0,0.8763552039516046,0.6116446992141501,0.0,0.0,1.1695041619886388,1.5171905355758524,1.48931189977363,1.5092360959013795,1.0619526014322394,1.7700246681967418,0.0,0.7934935698128701,0.0,1.0121252912540561,0.0,1.24640279445042,1.8718493765866353,1.088921178087288,0.0,0.0,0.0,0.9770363017179033,0.0,0.22973385179087957,0.0,0.0,1.1535996871587875,0.0,0.0,0.7368456331430102,0.0,0.0,0.0,0.0,0.0,0.0,0.6179523321157114,0.5782015492872594,0.0,0.0,0.0,0.0,0.32166794140137256,0.7593578589472307,0.0,0.9910418191144797,0.0,0.0,0.0,0.7394123204413656,0.0,0.8456273192173143,0.0,0.0,1.2298176450535747,0.0,0.4153547597680677,1.1004243710911568,1.4822030123334322,0.0,0.0,1.188504420133195,0.0,0.0,1.6484294346685509,0.7381687155271173,0.0,0.0,0.0,1.1736418966345303,0.0,0.0,1.033927670081469,1.7571743237092028,1.1780789558352973,1.7923139955604153,1.5496687553289537,0.0,0.0,0.4377033744583424,0.0,1.833748449663735,0.8912658492616395,0.0,0.0,0.0,1.109353356431877,0.0
0.0,0.0,0.0,0.0,0.0,0.0,0.0,0.0,0.0,0.0,0.0,0.0,0.0,0.0,0.0,0.0,0.0,0.0,0.0,0.0,0.0,0.0,0.0,0.0,0.0,0.0,0.0,0.0,0.0,0.0,0.0,0.0,0.0,0.0,0.0,0.0,0.0,0.0,0.0,0.0,0.0,0.0,0.0,0.0,0.0,0.0,0.0,0.0,0.0,0.0,0.0,0.0,0.0,0.0,0.0,0.0,0.0,0.0,0.0,0.0,0.0,0.0,0.0,0.0,0.0,0.0,0.0,0.0,0.0,0.0,0.0,0.0,0.0,0.0,0.0,0.0,0.0,0.0,0.0,0.0,0.0,0.0,0.0,0.0,0.0,0.0,0.0,0.0,0.0,0.0,0.0,0.0,0.0,0.0,0.0,0.0,0.0,0.0,0.0,0.0
0.0,0.0,0.0,0.0,0.0,0.795143370814902,0.0,0.6235673707137904,0.0,1.1020116521444563,0.0,0.0,0.0,0.4269003039731215,0.0,0.0,0.0,0.0,1.1137207329503491,0.0,1.3181727900414333,1.8599220375865964,0.0,0.0,0.0,0.0,0.0,0.0,0.0,0.6839565736024832,0.0,0.0,0.0,1.566000719501821,0.0,0.0,0.0,0.0,0.9747267366588793,0.0,0.0,0.5521012379019816,0.0,0.0,0.0,0.0,0.0,0.0,0.0,0.0,0.0,0.0,0.0,0.0,0.0,1.0068578597701636,0.0,0.9697926097927736,0.0,0.0,0.0,0.5605393699414574,0.0,0.6608829239762857,0.0,0.0,0.4041380797008802,0.0,0.0,1.5272071951306287,1.4901149472420538,0.0,0.0,0.29723857087155525,0.0,0.0,0.7571635854069113,0.0,0.0,0.0,0.0,0.2823760473728908,0.0,0.0,0.14266182081982956,0.0,0.0,1.146044826339988,2.138633173112871,0.0,0.0,0.0,0.0,0.0,0.0,0.0,0.0,0.0,0.7803655468134322,0.0
0.49213648098766705,0.0,1.1194400342795114,0.16643619534763376,0.0,0.20071902742966607,0.0,1.2148386820184018,1.9360586031918072,1.2932121134466676,1.096356249957037,0.0,0.7102249809048213,1.018171615277733,0.0,0.0,0.9675319670236364,2.371613098406778,1.47655916356087,1.137129144045531,0.8026259834387502,0.2409369340101737,1.4354423582131686,1.5845005669689158,0.8128644281770919,0.4336903179399486,0.0,1.609039708744024,0.15988984769637843,1.153704976878334,1.6795813959079748,0.0,0.8613769804798288,1.0627163229303953,0.0,2.283001693657379,0.7130474429380952,0.0,0.6901228400383903,0.0,1.2315431016835285,1.0187491010786802,0.987690951825967,1.8819886166373694,0.0,1.1278676008350388,1.5386618905788865,1.971989676862988,1.4723748949466366,0.8908715812649111,0.0,0.0,0.0,1.3046413091815634,0.8777685872811238,0.45820845808259697,1.6293285789486727,0.6591201459158165,0.0,0.0,1.1045467969607698,1.1027361648151237,0.6436902917674316,0.9953523798843873,0.0,1.6000581388463369,0.8978959718549114,0.38471686752361756,0.0,1.2191363733491727,1.2802308173684298,0.0,1.7434269130126527,0.9606692476050172,2.097203451334868,0.0,1.4205942621403733,0.47884209753362816,0.6151555548018826,0.37934321286449746,1.7524940484478702,0.9458067241063527,1.2102690433367411,0.0,0.8060924975532915,1.0318842127805983,1.969085952991343,0.48793335965017,1.0369170620607004,1.2614698217130635,1.1247682149811995,0.0,0.0,1.2553134763496274,0.6634306767334619,0.0,0.0,0.0,0.7582437179947286,0.8223365385585949
0.0,0.0,0.0,0.0,0.0,1.28057396900605,0.5800009787840461,0.45054031656725735,0.7207191459101425,0.9289845979979234,1.7273645884762403,0.9069594256279256,0.9519473421150761,0.2538732498265885,0.0,0.5025295077347081,0.0,0.5911149409564491,0.11697057476501704,0.9278471338478486,1.0484125919504343,0.9490517781453998,1.6670890033696892,0.8626363344213371,0.0,0.6441713329915002,0.9086302848467628,1.0604952965969732,1.6632578893341088,1.3405446074872662,0.5378074846612018,0.0,1.4923853189990322,0.8364107106144557,0.0,0.2388213638144585,0.0,0.6142119332231348,1.2011820969327536,0.0,2.0910115727419973,0.3790741837554486,0.0,0.0,0.34468792956665206,0.998618434548584,0.6565970942456483,0.6078156475882848,0.7605500083336897,0.5872890613108384,0.0,0.3618691986558402,0.0,0.2258354075144069,0.0,0.42300838904266386,0.550522677281516,0.6546923492099128,0.0,0.0,0.0,1.0459699681326053,1.6772800347304782,0.48785586982975265,0.0,0.0,0.43004178232578155,0.0,0.6418364910309575,1.1043276762633494,0.8128786478651946,0.0,1.066309629501178,0.7826691690627031,2.755206969677281,0.0,0.8920528591409462,2.323386442640168,0.5345297831826585,1.0373467312069105,1.3966342091425712,1.5248848850996475,1.8682725616791542,0.0,0.1685655234447309,1.1310746228134336,0.969487468582771,1.631475424531136,0.9656412168482922,1.4156896744628775,1.984236686039668,0.0,0.0,0.987028964160828,1.546068024738418,0.0,0.0,0.0,0.8062692494383334,0.0
0.0,0.0,0.0,0.0,0.0,0.0,0.0,0.9922991079523349,0.0,1.1233169422464755,1.054885579360466,0.0,1.21906628168394,0.0,0.0,0.0,0.0,0.0,0.0,0.0,0.49179943161125167,0.0,0.3313859590422683,0.0,0.0,0.0,0.0,0.0,0.0,0.9674327422683384,0.0,0.0,0.0,0.16864200810598684,0.0,0.0,0.0,0.0,1.7055042953045318,0.0,0.0,0.8559791583107046,0.0,0.0,0.0,0.0,0.0,0.0,0.0,0.0,0.0,0.0,0.0,0.0,0.0,0.0,0.0,1.2736705302014966,0.0,0.0,0.0,0.0,0.0,0.8493476481437057,0.0,0.0,1.0765380834936256,0.0,0.0,1.7279776741282915,1.136243222378159,0.0,0.0,0.0,0.0,0.0,0.4032918605430166,0.9876833983127469,0.0,0.0,0.0,0.49335941460874866,0.0,0.0,0.0,0.4025849633800701,0.0,0.0,0.7412744617170371,0.0,0.0,0.0,0.0,0.732484861974902,0.0,0.0,0.0,0.0,1.5596033249228047,0.0
0.0,0.0,0.0,0.0,0.0,0.0,0.0,0.0,0.0,0.0,0.0,0.0,0.0,0.0,0.0,0.0,0.0,0.0,0.0,0.0,0.0,0.0,0.0,0.0,0.0,0.0,0.0,0.0,0.0,0.0,0.0,0.0,0.0,0.0,0.0,0.0,0.0,0.0,0.0,0.0,0.0,0.0,0.0,0.0,0.0,0.0,0.0,0.0,0.0,0.0,0.0,0.0,0.0,0.0,0.0,0.0,0.0,0.0,0.0,0.0,0.0,0.0,0.0,0.0,0.0,0.0,0.0,0.0,0.0,0.7468416483171965,0.0,0.0,0.0,0.0,0.0,0.0,0.0,0.0,0.0,0.0,0.0,0.0,0.0,0.0,0.0,0.0,0.0,0.0,0.0,0.0,0.0,0.0,0.0,0.0,0.0,0.0,0.0,0.0,0.0,0.0
0.0,0.0,0.0,0.0,0.0,1.2739945704564355,0.0,0.39250214345980694,1.1137220646332122,0.47087557488807263,1.535776966168821,0.0,1.1573654575203955,0.19583507671913802,0.0,0.0,0.3790709941571775,0.0,1.5371897756296655,0.0,0.9273037885872104,0.5985164842719402,0.0,0.8422815352596633,0.0,0.13842731773327854,0.0,1.2951907598972132,0.5053723377459599,0.5894839141410796,0.0,0.0,0.0,1.0258242671646967,0.0,1.4606651550987841,0.0,0.0,1.0356053300879717,0.0,0.8860276892931737,0.32103601064799814,0.1653544132673721,0.0,0.0,0.3542981904394681,1.5105871426166542,0.0,0.0,0.6540922923445008,0.0,0.0,0.0,0.4823047706229685,0.0,0.8036909481321785,0.8069920403900777,0.6711440271165976,0.0,0.0,0.0,1.0393905695829908,0.0,0.4298176967223022,0.0,0.0,0.5498441452786941,0.0,0.0,1.14921233653795,0.6917698445019708,0.0,0.0,0.7760897705130887,0.0,0.0,1.2360147850484449,0.0,1.1323678448234966,0.0,1.4069786360575152,0.7612272470144243,0.0,0.0,0.621513020461363,0.8834763501884252,1.2259568316913327,0.49995724085095117,0.21458052350210555,0.0,0.7792528025908445,0.0,0.0,0.9600504761429575,0.4788511996415335,0.0,0.0,0.0,0.9598063604302768,0.0
