0.0,0.0,0.0,0.0,0.0,0.0,0.0,0.0,0.0,0.0,0.0,0.0,0.0,0.0,0.0,0.0,0.0,0.0,0.0,0.0,0.0,0.0,0.0,0.0,0.0,0.0,0.0,0.0,0.0,0.0,0.0,0.0,0.0,0.0,0.0,0.0,0.0,0.0,0.0,0.0,0.0,0.0,0.0,0.0,0.0,0.0,0.294988751411438,0.0,0.0,0.0,0.0,0.0,0.0,0.0,0.0,0.0,0.0,0.0,0.0,0.0,0.0,0.0,0.0,0.0,0.0,0.0,0.0,0.0,0.0,0.0,0.0,0.0,0.0,0.0,0.0,0.0,0.0,0.0,0.0,0.0,0.0,0.0,0.0,0.0,0.0,0.5461844801902771,0.0,0.0,0.0,0.0,0.0,0.0,0.0,0.0,0.0,0.0,0.0,0.0,0.0,0.0
-0.13083533087169016,0.0,0.1475622331432757,0.0,0.0,0.0,0.0,-0.3049661323859985,0.0,-0.19170077619604128,0.16863924132498198,-0.10086422041607215,0.024268397864832925,0.0,0.13666775760319036,0.006010840538992997,-0.1655243161373201,0.0,0.031492738869937656,0.013932853673389497,0.0,0.6973901828511699,0.0,0.0,0.0,0.8203825791523284,0.0,0.0,0.0,0.0,-0.019867367898674906,-0.3635558366927895,0.10295088251354031,0.0,0.0,-0.555902566746149,0.17593533786235246,0.03153347031112269,0.0,0.0,0.0,0.06902566171937571,0.0,0.0,-0.104115128788141,0.0,0.14039460416313884,-0.02883096729823681,0.0,0.0,0.0,-0.06969914988754454,0.15042884593672867,0.00036244489642180827,0.0,0.012250596637458071,-0.4907575845718384,0.0,0.0,0.0,0.07342108385530774,0.0,-0.2715329064880376,0.20920331360179945,0.0,0.0,-0.12221636393132762,0.12463734740138738,0.5403333902359009,-0.08207460902701424,0.2268933345100806,0.0,0.0,0.0,-0.1637787141847145,0.6850736733716651,-0.035269059947687975,0.0,0.0,0.04112526288685686,0.0,0.0,-0.47338500636401065,0.0,0.0,-0.3589608746153706,-0.025205917799490704,0.0,0.0,-0.3044877846269556,0.4484243291686877,0.0,0.19818667280154062,0.0,0.0,0.0,-0.1385558312890178,0.0,0.0,0.0
0.0,0.0,0.0,0.0,0.0,0.0,0.0,0.0,0.0,0.24807179904357923,0.0,0.0,0.039336591216515546,0.0,0.0,-0.015627925262155045,0.0611122333279388,0.0,0.0,0.0944201871752739,0.0,-0.3177057628505864,0.0,0.0,0.0,0.0,0.0,0.0,0.0,0.0,0.05165429670976529,0.0,0.010212357615993966,0.0,0.0,0.11202554907976868,0.0,0.7809731960296631,0.0,0.0,0.0,0.0,0.0,0.0,0.0,0.0,0.0,0.0,0.0,0.0,0.0,-0.4831039761027114,0.0,-0.41841209340594787,0.0,0.019856964385128177,0.0,0.0,0.0,0.0,0.0,0.0,0.0,0.0,0.0,0.0,0.0,-0.8090006113052368,0.0,0.0,0.3446156707596977,0.0,0.0,0.0,0.0,0.0,-0.08384531721552566,0.0,0.0,0.0,0.0,0.0,0.0,0.0,0.0,0.0,0.0,0.0,0.0,0.0,0.0,0.0,0.5118111371994019,0.0,0.0,0.0,0.0,0.0,0.0,0.0
0.04071101777723286,0.0,-0.19523460682989327,0.0,0.0,0.0,0.0,0.02986599722671182,-0.32884731888771057,0.5243584975219008,-0.0596231641258443,0.25232654573935576,-0.07127106730771665,0.0,-0.04252584888415589,0.07727290988631713,0.03397990733166109,0.0,-0.059339182039679084,-0.04844699699455503,0.0,0.014813233421486927,0.0,0.0,0.0,-0.015442008922179486,0.0,-0.07339883031178782,0.0,0.19552711515981258,-0.017950095610707373,0.11312485726911141,-0.32309721028098964,0.0,0.0,0.07331226010651755,0.0030858910773305043,-0.03641337237610235,0.0,0.0,0.0,-0.021478181181034554,0.0,0.0,-0.062446943193990134,0.0,0.06391784973693126,-0.06432120460188394,0.0,0.0,0.0,0.03814313230813246,0.03644430710290872,0.022857451388608355,0.0,-0.16142796753116098,0.0,0.0,0.0785586061996672,0.0,-0.022845870684490312,0.0,0.14202445771721794,-0.07831134207336672,0.0,0.0,0.0,0.2617474161907416,0.0,-0.5993442679120999,-0.1698814433835666,0.0,0.0,0.0,0.05096175551575702,-0.21316907527600293,0.11502740732834785,0.0,0.17988355457782745,-0.686262060647786,0.0,0.0,0.14399330170784727,0.0,-0.12334243275623713,-0.12295827510277386,0.04749344129636595,-0.08375372882725607,0.0,-0.02604021380819736,0.007865325141912155,0.0,-0.19609749060459042,0.0,0.0,0.0,0.043113346167010076,0.04729498812898392,0.0,0.0
-0.08961782066281021,0.0,0.10107518862322296,0.0,0.0,0.0,0.0,0.06000020169676261,0.0,-0.5644285458853325,0.0,-0.17325782782961827,-0.07128698721297311,-0.6457369327545166,0.09361283767671728,0.02244501161707925,0.07539501169574037,0.0,-0.545036775874498,0.009543538228580827,0.0,0.032347742785331,0.0,0.0,0.0,0.13193122072679977,0.0,-0.049241403803268025,0.0,-0.2859761416912079,-0.013608481757359726,-0.24902357456950597,0.13629437351353155,0.0,0.0,-0.032655790279331985,0.008757926414676999,-0.07951609011035224,0.0,0.0,0.0,0.047280266972881645,0.0,0.0,0.06740205307393393,0.0,0.05688481428360928,-0.047942684116720036,0.0,0.0,0.0,0.01480765819134023,0.11050789624417273,0.21960387569555015,0.0,-0.03598540499911889,0.0,-0.02902336628723101,0.018130096611507836,0.0,0.05029098395651971,-0.15204359591007233,-0.3693039040114191,-0.3730005381693787,0.0,0.0,0.0,0.251811839789612,0.0,0.18721937351534124,0.038596377482788574,0.0,0.0,0.0,-0.11218293513229671,0.4692525267601013,-0.08719120754185403,0.0,0.0,0.028169428009622854,0.0,0.0,-0.32730086355876303,0.0,0.0,0.20943210627722983,0.4362323717581198,0.0,0.0,0.05732274304351439,0.022322219771919054,0.0,0.09683632203853498,0.0,0.0,0.0,-0.09490610492989213,0.0,0.0,0.0
0.0,0.0,0.0,0.0,0.0,0.0,0.0,-0.6216004649662056,0.0,-0.0703035127882719,0.0,0.0,-0.31026219936965005,0.0,0.0,0.03614619007574436,0.12118291031480505,0.0,0.13687048455731515,0.0,0.0,0.14799901415814376,0.0,0.0,0.0,0.7525758914694081,0.0,0.0,0.0,0.0,-0.1194724184931637,0.0,0.12223534147161452,0.0,0.0,0.09987551220252941,0.15049124886178733,-0.36380600105979966,0.0,0.0,0.0,0.2999921920236268,0.0,0.0,0.0,0.0,-0.09082226228417095,-0.07885507850972034,0.0,0.0,0.0,0.006904868177466689,0.0,0.2998041790124169,0.3665213882923126,-0.15661919989518633,0.0,0.0,0.0,0.0,0.31909512111669613,0.0,0.3019535541534424,0.09366847643898764,0.0,0.0,0.0,-0.10290222516424881,0.8535953164100647,0.1561644726377345,0.10541352645927957,0.0,0.0,0.0,0.0,0.0,-0.255044813062266,0.0,0.0,0.17873436420114744,0.0,0.0,0.12490829347277543,0.0,0.0,0.025552737463636423,-0.10954735303195232,0.0,0.0,0.0,0.38357238594899457,0.0,0.5331038467540654,0.0,0.0,0.0,-0.6021770238876343,0.0,0.0,0.0
-0.5148814077232207,0.0,0.019505406340026142,-0.0999075248837471,0.0,0.0,0.0,0.06718100062638363,0.03285432169472746,0.49779156572673927,0.736216902195975,0.03427615579594199,0.8019747475095178,-0.1473950296640396,0.004248652305596274,-0.007720145167306776,-0.3758699916941663,0.0,-0.12295361777114891,0.004840219557776328,0.0,-0.2392672540731392,0.0,0.0,0.0,-0.13477807181690482,0.0,0.007333095465812873,0.0,0.14377107551739787,0.0017933496238923866,-0.011302024492584087,-0.2379785495360887,0.0,0.0,0.13932795472671677,0.017273692755064334,0.5881583967572531,0.0,0.0,0.0,-0.14891610689412296,0.0,0.0,-0.07297519833698758,0.0,-0.07113091504517363,0.5618503238891757,0.0,0.0,0.0,-0.36539059912755706,-0.26897413299008016,-0.01695156561951407,0.0,0.41736731724019,0.0,0.0,-0.236663177012389,0.0,0.0022824743939015846,0.0,-0.01418931204348364,0.3813945289718394,0.0,0.0,0.0,-0.9972930120089586,0.0,0.10414980657042801,0.44452859461294564,0.0,0.0,0.0,-0.00509146285730993,0.02129719469258262,0.4467174661608975,-0.540965735912323,-0.017971720705161176,0.06856274390094023,0.0,0.0,-0.037696023028722714,0.0,0.012322837169815665,-0.5853731017700038,0.09840867748876471,0.008367627746915693,0.0,0.002601613309020573,0.044027221478472864,0.0,0.019591614922218475,0.0,0.0,0.0,-0.004307347705002162,-1.171926077053795,0.0,0.7701757550239563
0.0,0.0,0.0,0.0,0.0,0.0,0.0,0.0,0.0,0.0,0.0,0.0,0.0,0.0,0.0,0.0,0.0,0.0,0.0,0.0,0.0,0.0,0.0,0.0,0.0,0.0,0.0,0.0,0.0,0.0,0.0,0.0,0.0,0.0,0.0,0.0,0.0,0.0,0.0,0.0,0.0,0.0,0.0,0.0,0.0,0.0,0.6761840581893921,0.0,0.0,0.0,0.0,0.0,0.0,0.0,0.0,0.0,0.0,0.0,0.0,0.0,0.0,0.0,0.0,0.0,0.0,0.0,0.0,0.0,0.0,0.0,0.0,0.0,0.0,0.0,0.0,0.0,0.0,0.0,0.0,0.0,0.0,0.0,0.0,0.0,0.0,0.0,0.0,0.0,0.0,0.0,0.0,0.0,0.0,0.0,0.0,0.0,0.0,0.0,0.0,0.0
-0.12379914762551003,0.0,0.1396264950999342,0.0,0.0,0.0,0.0,0.08107526942754677,0.0,-0.017802339041959582,0.0,-0.7673060756366273,0.02296326955330954,0.0,0.12931791272616983,-0.2127789592817415,-0.09449688129626684,0.0,0.1804459961552591,0.01318355980196325,0.0,0.09921386185667085,0.0,0.0,0.0,0.07302186791206518,0.0,0.0,0.0,-0.59458327293396,-0.018798922240892715,-0.3440041951740511,0.3491517157824429,0.0,0.0,0.003998662139256985,-0.009383963012890562,-0.2438840456951022,0.0,0.0,0.0,0.06531353594027195,0.0,0.0,0.18989646442978453,0.0,-0.07813636773723888,0.0871044473950124,0.0,0.0,0.0,0.10337130857349755,-0.03957001107041294,0.17186638718738745,0.0,0.39307762235733656,0.0,0.0,-0.15671112637280515,0.0,0.06947257700553537,0.0,-0.2569301590903075,0.1234897472164695,0.0,0.0,0.0,-0.13066859979589696,0.0,-0.061982948397078935,0.23320031770496863,0.0,0.0,0.0,-0.1549708712484854,0.6482311487197876,0.044911869523114226,0.0,0.0,0.03891359052136229,0.0,0.0,-0.43787281646354476,0.0,0.0,0.4090632076137982,-0.14442398818092003,0.2546887993812561,0.0,0.07918633454660809,-0.023917863063368558,0.0,0.18752840689208267,0.0,0.0,0.0,-0.13110444784174058,0.0,0.0,0.0
0.0,0.0,0.0,0.0,0.0,0.0,0.0,0.0,0.0,0.0,0.0,0.0,0.0,0.0,0.0,0.0,0.0,0.0,0.0,0.0,0.0,0.0,0.0,0.0,0.0,0.0,0.0,0.0,0.0,0.0,0.0,0.0,0.0,0.0,0.0,0.0,0.0,0.0,0.0,0.0,0.0,0.0,0.0,0.0,0.0,0.0,0.0,0.0,0.0,0.0,0.0,0.0,0.0,0.0,0.0,0.0,0.0,0.0,0.0,0.0,0.0,0.0,0.0,0.0,0.0,0.0,0.0,0.0,0.0,0.0,0.0,0.0,0.0,0.0,0.0,0.0,0.0,0.0,0.0,0.0,0.0,0.0,0.0,0.0,0.0,0.0,0.0,0.0,0.0,0.0,0.0,0.0,0.0,0.0,0.0,0.0,0.0,0.0,0.0,0.0
0.0,0.0,0.0,0.0,0.0,0.0,0.0,0.09220915302823851,0.0,0.0,0.0,0.0,0.0,0.0,0.0,0.0,-0.5275723116086084,0.0,0.0,0.0,0.0,0.0,0.0,0.0,0.0,-0.14375346707170955,0.0,0.0,0.0,0.0,0.0,0.0,-0.3247061673472914,0.0,0.0,0.11985953397832912,0.0,0.0,0.0,0.0,0.0,0.0,0.0,0.0,0.0,0.0,0.06235035929684099,0.4018411928544623,0.0,0.0,0.0,0.0,-0.39299851655960083,0.2586222799782876,0.0,0.0,0.0,0.0,0.0,0.0,0.0,0.0,0.0,0.6323392987251282,0.0,0.0,0.0,-0.865574300289154,0.0,0.0,0.36871476228583155,0.0,0.0,0.0,0.0,0.0,0.6302286414741045,0.0,0.0,0.0,0.0,0.0,0.0,0.0,0.0,-0.1302153608510938,0.0,0.0,0.0,0.0,0.0,0.0,0.0,0.0,0.0,0.0,0.0,0.0,0.0,0.0
0.0,0.0,0.0,0.0,0.0,0.0,0.0,0.0,0.0,0.0,0.0,0.0,0.0,0.0,0.0,0.0,0.0,0.0,0.0,0.0,0.0,0.0,0.0,0.0,0.0,0.13317910481365747,0.0,0.0,0.0,0.0,0.0,0.0,0.21914451047182482,0.0,0.0,0.0,0.0,0.0,0.0,0.0,0.0,0.0,0.0,0.0,0.0,0.0,0.0,0.0,0.0,0.0,0.0,0.0,0.3640899360179901,0.0,0.0,0.0,0.0,0.0,0.0,0.0,0.0,0.0,0.0,0.0,0.0,0.0,0.0,0.0,0.0,0.0,0.0,0.0,0.0,0.0,0.0,0.0,-0.029932850833169947,0.0,0.0,0.0,0.0,0.0,0.0,0.0,0.0,0.0,0.0,0.0,0.0,0.0,0.0,0.0,0.0,0.0,0.0,0.0,0.0,0.0,0.0,0.0
0.0,0.0,0.0,0.0,0.0,0.0,0.0,0.0,0.0,0.0,0.0,0.0,0.0,0.0,0.0,0.0,0.0,0.0,0.0,0.0,0.0,0.0,0.0,0.0,0.0,0.0,0.0,0.0,0.0,0.0,0.0,0.0,0.0,0.0,0.0,0.0,0.0,0.0,0.0,0.0,0.0,0.0,0.0,0.0,0.0,0.0,0.0,0.0,0.0,0.0,0.0,0.0,0.0,0.0,0.0,0.5047962665557861,0.0,0.0,0.0,0.0,0.0,0.0,0.0,0.0,0.0,0.0,0.0,0.0,0.0,0.0,0.0,0.0,0.0,0.0,0.0,0.0,0.0,0.0,0.0,0.0,0.0,0.0,0.0,0.0,0.0,0.0,0.0,0.0,0.0,0.0,0.0,0.0,0.0,0.0,0.0,0.0,0.0,0.0,0.0,0.0
0.0,0.0,0.0,0.0,0.0,0.0,0.0,-0.10644809156656265,0.0,0.5558756589889526,0.0,0.0,0.10707833617925644,0.0,0.0,0.0,0.4124853312969208,0.0,0.0,0.0,0.0,0.0,0.0,0.0,0.0,0.0,0.0,0.0,0.0,0.0,0.0,0.0,0.06892969680802175,0.0,0.0,0.05274490619369503,0.0,0.0,0.0,0.0,0.0,0.0,0.0,0.0,0.0,0.0,-0.07197850254199434,-0.30530405044555664,0.0,0.0,0.0,0.0,0.0,-0.19649162658501496,0.0,0.05405274433229401,0.0,0.0,0.0,0.0,0.0,0.0,0.0,0.0,0.0,0.0,0.0,-0.38090115785598755,0.0,0.0,0.16225514069254565,0.0,0.0,0.0,0.0,0.0,-0.2923837225673065,0.0,0.0,0.0,0.0,0.0,0.0,0.0,0.0,0.09893280680277883,0.0,0.0,0.0,0.0,0.0,0.0,0.0,0.0,0.0,0.0,0.0,0.0,0.0,0.0
0.0,0.0,0.0,0.0,0.0,0.0,0.0,0.0,0.0,0.0,0.0,0.0,0.5110174417495728,0.0,0.0,0.0,0.0,0.0,0.0,0.0,0.0,0.0,0.0,0.0,0.0,0.0,0.0,0.0,0.0,0.0,0.0,0.0,0.0,0.0,0.0,-0.5236523151397705,0.0,0.0,0.0,0.0,0.0,0.0,0.0,0.0,0.0,0.0,0.0,0.0,0.0,0.0,0.0,0.0,0.0,0.0,0.0,0.25795969674007324,0.0,0.0,0.0,0.0,0.0,0.0,0.0,0.0,0.0,0.0,0.0,0.0,0.0,0.0,0.0,0.0,0.0,0.0,0.0,0.0,0.0,0.0,0.0,0.0,0.0,0.0,0.0,0.0,0.0,0.0,0.0,0.0,0.0,0.6123384833335876,0.0,0.0,0.0,0.0,0.0,0.0,0.0,0.0,0.0,0.0
0.0,0.0,0.0,0.0,0.0,0.0,0.0,0.0,0.0,0.0,0.0,0.0,0.0,0.0,0.0,0.0,0.0,0.0,0.0,0.0,0.0,0.0,0.0,0.0,0.0,0.0,0.0,0.0,0.0,0.0,0.0,0.0,0.0,0.0,0.0,0.0,0.0,0.0,0.0,0.0,0.0,0.0,0.0,0.0,0.0,0.0,0.0,0.0,0.0,0.0,0.0,0.0,0.0,0.0,0.0,0.0,0.0,0.0,0.0,0.0,0.0,0.0,0.0,0.0,0.0,0.0,0.0,0.0,0.0,0.0,0.0,0.0,0.0,0.0,0.0,0.0,0.0,0.0,0.0,0.0,0.0,0.0,0.0,0.0,0.0,0.0,0.0,0.0,0.0,0.0,0.0,0.0,0.0,0.0,0.0,0.0,0.0,0.0,0.0,0.0
0.0,0.0,0.0,0.0,0.0,0.0,0.0,0.0,0.0,0.0,0.0,0.0,0.0,0.0,0.0,0.0,0.0,0.0,0.0,0.0,0.0,0.0,0.0,0.0,0.0,0.0,0.0,0.0,0.0,0.0,0.0,0.0,0.16710823774337769,0.0,0.0,0.0,0.0,0.0,0.0,0.0,0.0,0.0,0.0,0.0,0.0,0.0,0.0,0.0,0.0,0.0,0.0,0.0,0.0,0.0,0.0,0.0,0.0,0.0,0.0,0.0,0.0,0.0,0.0,0.0,0.0,0.0,0.0,0.0,0.0,0.0,0.0,0.0,0.0,0.0,0.0,0.0,-0.7088342308998108,0.0,0.0,0.0,0.0,0.0,0.0,0.0,0.0,0.0,0.0,0.0,0.0,0.0,0.0,0.0,0.0,0.0,0.0,0.0,0.0,0.0,0.0,0.0
-0.31598216173892135,0.0,-0.034098972074218616,0.0,0.0,0.0,0.0,-0.1696651043105838,-0.17065344328730703,-0.37763013535314377,-0.4225210620922149,0.9379995594844084,-0.5994260060617161,-0.6895369127392215,-0.21134160608944946,0.6121468308319209,-0.6988726660627195,0.0,0.21949608453523406,-0.7447526127214535,0.0,-0.08807339406767671,-0.714881181716919,-0.0860093464504594,0.0,0.508127424387644,0.0,-0.05803185771641917,0.0,-0.04885687651175856,-0.5131881101712433,0.08401120028300092,0.25950627090715267,-0.21063090621137803,0.0,0.07259520826920135,0.16373185301018173,-0.04666901560156517,0.0,0.4142462748572626,0.0,0.4046084839088816,0.0,0.0,0.2501843921743253,-0.26623310059649036,-0.3508551428587666,0.13186249892955754,0.4499323070049286,0.0,-0.17953816152526542,0.4571304856165684,0.4778063742571141,0.30849922929036044,-0.5478293505549621,-0.7276472818232578,0.0,-0.03420454602718548,0.27126306098770275,0.03154242896480651,0.28246443482742306,-0.17918604351325307,0.028793922885755538,-0.0588334788157477,0.0,0.0,-0.08769296595414044,0.4312168111927233,0.0,0.08274052650322983,-0.0009151059940673834,0.0,0.0,0.0,-0.3598458427431984,-0.1583081765535566,0.6062145684628161,0.49796444992715294,0.0,0.22547329731537832,0.0,0.0,0.3418956900026908,0.0,0.0,-0.04186471317941522,-0.18992094538934057,-0.06382252971173392,0.6411263942718506,-0.05850988829887502,-0.22085840696834835,0.0,-0.01514609305635961,0.3401012902823197,0.0,0.0,-0.5330498069767585,0.48814737893487614,0.0,0.049648290069232236
0.0,0.0,0.0,0.0,0.0,0.0,0.0,0.0997947078628858,0.0,0.33065889561310513,0.0,0.0,0.0,0.0,0.0,0.0,-0.5709728696608352,0.0,0.0,0.0,0.0,0.0,0.0,0.0,0.0,0.0,0.0,0.0,0.0,0.0,0.0,0.0,-0.09541427004830144,0.0,0.0,0.0,0.0,0.0,0.0,0.0,0.0,0.0,0.0,0.0,0.0,0.0,0.06747959054855096,0.4348985228820368,0.0,0.0,0.0,0.0,0.0,-0.043655628846947125,0.0,0.0,0.0,0.0,0.0,0.0,0.0,0.0,0.0,0.6843584775924683,0.0,0.0,0.0,0.0,0.0,-0.3434986074379154,0.0,0.0,0.0,0.0,0.0,0.0,0.404725114930696,0.0,0.0,0.0,0.0,0.0,0.0,0.0,0.0,-0.1409274835375137,-0.8003723621368408,0.0,0.0,0.0,0.0,0.0,0.0,0.0,0.0,0.0,0.0,0.0,0.0,0.0
0.0,0.0,0.0,0.0,0.0,0.0,0.0,0.0,0.0,0.0,0.0,0.0,0.4166120868145953,0.0,0.0,-0.1655146608970881,0.6472369432449341,0.0,0.0,0.0,0.0,0.0,0.0,0.0,0.0,0.0,0.0,0.0,0.0,0.0,0.5470683574676514,0.0,0.1081586249880715,0.0,0.0,0.0,0.0,0.0,0.0,0.0,0.0,0.0,0.0,0.0,0.0,0.0,0.0,0.0,0.0,0.0,0.0,0.0,0.0,0.0,0.0,0.21030422602602275,0.0,0.0,0.0,0.0,0.0,0.0,0.0,0.0,0.0,0.0,0.0,0.0,0.0,0.0,0.0,0.0,0.0,0.0,0.0,0.0,-0.8880020229136179,0.0,0.0,0.0,0.0,0.0,0.0,0.0,0.0,0.0,0.0,0.0,0.0,0.0,0.0,0.0,0.0,0.0,0.0,0.0,0.0,0.0,0.0,0.0
0.0,0.0,0.0,0.0,0.0,0.0,0.0,-0.08707103251470728,0.0,-0.31365293273953987,0.0,0.0,0.1803257781010822,0.0,0.0,-0.26264251188775023,1.0505484567695418,0.0,-0.8725015021271432,0.5831871873056751,0.0,0.03221289157891021,0.0,0.0,0.0,-0.40595664228572304,0.0,-0.16436127481319396,0.0,0.0,0.3190432566554952,0.0,0.02368933971201334,0.0,0.0,-0.18054904073377243,-0.22409736898918808,-0.07918460359049195,0.0,0.0,0.0,0.0,0.0,0.0,0.0,0.0,-0.6072346767556074,-0.1733873978714484,0.0,0.0,0.0,0.04898298307184247,0.0,0.213133583468341,0.32162147760391235,0.09102777954919343,0.0,0.0,-0.05864335376664148,0.0,0.0,0.0,0.0,-0.5971037996928734,0.0,0.0,0.0,0.3192095774225665,0.0,0.299703050968163,-0.9776317358164348,0.0,0.0,0.0,0.0,0.0,-0.6261054019785324,0.0,0.0,0.0,0.0,0.0,0.0,0.0,-0.27619948983192444,0.05618563497804457,0.6983260882254434,0.1936589777469635,0.0,0.0,-0.5711798071861267,0.0,-0.12989281683827453,0.0,0.0,0.0,0.0,0.0,0.0,0.0
0.0,0.0,0.0,0.0,0.0,0.0,0.0,0.0,0.0,0.0,0.0,0.0,0.0,0.0,0.0,0.0,0.0,0.0,0.0,0.0,0.0,0.0,0.0,0.0,0.0,0.0,0.0,0.0,0.0,0.0,0.0,0.0,0.0,0.0,0.0,0.0,0.0,0.0,0.0,0.0,0.0,0.0,0.0,0.0,0.0,0.0,0.0,0.0,0.0,0.0,0.0,0.0,0.0,0.0,0.0,0.0,0.0,0.0,0.0,0.0,0.0,0.0,0.0,0.0,0.0,0.0,0.0,0.0,0.0,0.0,0.0,0.0,0.0,0.0,0.0,0.0,0.0,0.0,0.0,0.0,0.0,0.0,0.0,0.0,0.0,0.0,0.0,0.0,0.0,0.0,0.0,0.0,0.0,0.0,0.0,0.0,0.0,0.0,0.0,0.0
-0.017828265207005978,0.0,0.020107555119009583,0.0,0.0,0.0,0.0,-0.09446298933972391,0.0,0.11607707152182165,0.0,-0.013744254395925852,-0.06315127859104805,0.540147602558136,0.018623020338336606,-0.24815777401947214,0.7954445392642058,0.0,-0.078856943477377,0.0018985591179740216,0.0,-0.1649204476347364,0.0,0.0,0.0,-0.8222384657148161,0.0,0.0,0.0,0.0,0.09092512819795544,-0.0495399050923826,0.2654426542909962,0.0,0.0,-0.09977836570735438,0.03768616535527369,-0.11113524090118193,0.0,0.0,0.0,-0.22570267248669226,0.0,0.0,0.3831283299054682,-0.5225530833112799,-0.6124793940861339,-0.12602787917509126,0.0,0.0,-0.15687613097294673,-0.45706019660373687,0.029529127231937846,-0.14647291050644862,0.5662459610023909,-0.0318785296609854,0.0,0.0,0.0558599604263106,0.0,-0.24007498704443236,0.0,-0.03700040835334764,-0.3157793616724438,0.0,0.0,0.39496773903098753,-0.25631088609964015,0.0,0.4488574094425695,0.07244623074226021,0.0,0.0,0.0,-0.02231729252560266,0.09335150569677353,-0.3798498899212446,0.0,0.0,-0.13447291208909729,0.0,0.0,0.041636428924296184,0.0,0.0,0.3867285790107435,0.06311491812187957,-0.09078427667360822,0.0,-0.30794109941403125,-0.664014875554434,0.0,-0.6175987857203222,0.6675390005111694,0.0,0.0,0.45305500348094907,0.0,0.0,0.0
0.0,0.0,0.0,0.0,0.0,0.0,0.0,0.0,0.0,0.6330320835113525,0.0,0.0,0.0,0.0,0.0,0.0,0.0,0.0,0.0,0.0,0.0,0.0,0.0,0.0,0.0,-0.12249337507128999,0.0,0.0,0.0,0.0,0.0,0.0,-0.20156127910304633,0.0,0.0,-0.19391833617307874,0.0,0.0,0.0,0.0,0.0,0.0,0.0,0.0,0.0,0.0,0.0,0.0,0.0,0.0,0.0,0.0,-0.3348768949508667,0.0,0.0,0.0,0.0,0.0,0.0,0.0,0.0,0.0,0.0,0.0,0.0,0.0,0.0,0.0,0.0,0.588728129863739,-0.5965362191200256,0.0,0.0,0.0,0.0,0.0,0.027531165111754494,0.0,0.0,0.0,0.0,0.0,0.0,0.0,0.0,0.0,0.0,0.0,0.0,0.0,0.0,0.0,0.0,0.0,0.0,0.0,0.0,0.0,0.0,0.0
0.013099155853873399,0.0,-0.014773843404615229,0.0,0.0,0.0,0.0,0.17259161664766354,0.0,-0.35846068723335733,0.33875592765411255,0.010098466022188614,0.18952295633620547,-0.3968685426120224,-0.01368309496461057,0.39936102657667116,-1.6312634822545737,0.0,0.7789134902246037,-0.4832999515951457,-0.8263298869132996,-0.15307317496980988,-0.7347409129142761,0.0,0.0,0.5636688674730808,0.0,0.13581663362931232,0.0,0.0,-0.33044138989159955,0.03639899509326379,-0.4470140318318152,0.0,0.0,0.20421855279124412,-0.023144229828226226,0.7557999323998276,0.0,0.0,0.0,0.16583298763006415,0.0,0.0,-0.2815000588780656,0.3839411294782996,0.5774232304113713,0.7351675466601107,0.0,0.0,0.11526331168552242,-0.08119963639561745,-0.1548268349437935,-0.0732781763329432,-0.6818095135382475,0.0956704807851318,0.0,0.0,0.007416157567222685,0.0,0.17639291514890923,0.0,0.02718571381173966,0.939629417482194,0.0,0.0,-0.29019895714731536,-0.5120897235976946,0.0,-0.5774474909962636,0.9406154647649992,0.0,0.0,0.0,0.01639742788403625,-0.06858917051756963,1.083499356736144,0.0,0.0,0.09880275019058452,0.0,0.0,-0.03059198779832774,0.0,0.22823189319832515,-0.4923679798471164,-0.6234208300713171,-0.09332327885996441,0.0,0.2262569245072912,0.4994640613912378,0.0,0.9214782601307042,-0.49046821464146007,0.0,0.0,-0.33287804685797306,-0.7953975796699524,0.0,0.0
0.0,0.0,0.0,0.0,0.0,0.0,0.0,0.0,0.0,0.0,0.0,0.0,0.0,0.0,0.0,0.0,0.0,0.0,0.0,0.0,0.0,0.0,0.0,0.0,0.0,0.0,0.0,0.0,0.0,0.0,0.0,0.0,0.0,0.0,0.0,0.0,0.0,0.0,0.0,0.0,0.0,0.0,0.0,0.0,0.0,0.0,0.0,0.0,0.0,0.0,0.0,0.0,0.0,0.0,0.0,0.0,0.0,0.0,0.0,0.0,0.0,0.0,0.0,0.0,0.0,0.0,0.0,0.0,0.0,0.0,0.0,0.0,0.0,0.0,0.0,0.0,-0.2247563600540161,0.0,0.0,0.0,0.0,0.0,0.0,0.0,0.0,0.0,0.0,0.0,0.0,0.0,0.0,0.0,0.0,0.0,0.0,0.0,0.0,0.0,0.0,0.0
-0.2119477994613903,0.0,-0.055403065727751555,0.0,0.0,0.0,0.0,-0.07952849988453695,-0.0900293432779792,-0.6843945896884288,-0.4854198873181869,0.06947030418279423,0.20394525101346062,0.0,-0.195671067569724,0.6009203351725295,0.4105302847877346,0.0,0.19510068982997283,-0.02062100497978191,0.0,-0.22749575699189553,0.0,-0.06485698627232264,0.0,-0.057106703577648854,0.0,0.6385276014809641,0.31455847062736675,-0.02577476564338453,-0.024791746338088644,0.1364990722012273,-0.2125078608408941,-0.16914949787144903,0.0,0.07916432108497717,0.3126925525912923,-0.2723917756089585,0.5916936993598938,0.31237029544519657,-0.8093090676801766,0.1072837645537967,0.0,0.0,-0.034311740593031256,0.0,-0.15487726390097184,-0.32778881226212064,0.0,0.0,-0.0038417291225036343,-0.008101435358137489,-0.3635317590643772,0.6160765811443588,0.0,-0.12129200544427052,-0.08580932627055206,0.0,-0.12266747616466236,0.025330499293814746,0.03608516174545337,0.0,0.10194854838498826,-0.3737670450865739,0.0,0.0,-0.17379295727273095,0.6470816783023683,0.0,-0.18513092074472418,-0.2618428515019045,0.0,-0.13919045044738,-0.23922550678253174,-0.14831346852722313,-0.25721474218481055,-0.33912340878796937,0.2627044115789971,0.0,0.06783855162021335,0.0,0.0,0.042040269514143525,0.0,-0.06324678360755698,0.11336280040656549,-0.34239716276057297,-0.0021348048503661322,0.3382304342801774,0.0207005221995485,0.04687418651191681,0.0,0.5365516142802924,0.0,0.0,0.7779572010040283,-0.06809773596768431,0.2960671211160357,-0.3423399317921252,0.039870612942997596
0.0,0.0,0.0,0.0,0.0,0.0,0.0,0.0,0.0,0.0,0.0,0.0,0.38109374046325684,0.0,0.0,0.0,0.0,0.0,0.0,0.0,0.0,0.0,0.0,0.0,0.0,0.0,0.0,0.0,0.0,0.0,0.0,0.0,0.0,0.0,0.0,0.0,0.0,0.0,0.0,0.0,0.0,0.0,0.0,0.0,0.0,0.0,0.0,0.0,0.0,0.0,0.0,0.0,0.0,0.0,0.0,0.19237469739363178,0.0,0.0,-0.3681880533695221,0.0,0.0,0.0,0.0,0.0,0.0,0.0,0.0,0.0,0.0,0.0,0.0,0.0,0.0,0.0,0.0,0.0,0.0,0.0,0.0,0.0,0.0,0.0,0.0,0.0,0.0,0.0,0.0,0.0,0.0,0.0,0.0,0.0,0.7902884483337402,0.0,0.0,0.0,0.0,0.0,0.0,0.0
0.0,0.0,0.0,0.0,0.0,0.0,0.0,0.0,0.0,0.0,0.0,0.0,0.0,0.0,0.0,0.0,0.0,0.0,0.0,0.0,0.0,0.0,0.0,0.0,0.0,-0.0446418157915891,0.0,0.0,0.0,0.0,0.0,0.0,-0.07345753586427417,0.0,0.0,0.0,0.0,0.0,0.0,0.0,0.0,0.0,0.0,0.0,0.0,0.0,0.0,0.0,0.0,0.0,0.0,0.0,-0.1220434382557869,0.0,0.0,0.0,0.0,0.0,0.0,0.0,0.0,0.0,0.0,0.0,0.0,0.0,0.0,0.0,0.0,0.0,0.0,0.0,0.0,0.0,0.0,0.0,0.010033532023519462,0.0,0.0,0.0,0.0,0.0,0.0,0.0,0.0,0.0,0.0,0.0,0.0,0.0,0.0,0.0,0.0,0.0,0.0,0.0,0.0,0.0,0.0,0.0
0.0,0.0,0.0,0.0,0.0,0.0,0.0,-0.036641355818187255,0.0,-0.03081086547342496,0.0,0.36425840854644775,0.0,0.0,0.0,0.0,0.20964258053161586,0.0,-0.36716732382774353,0.0,0.0,-0.1160267277191318,0.0,0.0,0.0,0.24354533783284563,0.0,0.0,0.0,0.0,0.0,0.0,-0.18097736804737496,0.0,0.0,-0.029869291621997737,0.10766308761646945,0.28521284461021423,0.0,0.0,0.0,0.0,0.0,0.0,-0.4850664436817169,0.0,0.21094736039333709,-0.25867898705986325,0.0,0.0,0.0,-0.1764304587753429,0.13262282066169107,-0.20049068502667158,0.0,0.0,0.0,0.0,0.0,0.0,0.0,0.0,0.0,-0.25127407075645536,0.0,0.0,0.0,0.7540705683163429,0.0,0.12612146443153602,-0.23627309537602492,0.0,0.0,0.0,0.0,0.0,-0.20334020097441563,0.0,0.0,0.0,0.0,0.0,-0.1427384827970597,0.0,0.0,-0.7653526612266238,0.29387057827147345,0.0,0.0,0.0,0.2744118857941835,0.0,0.0,0.0,0.0,0.0,0.0,0.0,0.0,0.0
0.0,0.0,0.0,0.0,0.0,0.0,0.0,0.0,0.0,0.0,0.0,0.0,0.7615357041358948,0.0,0.0,-0.3025484085083008,0.0,0.0,0.0,0.0,0.0,0.0,0.0,0.0,0.0,0.0,0.0,0.0,0.0,0.0,0.0,0.0,0.0,0.0,0.0,0.0,0.0,0.0,0.0,0.0,0.0,0.0,0.0,0.0,0.0,0.0,0.0,0.0,0.0,0.0,0.0,0.0,0.0,0.0,0.0,0.3844203802967314,0.0,0.0,0.0,0.0,0.0,0.0,0.0,0.0,0.0,0.0,0.0,0.0,0.0,0.0,0.0,0.0,0.0,0.0,0.0,0.0,0.0,0.0,0.0,0.0,0.0,0.0,0.0,0.0,0.0,0.0,0.0,0.0,0.0,0.0,0.0,0.0,0.0,0.0,0.0,0.0,0.0,0.0,0.0,0.0
0.0,0.0,-0.4058860242366791,0.0,0.0,0.0,0.0,-0.1919787801741371,0.0,-0.05619435567906735,0.0,0.27743804454803467,-0.011705216302406757,0.0,-0.3759195804595947,-0.016533472804817744,0.024655475058095344,0.0,-0.08662421474627435,-0.038323834380254995,0.0,0.035284958481493614,0.0,0.0,0.0,-0.8094790909478939,0.0,0.0,0.0,0.0,0.054647363330500305,0.0,-0.2445367816682208,0.0,0.0,0.07545838422727631,-0.15880826095345954,-0.0867362510198646,0.0,0.0,0.0,-0.18986261463243537,0.0,0.0,0.28638002276420593,0.0,-0.47751679062556174,0.10835477355619957,0.0,0.0,0.0,0.19171511732994523,-0.5960674970384297,0.017700760358608222,0.0,-0.005908749488682854,0.0,0.0,0.0,0.0,-0.20195270284533962,0.0,0.7468808889389038,-0.059282015726403355,0.0,0.0,0.0,0.2589370151127006,0.0,0.029755297135748177,-0.16045138172071222,0.0,0.0,0.0,0.0,0.0,0.18090822120778824,0.0,0.0,-0.1131195231548665,0.0,0.0,0.08427185694909145,0.0,0.0,-0.035112019846280935,0.06933162737472456,0.0,0.0,-0.2301900257540268,-0.4047708024422967,0.0,-0.5451340696505211,0.0,0.0,0.0,0.3811129331588745,0.0,0.0,0.0
0.0,0.0,0.0,0.0,0.0,0.0,0.0,0.0,0.0,0.0,0.0,0.0,0.0,0.0,0.0,0.0,0.0,0.0,0.0,0.0,0.0,0.0,0.0,0.0,0.0,0.0,0.0,0.0,0.0,0.0,0.0,0.0,0.0,0.0,0.0,0.0,0.0,0.0,0.0,0.0,0.0,0.0,0.0,0.0,0.0,0.0,0.0,0.0,0.0,0.0,0.0,0.0,0.0,0.0,0.0,0.0,0.0,0.0,0.0,0.0,0.0,0.0,0.0,0.0,0.0,0.0,0.0,0.0,0.0,0.0,0.0,0.0,0.0,0.0,0.0,0.0,0.0,0.0,0.0,0.0,0.0,0.0,0.0,0.0,0.0,0.0,0.0,0.0,0.0,0.0,0.0,0.0,0.0,0.0,0.0,0.0,0.0,0.0,0.0,0.0
0.01727265812522083,0.0,-0.01948091534829781,0.0,0.0,0.0,0.0,0.020128194586890247,0.0,-0.19028951000448321,0.2828676958229934,0.013315923036280599,0.5599568789155314,0.0,0.835394080490775,-0.6888150428784046,-0.16669849944057377,0.0,0.028503653844878657,-0.0018393916735319452,0.0,-0.01875551513020007,0.0,0.0,0.0,-0.07951498984938259,0.0,0.0,0.0,0.0,0.002622856160300743,0.04799602396986735,-0.10670203001268397,0.0,0.0,-0.6320831431837813,-0.007622165099335194,0.0461041514103842,0.0,0.0,0.0,-0.009112650602880055,0.0,0.0,0.013745102437081986,0.0,0.038650264818218566,0.2976322276915761,0.0,0.0,0.0,-0.6302771389242418,-0.13977545471658412,0.1515579335005019,0.0,0.28266414190879063,0.0,0.0,0.07564341153863662,-0.14975214004516602,-0.00969292676654442,0.0,0.035847313048147464,0.19837507755980838,0.0,0.0,0.0,-0.40892678135628935,0.0,0.01922869493982984,-0.5884943400863752,0.0,0.0,0.0,0.02162178762764866,-0.09044226258993149,0.20017303593247254,0.0,0.0,0.29401923260034374,0.0,0.0,0.07293391472133602,0.0,0.0,-0.0870127192330345,0.044804012757408244,-0.12293657835147087,0.0,0.5115439442335782,-0.019427389136322915,0.0,-0.02616426787373775,0.0,0.0,0.0,0.018291905475119795,-0.6641722321510315,0.0,-0.23571227490901947
0.0,0.0,0.0,0.0,0.0,0.0,0.0,0.04990935017281182,0.0,-0.02757876448808269,0.0,0.0,0.5126853763605368,0.0,0.0,-0.10865112804094287,-0.2855550710187109,0.0,-0.03365201843502486,0.0,0.0,0.3142523929786098,0.0,0.0,0.0,0.38025109565090787,0.0,0.0,0.0,0.0,0.0,0.0,-0.32694189844476484,0.0,0.0,0.10445931696425163,-0.2061620068023307,-0.051791949735029714,0.0,0.0,0.0,0.0,0.0,0.0,-0.554350054428383,0.7290862798690796,0.6980429805959105,0.02448737203084711,0.0,0.0,0.0,0.03203809935386601,0.0,0.054396047131741676,0.0,0.25880166390454706,0.0,0.0,0.19640327736917612,0.0,0.0,0.0,0.0,0.34226150497703545,0.0,0.0,-0.551074271141303,0.13438705294893652,0.0,-0.5769106232600746,0.039830617783015596,0.0,0.0,0.0,0.0,0.0,0.8400944512297646,0.0,0.0,0.0,0.0,0.0,-0.16312628246759364,0.0,0.0,-0.5041198383136911,0.026934145485513362,0.1266657353376246,0.0,0.4455620692252112,0.5350121783284769,0.0,0.0,0.0,0.0,0.0,0.0,0.0,0.0,0.0
0.0,0.0,0.0,0.0,0.0,0.0,0.0,0.0,0.0,0.0,0.0,0.0,0.0,0.0,0.0,0.0,0.0,0.0,0.0,0.0,0.0,0.0,0.0,0.0,0.0,0.0,0.0,0.0,0.0,0.0,0.0,0.0,0.0,0.0,0.0,0.0,0.0,0.0,0.0,0.0,0.0,0.0,0.0,0.0,0.0,0.0,0.0,0.0,0.0,0.0,0.0,0.0,0.0,0.0,0.0,0.0,0.0,0.0,0.0,0.0,0.0,0.0,0.0,0.0,0.0,0.0,0.0,0.0,0.0,0.0,0.0,0.0,0.0,0.0,0.0,0.0,0.0,0.0,0.0,0.0,0.0,0.0,0.0,0.0,0.0,0.0,0.0,0.0,0.0,0.0,0.0,0.0,0.0,0.0,0.0,0.0,0.0,0.0,0.0,0.0
0.0,0.0,0.0,0.0,0.0,0.0,0.0,0.0,0.0,0.0,0.0,0.0,0.0,0.0,0.0,0.0,0.0,0.0,0.0,0.0,0.0,0.0,0.0,0.0,0.0,0.0,0.0,0.0,0.0,0.0,0.0,0.0,0.0,0.0,0.0,0.0,0.0,0.0,0.0,0.0,0.0,0.0,0.0,0.0,0.0,0.0,0.0,0.0,0.0,0.0,0.0,0.0,0.0,0.0,0.0,0.0,0.0,0.0,0.0,0.0,0.0,0.0,0.0,0.0,0.0,0.0,0.0,0.0,0.0,0.0,0.0,0.0,0.0,0.0,0.0,0.0,0.0,0.0,0.0,0.0,0.0,0.0,0.0,0.0,0.0,0.0,0.0,0.0,0.0,0.0,0.0,0.0,0.0,0.0,0.0,0.0,0.0,0.0,0.0,0.0
0.0,0.0,0.0,0.0,0.0,0.0,0.0,0.0,0.0,0.3176444470882416,0.0,0.0,0.0,0.0,0.0,0.0,0.0,0.0,0.0,0.0,0.0,-0.4068075120449066,0.0,0.0,0.0,0.0,0.0,0.0,0.0,0.0,0.0,0.0,0.0,0.0,0.0,0.0,0.0,0.0,0.0,0.0,0.0,0.0,0.0,0.0,0.0,0.0,0.0,0.0,0.0,0.0,0.0,-0.6185922622680664,0.0,-0.535757303237915,0.0,0.0,0.0,0.0,0.0,0.0,0.0,0.0,0.0,0.0,0.0,0.0,0.0,0.0,0.0,0.0,0.0,0.0,0.0,0.0,0.0,0.0,0.0,0.0,0.0,0.0,0.0,0.0,0.0,0.0,0.0,0.0,0.0,0.0,0.0,0.0,0.0,0.0,0.0,0.0,0.0,0.0,0.0,0.0,0.0,0.0
-0.2930945835063063,0.0,-0.01758640980544972,0.0,0.0,0.0,0.0,-0.005893600711684039,-0.15215531849565878,0.006663262460536695,-0.3767215330400936,0.06542742316209028,0.46577824948167346,0.0,-0.1765629072609381,0.1739202994252591,-0.012803666453782801,0.0,0.11911119964969122,-0.0016605121055716348,0.0,0.05387166800991936,0.0,-0.07668629035946611,0.0,-0.0146111726577514,0.0,0.8271498680114746,0.0,-0.04356099392518155,-0.0379094187337146,0.0433284438372157,-0.38753160771369943,-0.18779939040354066,0.0,0.1301611913972334,0.27344761382181654,-0.13242545040311984,0.0,0.36934369838897396,0.0,0.21688974520973164,0.0,0.0,0.03353837713896814,0.0,-0.078112479261972,-0.10212150633569064,0.0,0.0,-0.08881454675844935,-0.30208358362375726,-0.6232166563878406,0.11122920249302642,0.0,-0.14386149004903132,0.0,0.0,-0.10711291053938407,0.028123360612107826,0.09882481960166364,0.0,0.03236118664947903,0.014058088233909333,0.0,0.0,-0.2576051357344227,0.2321218168510928,0.0,-0.09151178204147228,0.11129005544121648,0.0,0.0,0.0,-0.33506488933166084,-0.08164681511115995,-0.07129738067141957,0.44398717083382166,0.0,0.11532110006407938,0.0,0.0,0.19292881225275166,0.0,0.0,-0.13389020911855148,-0.10803184680003024,-0.015664840914428622,0.5716309547424316,0.10016614722485288,0.00892234798472133,0.0,0.8097900985711302,0.0,0.0,0.0,-0.1864962257827777,0.43523422958194435,0.0,0.044266621538545645
-0.8357729911804199,0.0,0.0,0.0,0.0,0.0,0.0,0.0,0.0,-0.13143552299593964,0.0,0.0,0.0,0.0,0.0,0.0,0.0,0.0,0.0,0.0,0.0,0.0,0.0,-0.207628533244133,0.0,-0.08671844217012128,0.0,0.0,0.0,0.0,0.0,0.0,-0.00010535849750176879,0.0,0.0,0.10305144792474014,0.6689727105305359,0.0,0.0,0.0,0.0,0.0,0.0,0.0,0.0,0.0,-0.3820933994145719,0.056927752988627844,0.0,0.0,0.0,0.0,0.06952999851599806,0.036638317658219684,0.0,0.0,0.0,0.0,0.0,0.0,0.0,0.0,0.0,0.0,0.0,0.0,0.0,-0.2696005321386963,0.0,-0.12223675808316958,0.4000380012528453,0.0,0.0,0.0,0.0,0.0,0.019490521411711155,0.0,0.0,0.3146194815635681,0.0,0.0,0.3272557258605957,0.0,0.0,-0.4749334940935543,0.0,0.0,0.0,0.0,-0.1577969193458557,0.0,0.0,0.0,0.0,0.0,0.0,0.0,0.0,0.0
0.0,0.0,0.0,0.0,0.0,0.0,0.0,0.0,0.0,0.07123811574994576,0.0,0.0,0.0,0.0,0.0,-0.5651397705078125,0.0,0.0,0.0,0.0,0.0,0.3696604656091047,0.0,0.0,0.0,0.017351172576976742,0.0,0.0,-0.388675332069397,0.0,0.0,0.0,0.028551132145046402,0.0,0.0,0.0,0.0,0.22426998615264893,0.0,0.0,0.0,0.0,0.0,0.0,0.0,0.0,0.0,0.0,0.0,0.0,0.0,-0.13873167809299503,0.04743527389095892,-0.12015428297834774,0.0,0.0,0.0,0.0,0.0,0.0,0.0,0.0,0.0,0.0,0.0,0.0,0.0,0.0,0.0,0.0,0.0,0.0,0.0,0.0,0.0,0.0,-0.0038997863910703555,0.0,0.0,0.0,0.0,0.0,0.0,0.0,0.0,0.0,0.0,0.0,0.0,0.0,0.0,0.0,0.0,0.0,0.0,0.0,0.0,0.0,0.0,0.0
0.0,0.0,0.0,0.0,0.0,0.0,0.0,0.04553101842188324,0.0,0.15086207064411863,0.0,0.0,0.0,0.0,0.0,0.0,-0.26050455784330667,0.0,0.45624682307243347,0.0,0.0,0.0,0.0,0.0,0.0,0.47077223658561707,0.0,0.0,0.0,0.0,0.0,0.0,-0.043532457585312774,0.0,0.0,0.0,0.0,0.0,0.0,0.0,0.0,0.0,0.0,0.0,0.0,0.0,0.030787348810004982,0.1984210694238233,0.0,0.0,0.0,0.0,0.0,0.6465261424020623,0.0,0.0,0.0,0.0,0.0,0.0,0.0,0.0,0.0,0.3122363812442508,0.0,0.0,0.0,0.0,0.0,-0.15672014837335385,0.0,0.0,0.0,0.0,0.0,0.0,0.07884549359528414,0.0,0.0,0.0,0.0,0.0,0.0,0.0,0.0,-0.06429771664758328,-0.36516734749991286,0.0,0.0,0.0,0.0,0.0,0.0,0.0,0.0,0.0,0.0,0.0,0.0,0.0
-0.20945039961146106,0.0,-0.004528520089724813,0.0,0.0,0.0,0.0,0.01606655976176713,0.0,-0.13873656342196058,0.10383642102337333,0.4055094043205067,-0.9467445470770297,-0.12164926342977972,-0.24852985037640696,0.09934511096678272,-0.41683157683966704,0.0,0.19290003585533244,-0.34524552963014066,-0.25328896422835534,-0.355797298847333,-0.22521485396519303,-0.05303060492136691,0.30652281641960144,0.3079658644469436,0.0,-0.4403995069449017,0.21239141088003066,0.0,-0.20911667676630863,0.011157122490830469,0.22117540260414065,0.0,-0.6056331396102905,0.8742633027735195,0.12359414412264402,-0.06463825137005302,0.0,0.25541096925735474,-0.5464494228363037,0.1977781278898077,0.0,0.0,0.24944657303700876,-0.3238720963768864,-0.165736159268274,0.056995431605539916,0.0,0.0,0.035330834927696696,0.5336643571583735,0.09089467412443104,0.21782107019858807,-0.20899017235142198,-0.4779131127465333,0.0,0.0,-0.24787195471230633,0.6110868453979492,0.054068453147907446,0.0,0.008333041563951697,0.03540412069804971,0.0,0.0,0.24479623932293357,-0.0586952929184417,0.0,-0.14170876007818536,0.26050761060503735,0.0,0.0,0.0,0.005026185777052097,-0.021024145722929734,-0.11059522823090095,0.0,0.0,0.11064256399181767,0.0,0.0,0.17300224248106022,0.0,-0.7400655615421676,0.08754568155269879,-0.4303157607721873,0.3963431035269883,0.0,-0.3501103784708176,0.17476861764315654,-0.588593602180481,-0.09848894846340309,-0.15033969851619394,0.0,0.0,-0.10203471644716197,-0.24380750629376813,0.0,0.0
-0.07686047488036513,0.0,0.07902158901376316,0.0,0.3770092725753784,0.0,0.0,0.054189349380559346,0.05234045017262048,0.0838774274856541,0.18409107060991822,0.18727929331514953,-1.4629576864194038,-0.33381731597630043,-0.5531510152284627,-0.2975271714250109,0.0727203524060218,0.0,-0.33487644141706513,-0.23974339749581364,-0.18815851658117466,-0.019574905140362787,-0.1673033523716098,-0.0016884015135842972,0.22770387415615367,0.5969790598257761,-0.581371009349823,-1.4183081044542611,-0.025097860131164502,-0.09283095563506602,-0.1476869855543694,-0.19468911047719228,0.8754467951878965,-0.5212231771114428,-0.4499012954971633,0.9827353793981428,-0.08195288230691199,-0.16613529710259006,-0.3439935632227922,0.008131837600562575,0.06457281453273023,0.10802095478108922,0.7428610920906067,0.0,0.22214726363597267,-0.24059197921220804,-0.2039580615895501,-0.03115350739660403,0.0,0.0,0.028479372556460283,0.9320402465972014,1.0523144789086458,0.7205670842217308,0.5958432563763814,-0.6081273113411018,0.049887054625539135,-0.010942078211637726,-0.22257118455691705,0.5320069275481034,0.04415201759672896,-0.05732184549380115,-0.21452025981999195,-0.1168410535509468,0.0,0.0,0.2828877886706462,-0.07150617008273732,0.0,0.1096709508422666,0.7249086107639368,0.0,0.08092129266844983,0.1390787743403834,0.034268868507349656,0.3668662984299087,-0.44179091618045957,-0.15272872892033287,0.0,-0.12879025820863219,0.0,0.0,-0.06450688648077749,0.0,-0.5129960648418075,0.1519520445036983,0.12943630673557333,0.9048342933482276,-0.1966373689702957,-0.567439938410846,0.12302966489506825,-0.4372432861133362,-0.8866624669601836,-0.11168151262431239,0.0,-0.4522817631786751,-0.08332101870435513,0.05825578653909981,0.19902651168673738,0.12285870081224495
0.0,0.0,0.0,0.0,0.0,0.0,0.0,0.0,0.0,0.0,0.0,0.0,0.0,0.0,0.0,0.0,0.0,0.0,0.0,0.0,0.0,0.0,0.0,0.0,0.0,-0.40207631676487665,0.0,0.0,0.0,0.0,0.0,0.0,0.6098867582278302,0.0,0.0,-0.1201207824401182,-0.22195534038448983,0.0,0.0,0.0,0.0,0.0,0.0,0.0,0.0,0.0,-0.4859615917334281,0.20409257652460155,0.0,0.0,0.0,0.0,0.0,0.1313526049743545,0.0,0.0,0.0,0.0,0.0,0.0,0.0,0.0,0.0,0.0,0.0,0.0,0.0,-0.24242272887933503,0.0,0.0,-0.07185102168716637,0.0,0.0,0.0,0.0,0.0,0.09036920941999925,0.0,0.0,0.0,0.0,0.0,0.29426583647727966,0.0,0.0,-0.06613555049047867,0.0,0.0,0.0,0.0,-0.5657202005386353,0.0,0.0,0.0,0.0,0.0,0.0,0.0,0.0,0.0
0.0,0.0,0.0,0.0,0.0,0.0,0.0,0.06845465557488467,0.0,-0.03782647575405609,0.0,0.0,0.7031888961791992,0.0,0.0,-0.14902369039293006,-0.3916615617427163,0.0,-0.04615642807195286,0.0,0.0,0.43102222830889014,0.0,0.0,0.0,0.5215447144598424,0.0,0.0,0.0,0.0,0.0,0.0,-0.44842689743588793,0.0,0.0,0.14327428707478784,-0.28276764011983707,-0.07103679106995386,0.0,0.0,0.0,0.0,0.0,0.0,-0.7603353261947632,0.0,0.6248733541165749,0.03358638436488509,0.0,0.0,0.0,0.043942809292226735,0.0,0.07460851840677821,0.0,0.35496712947474407,0.0,0.0,-0.10689815486752252,0.0,0.0,0.0,0.0,0.4694389600068932,0.0,0.0,-0.7558423280715942,0.18432256463949384,0.0,-0.7912789462499131,0.05463087001193864,0.0,0.0,0.0,0.0,0.0,0.16040263026351173,0.0,0.0,0.0,0.0,0.0,-0.22374071076592728,0.0,0.0,-0.6914405773816164,0.0369423293637481,0.17373216152191162,0.0,0.6111239252852485,0.7338118863305834,0.0,0.0,0.0,0.0,0.0,0.0,0.0,0.0,0.0
0.0,0.0,0.0,0.0,0.0,0.0,0.0,0.0,0.0,0.0,0.0,0.0,0.0,0.0,0.0,0.0,0.0,0.0,0.0,0.0,0.0,0.0,0.0,0.0,0.0,0.0,0.0,0.0,0.0,0.0,0.0,0.0,0.0,0.0,0.0,0.0,0.0,0.0,0.0,0.0,0.0,0.0,0.0,0.0,0.0,0.0,0.0,0.0,0.0,0.0,0.0,0.0,0.0,0.0,0.0,0.0,0.0,0.0,0.0,0.0,0.0,0.0,0.0,0.0,0.0,0.0,0.0,0.0,0.0,0.0,0.0,0.0,0.0,0.0,0.0,0.0,0.0,0.0,0.0,0.0,0.0,0.0,0.0,0.0,0.0,0.0,0.0,0.0,0.0,0.0,0.0,0.0,0.0,0.0,0.0,0.0,0.0,0.0,0.0,0.0
0.0,0.0,0.0,0.0,0.0,0.0,0.0,0.0,0.0,0.0,0.0,0.0,0.0,0.0,0.0,0.0,0.0,0.0,0.0,0.0,0.0,0.0,0.0,0.0,0.0,0.0,0.0,0.0,0.0,0.0,0.0,0.0,0.0,0.0,0.0,0.0,0.0,0.0,0.0,0.0,0.0,0.0,0.0,0.0,0.0,0.0,0.0,0.0,0.0,0.0,0.0,0.0,0.0,0.6435932517051697,0.0,0.0,0.0,0.0,0.0,0.0,0.0,0.0,0.0,0.0,0.0,0.0,0.0,0.0,0.0,0.0,0.0,0.0,0.0,0.0,0.0,0.0,0.0,0.0,0.0,0.0,0.0,0.0,0.0,0.0,0.0,-0.3240468204021454,0.0,0.0,0.0,0.0,0.0,0.0,0.0,0.0,0.0,0.0,0.0,0.0,0.0,0.0
0.0,0.0,0.0,0.0,0.0,0.0,0.0,-0.4151463653870575,0.0,-0.3911016325300516,0.0,0.0,-0.12135752033828834,-0.6743137836456299,0.0,0.04800637366794369,-0.21430150265767856,0.0,0.0,0.0,0.0,0.020833178179277042,0.0,0.0,0.0,0.0,0.0,-0.1289790859934481,0.0,0.0,0.0,0.0,-0.03581154645488243,0.0,0.0,-0.02817156318562743,0.0,-0.05121139006149255,0.0,0.0,0.0,0.0,0.0,0.0,0.0,0.0,-0.2189654083809458,0.20587072941827955,0.0,0.0,0.0,0.03167896963203105,0.0,0.1599338884116359,0.0,-0.06126082318523584,0.0,-0.07602153811731238,0.04748855859730785,0.0,0.0,-0.39825111627578735,-0.0754612116841491,0.0,0.0,0.0,0.0,0.23464001208675359,0.0,0.0,-0.08666203578838329,0.0,0.0,0.0,0.0,0.0,0.15190424081702933,0.0,0.0,0.0,0.0,0.0,0.026955924292981562,0.0,0.0,-0.0667117552818639,0.0,0.0,0.0,0.0,0.0,0.0,-0.7868893781026226,0.0,0.0,0.0,0.0,0.0,0.0,0.0
0.0,0.0,0.0,0.0,0.0,0.0,0.0,0.04301353151860869,0.0,0.18030636645181009,-0.5669393762138139,-0.08553440795602728,0.8496635061432475,0.0,0.0,-0.8685823359066555,-0.24610082088892632,0.0,0.17020161021778288,0.0,0.0,0.168425296041237,0.0,0.0,0.0,0.2973988661489386,0.0,0.7865466475486755,0.0,-0.23481793679752627,0.0,0.0,-0.13399626486805305,0.0,0.44925716519355774,-0.027593026029664115,-0.11790098284998073,-0.09024099623733065,0.0,0.0,0.0,0.217212574796406,0.0,0.0,-0.13514343246233557,0.32754723527549956,0.27217224219500336,-0.010799980218706443,0.0,0.0,0.0,0.05582238201177443,0.19166411671120764,0.13108716364257625,0.0,0.4289069657298106,0.0,0.0,0.12765191523314995,0.0,0.0,0.0,0.0,0.2949723044071193,0.0,0.0,-0.24757406486404782,0.4721229466107797,0.0,-0.3228384001902165,-0.17744754197389767,0.0,0.0,0.0,0.0,0.0,0.30551090529138136,0.7778568267822266,0.0,0.0,0.0,0.0,-0.039768095197939925,0.0,0.0,-0.020012934078952375,-0.13622466480950074,0.05690548918493868,0.0,0.20017195213789413,0.17592122172497315,0.0,0.6215987296333481,0.0,0.0,0.0,0.0,0.5439953304620531,0.0,0.0
0.0,0.0,0.0,0.0,0.0,0.0,0.0,0.0,0.0,0.7827933430671692,0.0,0.0,0.0,0.0,0.0,0.0,0.0,0.0,0.0,0.0,0.0,0.0,0.0,0.0,0.0,0.0,0.0,0.0,0.0,0.0,0.0,0.0,0.0,0.0,0.0,0.0,0.0,0.0,0.0,0.0,0.0,0.0,0.0,0.0,0.0,0.0,0.0,0.0,0.0,0.0,0.0,0.0,0.0,0.0,0.0,0.0,0.0,0.0,0.0,0.0,0.0,0.0,0.0,0.0,0.0,0.0,0.0,0.0,0.0,0.0,0.0,0.0,0.0,0.0,0.0,0.0,0.0,0.0,0.0,0.0,0.0,0.0,0.0,0.0,0.0,0.0,0.0,0.0,0.0,0.0,0.0,0.0,0.0,0.0,0.0,0.0,0.0,0.0,0.0,0.0
0.0,0.0,0.0,0.0,0.0,0.0,0.0,0.0,0.0,0.0,0.0,0.0,0.0,0.0,0.0,0.0,0.0,0.0,0.0,0.0,0.0,0.0,0.0,0.0,0.0,0.0,0.0,0.0,0.0,0.0,0.0,0.0,0.0,0.0,0.0,0.0,0.0,0.0,0.0,0.0,0.0,0.0,0.0,0.0,0.0,0.0,0.0,0.0,0.0,0.0,0.0,0.0,0.0,0.0,0.0,0.0,0.0,0.0,0.0,0.0,0.0,0.0,0.0,0.0,0.0,0.0,0.0,0.0,0.0,0.0,0.0,0.0,0.0,0.0,0.0,0.0,0.0,0.0,0.0,0.0,0.0,0.0,0.0,0.0,0.0,0.0,0.0,0.0,0.0,0.0,0.0,0.0,0.0,0.0,0.0,0.0,0.0,0.0,0.0,0.0
0.0,0.0,0.0,0.0,0.0,0.0,0.0,0.0,0.0,0.0,0.0,0.0,0.0,0.0,0.0,0.0,0.0,0.0,0.0,0.0,0.0,0.0,0.0,0.0,0.0,0.36578628420829773,0.0,0.0,0.0,0.0,0.0,0.0,0.6018966436386108,0.0,0.0,0.0,0.0,0.0,0.0,0.0,0.0,0.0,0.0,0.0,0.0,0.0,0.0,0.0,0.0,0.0,0.0,0.0,0.0,0.0,0.0,0.0,0.0,0.0,0.0,0.0,0.0,0.0,0.0,0.0,0.0,0.0,0.0,0.0,0.0,0.0,0.0,0.0,0.0,0.0,0.0,0.0,-0.08221279379634083,0.0,0.0,0.0,0.0,0.0,0.0,0.0,0.0,0.0,0.0,0.0,0.0,0.0,0.0,0.0,0.0,0.0,0.0,0.0,0.0,0.0,0.0,0.0
0.0,0.0,0.0,0.0,0.0,0.0,0.0,0.0,0.0,0.0,0.0,0.0,0.0,0.0,0.0,0.0,0.0,0.0,0.0,0.0,0.0,0.0,0.0,0.0,0.0,0.0,0.0,0.0,0.0,0.0,0.0,0.0,0.0,0.0,0.0,0.0,0.0,0.0,0.0,0.0,0.0,0.0,0.0,0.0,0.0,0.0,0.0,0.0,0.0,0.0,0.0,0.0,0.0,0.0,0.0,0.0,0.0,0.0,0.0,0.0,0.0,0.0,0.0,0.0,0.0,0.0,0.0,0.0,0.0,0.0,0.0,0.0,0.0,0.0,0.0,0.0,0.0,0.0,0.0,0.0,0.0,0.0,0.0,0.0,0.0,0.0,0.0,0.0,0.0,0.0,0.0,0.0,0.0,0.0,0.0,0.0,0.0,0.0,0.0,0.0
0.0,0.0,0.0,0.0,0.0,0.0,0.0,0.0,0.0,0.0,0.0,0.0,0.0,0.0,0.0,0.0,0.5438488721847534,0.0,0.0,0.0,0.0,0.0,0.0,0.0,0.0,0.0,0.0,0.0,0.0,0.0,0.0,0.0,0.0908816266295176,0.0,0.0,0.0,0.0,0.0,0.0,0.0,0.0,0.0,0.0,0.0,0.0,0.0,0.0,0.0,0.0,0.0,0.0,0.0,0.0,0.0,0.0,0.0,0.0,0.0,0.0,0.0,0.0,0.0,0.0,0.0,0.0,0.0,0.0,0.0,0.0,0.0,0.0,0.0,0.0,0.0,0.0,0.0,-0.3854986970408092,0.0,0.0,0.0,0.0,0.0,0.0,0.0,0.0,0.0,0.0,0.0,0.0,0.0,0.0,0.0,0.0,0.0,0.0,0.0,0.0,0.0,0.0,0.0
0.0,0.0,0.0,0.0,0.0,0.0,0.0,0.0,0.0,0.0,0.0,0.0,0.0,0.0,0.0,0.0,0.0,0.0,0.0,0.0,0.0,0.0,0.0,0.0,0.0,0.0,0.0,0.0,0.0,0.0,0.0,0.0,0.0,0.0,0.0,0.0,0.0,0.0,0.0,0.0,0.0,0.0,0.0,0.0,0.0,0.0,0.0,0.0,0.0,0.0,0.0,0.0,0.0,0.0,0.0,0.0,0.0,0.0,0.0,0.0,0.0,0.0,0.0,0.0,0.0,0.0,0.0,0.0,0.0,0.0,0.0,0.0,0.0,0.0,0.0,0.0,0.0,0.0,0.0,0.0,0.0,0.0,0.0,0.0,0.0,0.0,0.0,0.0,0.0,0.0,0.0,0.0,0.0,0.0,0.0,0.0,0.0,0.0,0.0,0.0
0.022182079717640857,0.0,-0.02501799167770135,0.0,0.0,0.0,0.0,-0.0675912487519753,0.0,0.42878750882032474,-0.34363043308258057,0.01710071861339351,-0.004114511978305625,0.0,-0.023170920834512526,-0.0010190897452365462,0.3205380622623213,0.0,-0.005339340982940561,-0.002362203456958006,0.0,-0.4022085574392385,0.0,0.0,0.0,-1.1218938356397423,0.0,0.0,0.0,0.0,0.0033683526886197,0.06163797269135074,-0.04369810275109798,0.0,0.0,-0.14372354847870508,-0.25064005261440203,-0.005346246671712558,0.0,0.0,0.0,-0.0117027466558225,0.0,0.0,0.017651884022488528,0.0,-0.5879261860057202,-0.014843146509874644,0.0,0.0,0.0,0.011816931166502266,0.09830585834153084,-0.012760320327789445,0.0,-0.0020769902853477414,0.0,0.0,0.0,0.0,-0.012447955182925513,0.0,0.04603622383610792,-0.38602405008378227,0.0,0.0,0.24903611838817596,0.24051477589023912,0.0,0.0018340561922762732,-0.14331432942057887,0.0,0.0,0.0,0.027767365816966372,-0.11614874005317688,-0.05100039824050301,0.0,0.0,-0.006972458079078278,0.0,0.0,0.09366398030573027,0.0,0.0,0.6217927138588857,0.0042734609547701785,0.0,0.0,-0.21554251807143007,-0.6388318505083467,0.0,-0.033600958898243716,0.0,0.0,0.0,0.023491028566367287,0.0,0.0,0.0
0.0,0.0,0.0,0.0,0.0,0.0,0.0,0.0,0.0,0.21397901283713416,0.0,0.0,0.0,0.0,0.0,0.0,-0.8398020267486572,0.0,0.0,0.0,0.0,-0.27404310272081567,0.0,0.0,0.0,0.0,0.0,0.0,0.0,0.0,0.0,0.0,-0.14033783674328504,0.0,0.0,-0.09727577553699629,0.0,0.673643171787262,0.0,0.0,0.0,0.0,0.0,0.0,0.0,0.0,-0.8122690916061401,0.0,0.0,0.0,0.0,-0.41671045359731806,0.0,-0.360909249061379,0.0,0.0,0.0,0.0,0.0,0.0,0.0,0.0,0.0,0.0,0.0,0.0,0.0,0.29211312230818365,0.0,0.0,-0.299242064963963,0.0,0.0,0.0,0.0,0.0,0.5952804237384868,0.0,0.0,0.0,0.0,0.0,-0.3545827269554138,0.0,0.0,0.0,0.0,0.0,0.0,0.0,0.0,0.0,0.0,0.0,0.0,0.0,0.0,0.0,0.0,0.0
0.0,0.0,0.0,0.0,0.0,0.0,0.0,0.0,0.0,0.0,0.0,0.0,0.0,0.0,0.0,0.0,0.0,0.0,0.0,0.0,0.0,0.0,0.0,0.0,0.0,0.0,0.0,0.0,0.0,0.0,0.0,0.0,0.0,0.0,0.0,0.0,0.0,0.0,0.0,0.0,0.0,0.0,0.0,0.0,0.0,0.0,0.0,0.0,0.0,0.0,0.0,0.0,0.0,0.0,0.0,0.0,0.0,0.0,0.0,0.0,0.0,0.0,0.0,0.0,0.0,0.0,0.0,0.0,0.0,0.0,0.0,0.0,0.0,0.0,0.0,0.0,0.0,0.0,0.0,0.0,0.0,0.0,0.0,0.0,0.0,0.0,0.0,0.0,0.0,0.0,0.0,0.0,0.0,0.0,0.0,0.0,0.0,0.0,0.0,0.0
0.0,0.0,0.0,0.0,0.0,0.0,0.0,-0.021765445688878608,0.0,0.007800275137624352,0.0,0.0,-0.20432413123012694,0.0,-0.3998378813266754,-0.704179171039975,0.12453044104804599,0.0,-0.2181022035635749,0.0,0.0,0.1365526585268569,0.0,0.0,0.0,0.0,0.0,0.0,0.0,0.0,0.0,0.0,0.02081006254894455,0.0,0.0,0.2093760322372944,0.0,-0.3356689699274362,0.0,0.0,0.0,0.0,0.0,0.0,0.0,0.0,-0.25934206892425726,-0.09485232616711602,0.0,0.0,0.0,0.20764222748060432,0.0,0.18935849095844476,0.0,-0.10314205861222259,0.0,0.0,-0.5051240771305316,0.0,0.0,0.0,0.0,-0.14926009199033072,0.0,0.0,0.0,0.0,0.0,-0.11886680871407383,0.0,0.0,0.0,0.0,0.0,0.0,-0.0882714394039059,0.0,0.0,0.0,0.0,0.0,0.0,0.0,0.0,0.030736594702201157,-0.2769667952361253,0.8209336996078491,0.0,-0.24483612183089143,0.0,0.0,0.0,0.0,0.0,0.0,0.0,0.0,0.0,0.0
0.0,0.0,0.0,0.0,0.0,0.0,0.0,0.0,0.0,0.0,0.0,0.0,0.0,0.0,0.0,0.0,0.0,0.0,0.0,0.0,0.0,0.0,0.0,0.0,0.0,0.0,0.0,0.0,0.0,0.0,0.0,0.0,0.0,0.0,0.0,0.0,0.0,0.0,0.0,0.0,0.0,0.0,0.0,0.0,0.0,0.0,0.0,0.0,0.0,0.0,0.0,-0.6836290955543518,0.0,0.0,0.0,0.0,0.0,0.0,0.0,0.0,0.0,0.0,0.0,0.0,0.0,0.0,0.0,0.0,0.0,0.0,0.0,0.0,0.0,0.0,0.0,0.0,0.0,0.0,0.0,0.2195236086845398,0.0,0.0,0.0,0.0,0.0,0.0,0.0,0.0,0.0,0.0,0.0,0.0,0.6262516975402832,0.0,0.0,0.0,0.0,0.0,0.0,0.0
0.0,0.0,0.0,0.0,0.0,0.0,0.0,0.0,0.0,0.04084612199665054,0.0,0.0,0.12342243452429358,0.0,0.0,-0.120542973279953,-0.16030850681472586,0.0,0.0,0.0,0.0,-0.05231166298815882,0.0,0.0,0.0,0.0,0.0,0.3238637149333954,0.0,0.0,0.0,0.0,-0.02678887206908109,0.0,0.0,-0.01856882197099942,0.0,0.1285907006121958,0.0,0.0,0.0,0.0,0.0,0.0,0.0,0.0,-0.155052787513819,0.0,0.0,0.0,0.0,-0.07954521239833383,0.0,-0.06889340698146414,0.0,0.06230318415708936,0.0,0.190888449549675,-0.11924275075834867,0.0,0.0,0.0,0.1894814819097519,0.0,0.0,0.0,0.0,0.055761021010523756,0.0,0.0,-0.05712185382101401,0.0,0.0,0.0,0.0,0.0,0.11363215713471328,0.0,0.0,0.0,0.0,0.0,-0.06768574698561469,0.0,0.0,0.0,0.0,0.0,0.0,0.0,0.0,0.0,0.2559457527463138,0.0,0.0,0.0,0.0,0.0,0.0,0.0
0.0,0.0,0.0,0.0,0.0,0.0,0.0,0.0,0.0,0.0,0.0,0.0,0.0,0.0,0.0,0.0,0.0,0.0,0.0,0.0,0.0,0.0,0.0,0.0,0.0,0.0,0.0,0.0,0.0,0.0,0.0,0.0,0.0,0.0,0.0,0.0,0.0,0.0,0.0,0.0,0.0,0.0,0.0,0.0,0.0,0.0,0.0,0.0,0.0,0.0,0.0,0.0,0.0,0.0,0.0,0.0,0.0,0.0,0.0,0.0,0.0,0.0,0.0,0.0,0.0,0.0,0.0,0.0,0.0,0.0,0.0,0.0,0.0,0.0,0.0,0.0,0.0,0.0,0.0,0.0,0.0,0.0,0.0,0.0,0.0,0.0,0.0,0.0,0.0,0.0,0.0,0.0,0.0,0.0,0.0,0.0,0.0,0.0,0.0,0.0
0.0,0.0,0.0,0.0,0.0,0.0,0.0,0.14582227170467377,0.0,0.0,0.0,0.0,0.0,0.0,0.0,0.0,-0.8343183994293213,0.0,0.0,0.0,0.0,0.0,0.0,0.0,0.0,0.0,0.0,0.0,0.0,0.0,0.0,0.0,-0.13942147744550937,0.0,0.0,0.0,0.0,0.0,0.0,0.0,0.0,0.0,0.0,0.0,0.0,0.0,0.09860269545566247,0.6354835033416748,0.0,0.0,0.0,0.0,0.0,0.40899289432066155,0.0,0.0,0.0,0.0,0.0,0.0,0.0,0.0,0.0,0.0,0.0,0.0,0.0,0.0,0.0,0.0,0.0,0.0,0.0,0.0,0.0,0.0,0.5913934409850441,0.0,0.0,0.0,0.0,0.0,0.0,0.0,0.0,-0.20592640867588585,0.0,0.0,0.0,0.0,0.0,0.0,0.0,0.0,0.0,0.0,0.0,0.0,0.0,0.0
-0.2645936560928254,0.0,0.32351525299527595,0.0,0.0,0.0,0.0,-0.7132841967554004,0.0,-0.24076310869155765,-0.010197059653261275,-0.22113458905432562,-0.5123501949111986,0.0,0.26886479248753303,0.19295953181677755,-0.19463031550241638,0.0,0.16684400365432306,-0.6245894032732829,0.0,-0.16200773075178848,0.0,-0.06557750892955592,0.0,0.39113023918220013,0.0,-0.023380604896443558,0.0,0.0,-0.4019612440196596,-0.7970593557728134,0.2714474161359574,-0.03604886596750928,-0.4283839762210846,-0.01767633791148812,0.4261848153300415,0.0895087080936626,0.0,0.3158405441917216,0.0,0.15133177330427086,0.0,0.0,0.009212804083763765,-0.3123288795785548,-0.6613036072564096,-0.12831749407349172,0.0,0.0,0.0,-0.14348045427472586,0.501068997072508,-0.053229057582503736,0.0,-0.2586324655603024,0.0,0.0,-0.07825441670271821,0.005398394824835869,0.16096829122648482,0.0,-0.5953084001766689,-0.16783596245699897,0.0,0.0,0.23607138746464748,-0.3218645271229426,0.0,0.4569886040252853,0.2529767725751563,0.0,-0.08646694394227072,-0.14861004054546356,-0.000779440924167057,0.003260341001902719,0.006068497873991996,0.0,0.0,0.17873778296182885,0.0,0.0,0.10358826248464849,0.0,-0.039289736294020994,0.22075137213543533,0.5673807701110831,-0.04982984711940279,0.0,-0.026235391614374354,0.04359704587327254,0.0,0.41602678840074175,0.0,0.0,0.0,-0.3037696289802998,0.023942655776153992,0.0,0.008497160205091944
-0.030651199190209793,0.0,0.21362627604854914,0.0,0.0,0.0,0.0,-0.028727030407422055,0.2475881278514862,0.33227324096985733,0.3900959623617435,-0.14190876454867737,-0.015152857991900887,0.0,0.03201757990953427,0.02180551754003563,-0.034723645431853994,0.0,-0.05946657342257816,-0.4467689211711458,0.0,-0.04763383035784445,0.0,0.0,0.0,0.4084002683525834,0.0,0.088016583208887,0.0,-0.015252938188499598,-0.2508532117717788,-0.08517135465620058,-0.036226595637258135,0.0,0.0,-0.04662095770769303,0.011883736295404528,0.11709181602474011,0.0,0.0,0.0,-0.10589441589718716,0.0,0.0,-0.01699268600250843,0.0,0.6378220736126265,1.0127987018614735,0.0,0.0,0.0,-0.1966364773607738,-0.145603448404108,0.4899671877796592,0.0,0.08680226116701839,0.0,0.0,-0.25609959476067945,0.0,0.18168387916877177,0.0,-0.13260464457686458,0.20597655362021255,0.0,0.0,0.0,-0.526087209177446,0.0,0.02042668515976015,0.27926654893624114,0.0,0.0,0.0,-0.03836894788392621,0.16049433652655054,0.05821562514782386,-0.43712618947029114,-0.21570828557014465,0.045742509268425165,0.0,0.0,-0.1272477127963317,0.0,0.1479067098175868,-0.33198296764269536,0.047595401838412765,0.06305792302354796,0.0,0.019605596321816163,0.03028929003707946,0.0,0.31063930480015933,0.0,0.0,0.0,-0.03245990479413937,-0.3624188789147187,0.0,0.0
0.0,0.0,0.0,0.0,0.0,0.0,0.0,-0.09666145982684249,0.0,0.0,0.0,0.0,0.0,0.0,0.0,0.0,0.5530460711280227,0.0,0.0,0.0,0.0,0.0,0.0,0.0,0.0,0.08998948586129707,0.0,0.0,0.0,0.0,0.0,0.0,0.12608308492321976,0.0,0.0,0.021656915885729378,0.04967625829364497,0.0,0.0,0.0,0.0,0.0,0.0,0.0,0.0,0.0,0.04340307493525007,-0.466922400100664,0.0,0.0,0.0,0.0,0.0,-0.3005081057747686,0.0,0.0,0.0,0.0,0.0,0.0,0.0,0.0,0.0,-0.6628717184066772,0.0,0.0,0.0,0.0,0.0,0.0,0.0,0.0,0.0,0.0,0.0,0.0,-0.4122436957655115,0.0,0.0,0.0,0.0,0.0,0.0,0.0,0.0,0.32168031958435,0.0,0.0,0.0,-0.8085336089134216,0.12661494314670563,0.0,0.0,0.0,0.0,0.0,0.0,0.0,0.0,0.0
0.0,0.0,0.0,0.0,0.0,0.0,0.0,0.0,0.0,0.0,0.0,0.0,0.0,0.0,0.0,0.0,0.0,0.0,0.0,0.0,0.0,0.0,0.0,0.0,0.0,0.0,0.0,0.0,0.0,0.0,0.0,0.0,0.0,0.0,0.0,-0.1384739980591947,0.0,0.0,0.0,0.0,0.0,0.0,0.0,0.0,0.0,0.0,0.0,0.0,0.0,0.0,0.0,0.0,0.0,0.0,0.0,0.0,0.0,0.0,0.0,0.0,0.0,0.0,0.0,0.0,0.0,0.0,0.0,0.0,0.0,0.0,-0.42597702145576477,0.0,0.0,0.0,0.0,0.0,0.0,0.0,0.0,0.0,0.0,0.0,0.0,0.0,0.0,0.0,0.0,0.0,0.0,0.0,0.0,0.0,0.0,0.0,0.0,0.0,0.0,0.0,0.0,0.0
0.0,0.0,0.0,0.0,0.0,0.0,0.0,-0.7442161440849304,0.0,0.0,0.0,0.0,0.0,0.0,0.0,0.0,0.0,0.0,0.0,0.0,0.0,0.0,0.0,0.0,0.0,0.0,0.0,0.0,0.0,0.0,0.0,0.0,0.0,0.0,0.0,0.040144530002317706,0.0,0.0,0.0,0.0,0.0,0.0,0.0,0.0,0.0,0.0,-0.5032270924774096,0.0,0.0,0.0,0.0,0.0,0.0,0.0,0.0,0.0,0.0,0.0,0.0,0.0,0.0,0.0,0.0,0.0,0.0,0.0,0.0,-0.12055153441682531,0.0,-0.13187579810619354,0.12349356238576081,0.0,0.0,0.0,0.0,0.0,0.0,0.0,0.0,0.0,0.0,0.0,0.14633198082447052,0.0,0.0,0.0,0.0,0.0,0.0,0.0,0.0,0.0,0.0,0.0,0.0,0.0,0.0,0.0,0.0,0.0
0.0,0.0,0.0,0.0,0.0,0.0,0.0,0.0,0.0,0.0,0.0,0.0,0.0,0.0,0.0,0.0,0.0,0.0,0.0,0.0,0.0,0.0,0.0,0.0,0.0,0.0,0.0,0.0,0.0,0.0,0.0,0.0,0.0,0.0,0.0,0.0,0.0,0.0,0.0,0.0,0.0,0.0,0.0,0.0,0.0,0.0,0.0,0.0,0.0,0.0,0.0,0.0,0.0,0.0,0.0,0.0,0.0,0.0,0.0,0.0,0.0,0.0,0.0,0.0,0.0,0.0,0.0,0.0,0.0,0.0,0.0,0.0,0.0,0.0,0.0,0.0,0.0,0.0,0.0,0.0,0.0,0.0,0.0,0.0,0.0,0.0,0.0,0.0,0.0,0.0,0.0,0.0,0.0,0.0,0.0,0.0,0.0,0.0,0.0,0.0
0.0,0.0,0.0,0.0,0.0,0.0,0.0,0.0,0.0,0.0,0.0,0.0,0.0,0.0,0.0,0.0,0.0,0.0,0.0,0.0,0.0,0.0,0.0,0.0,0.0,0.0,0.0,0.0,0.0,0.0,0.0,0.0,0.0,0.0,0.0,0.32507386803627014,0.0,0.0,0.0,0.0,0.0,0.0,0.0,0.0,0.0,0.0,0.0,0.0,0.0,0.0,0.0,0.0,0.0,0.0,0.0,0.0,0.0,0.0,0.0,0.0,0.0,0.0,0.0,0.0,0.0,0.0,0.0,0.0,0.0,0.0,0.0,0.0,0.0,0.0,0.0,0.0,0.0,0.0,0.0,0.0,0.0,0.0,0.0,0.0,0.0,0.0,0.0,0.0,0.0,0.0,0.0,0.0,0.0,0.0,0.0,0.0,0.0,0.0,0.0,0.0
0.0,0.0,0.0,0.0,0.0,0.0,0.0,0.12259587884324663,0.0,0.10989533304449187,0.10075258648182747,0.34556019762112566,0.17323383169067616,0.18937831521988968,0.0,-0.11470881053124085,-0.10878391905352054,0.0,-0.032933805955269305,0.0,0.0,-0.054621652178197394,0.0,0.0,0.0,0.02150413810866864,0.0,0.3081890259000017,0.0,0.04173023691294034,0.0,0.0,0.021371172635825605,0.0,0.0,-0.06927153174671595,0.004492806153013923,0.1342690352585422,0.0,0.0,0.0,-0.038601532448262636,0.0,0.0,-0.02024193761335548,0.0,-0.0548142002010644,-0.21126682693635163,-0.2808459797396239,0.0,0.0,-0.08305778627313239,0.08621937321533857,-0.22297543124800034,0.0,0.08744779147860675,0.0,0.18164963411963164,-0.17194153019152003,0.0,0.0,0.9516009719192615,0.18031076234602186,0.04117129057578775,0.0,0.0,0.0,0.1324757172607084,0.0,0.01131271648326553,-0.2191201060247433,0.0,0.0,0.0,0.0,0.0,0.09484090359097731,-0.13823539252863526,0.0,0.0,0.0,-0.43310412764549255,-0.3431448996590117,0.0,0.0,0.03302399596211749,0.02635930806657525,0.0,0.0,0.0,0.011451273005918005,0.0,0.43592612323390334,0.0,0.0,0.0,0.0,-0.09667512767258882,0.0,0.0
0.0072011303889080655,0.0,-0.008121773180558414,0.0,0.0,0.0,0.0,0.008391629861640479,0.0,-0.22972664630069828,0.11793014981620371,0.005551531057799781,0.23345118440970672,0.0,0.34828349268095754,-0.28717334075905443,-0.06949814101594991,0.0,0.011883436029892919,-0.000766859343903445,0.0,-0.007819347143014327,0.0,0.0,0.0,0.7215405321335354,0.0,0.0,0.0,0.0,0.001093492910283311,0.020009984812442,0.14305645476114756,0.41690921783447266,0.0,-0.26352128883110526,-0.003177750889769051,0.01922124570342537,0.0,0.0,0.0,-0.00379914803524556,0.0,0.0,0.005730459906098555,0.0,0.5871360429937337,0.12408561924922668,0.0,0.0,0.0,-0.2627683490078549,-0.05827367549834883,-0.2888441989259597,0.0,0.11784528631304629,0.0,0.0,0.03153643553890412,-0.062433047575268574,-0.004041070516766858,0.0,0.014945075244370646,0.08270439842331256,0.0,0.0,0.0,-0.17048534456681902,0.0,0.16424968667647752,-0.24534871502542482,0.0,0.0,0.0,0.009014322568026081,-0.037706212955548324,-0.08616763274818187,0.0,0.0,0.12257932829170119,0.0,0.0,0.03040682134007833,0.0,0.0,-0.03627640471709499,0.38271162345031867,-0.05125339272375808,0.0,0.21326738567838222,-0.008099457609390317,0.0,-0.010908124454451627,0.0,0.0,0.0,0.007626064004334302,-0.27689952581346233,0.0,-0.0982706201663035
0.33200700193244354,0.0,-0.004725554906906452,0.0,0.0,0.0,0.0,0.06494839143939658,0.0,-0.27025902329956547,0.06861622280589942,0.0032300908001010676,0.22258912090704702,0.0,0.2026445126259801,-0.17773619086313366,-0.8107927071248868,0.0,-0.5620969787278958,0.06388573631518743,0.0,-0.004549591996600889,0.0,0.08143860452578533,0.0,0.45383334834242195,0.0,0.15732856818170937,0.0,0.0,0.035830195592081754,0.01164256620018752,-0.04545586089124954,0.2425735558323936,0.0,-0.4074127132288619,-0.264241599937392,0.011183647946251958,0.0,-0.3922322392463684,0.0,-0.0022104880597988204,0.0,0.0,0.0033341983734434763,0.0,0.5321028649748459,0.31163156618657234,0.0,0.0,0.0,-0.15288856674872084,-0.061177736081418105,0.17014303534080066,0.0,0.11236215720981181,0.0,0.0,-0.03957740794601751,-0.0363259091042665,-0.0023512477121836652,0.0,0.00869561019312609,0.4600317258799301,0.0,0.0,0.0,-0.07456258260192059,0.0,0.33896643782690866,-0.2651083594457102,0.0,0.5818378329277039,0.0,0.005244873908291589,-0.02193890123396675,0.4606619047807971,0.0,0.0,-0.05208261302923286,0.0,0.0,-0.11066840712576609,0.0,0.26438143849372864,-0.6674410725562299,0.6780969489713493,-0.029821162952583948,0.0,0.1240870335172667,0.057180468157866114,0.0,0.11798819053300832,0.0,0.0,0.0,0.004437132554049838,-0.1611106200380137,0.0,-0.05717756467802354
0.0,0.0,0.0,0.0,0.0,0.0,0.0,0.0,0.0,0.0,0.0,0.0,-0.12219474464654922,0.0,0.0,0.0,0.0,0.0,0.0,0.0,0.0,0.0,0.0,0.0,0.0,0.0,0.0,0.0,0.0,0.0,0.0,0.0,0.0,0.0,0.0,0.0,0.0,0.0,0.0,0.0,0.0,0.0,0.0,0.0,0.0,0.0,0.0,0.0,0.0,0.0,0.0,0.0,0.0,0.0,0.0,-0.06168345089031568,0.0,0.0,0.0,0.0,0.0,0.0,0.0,0.0,0.0,0.0,0.0,0.0,0.0,0.0,0.0,0.0,0.0,0.0,0.0,0.0,0.0,0.0,0.0,0.0,0.0,0.0,0.0,0.0,0.0,0.0,0.0,0.0,0.0,0.0,0.0,0.0,0.0,0.0,0.0,0.0,0.0,0.0,0.0,0.0
-0.1909799426794052,0.0,0.21539615209125174,0.0,0.0,0.0,0.0,0.1018795623979619,0.0,0.02982129775293818,0.0,-0.1472312020394213,0.03542450806114525,0.0,0.19949351860299203,0.008774006026840859,-0.013084201323470093,0.0,0.04596985710302176,0.020337744997289752,0.0,-0.0187250701669429,0.0,0.0,0.0,0.42957547433766585,0.0,0.0,0.0,0.0,-0.02900033773140847,-0.5306813716888428,0.12977111472406647,0.0,0.0,-0.021228722286404496,0.0842765857583016,0.046029312666369546,0.0,0.0,0.0,0.10075655276557095,0.0,0.0,-0.15197654330479082,0.0,0.1970723306180013,-0.05750185985983794,0.0,0.0,0.0,-0.10173964143814276,0.31632191694748907,-0.009393463787041721,0.0,0.017882159413841473,0.0,0.0,0.0,0.0,0.10717253736223409,0.0,-0.3963557746302797,0.031459861422167286,0.0,0.0,0.0,0.49008620977905787,0.0,-0.01579058189900794,0.14302967010018325,0.0,0.0,0.0,-0.23906730115413666,0.0,-0.09600462298033764,0.0,0.0,0.06003042371261236,0.0,0.0,-0.8064140882014534,0.0,0.0,-0.08567698586432962,-0.03679300311663856,0.0,0.0,0.12215755861623699,0.2148043246596716,0.0,0.2892924958364597,0.0,0.0,0.0,-0.20224953413710978,0.0,0.0,0.0
0.0,0.0,0.0,0.0,0.0,0.0,0.0,0.0,0.0,0.0,0.0,0.0,0.0,0.0,0.0,0.0,0.0,0.0,0.0,0.0,0.0,0.0,0.0,0.0,0.0,0.0,0.0,0.0,0.0,0.0,0.0,0.0,0.0,0.0,0.0,0.0,0.0,0.0,0.0,0.0,0.0,0.0,0.0,0.0,0.0,0.0,0.0,0.0,0.0,0.0,0.0,0.0,0.0,0.0,0.0,0.0,0.0,0.0,0.0,0.0,0.0,0.0,0.0,0.0,0.0,0.0,0.0,0.0,0.0,0.0,0.0,0.0,0.0,0.0,0.0,0.0,0.0,0.0,0.0,0.0,0.0,0.0,0.0,0.0,0.0,0.0,0.0,0.0,0.0,0.0,0.0,0.0,0.0,0.0,0.0,0.0,0.0,0.0,0.0,0.0
0.0,0.0,0.0,0.0,0.0,0.0,0.0,-0.04343092612502213,0.0,0.24772723896040996,-0.7288479790800082,-0.10996163434067796,-0.25685613133543406,0.0,0.0,0.0,0.24848893345830508,0.0,0.23824438411058235,0.0,0.0,0.03502592749501265,0.0,0.0,0.0,0.16271418144987526,0.0,0.0,0.0,-0.30187809467315674,0.0,0.0,0.27913831885935303,0.0,0.0,-0.09580442066100522,-0.03250112775628893,-0.0860995101072426,0.0,0.0,0.0,0.27924492955207825,0.0,0.0,0.1464309338085208,0.0,-0.10052710955074218,-0.33265917150129404,0.0,0.0,0.0,0.053260490737411445,0.24640025016437514,-0.058952457552037124,0.0,-0.1296600161400898,0.0,0.0,0.42297425866127014,0.0,0.0,0.0,0.0,-0.29783465596380587,0.0,0.0,0.0,0.5293372584611891,0.0,-0.08183661417188885,-0.25112813268616124,0.0,0.0,0.0,0.0,0.0,-0.3759397149516128,0.0,0.0,0.0,0.0,0.0,0.04308962122331354,0.0,0.0,0.3641450105070262,-0.1906842204764236,0.0,0.0,0.0,-0.08283893723921601,0.0,0.0,0.0,0.0,0.0,0.0,0.6993514895439148,0.0,0.0
0.0,0.0,-0.8300859332084656,0.0,0.0,0.0,0.0,0.31424430286984634,0.0,-0.13212276364768746,-0.3314542247387493,0.0,-0.35422725458010895,0.0,0.0,0.04058803278562205,0.01614856500334877,0.0,0.0,-0.2452231878773472,0.0,0.26372308464153643,0.0,0.0,0.0,0.04764769398176081,0.0,-0.4080352452676905,0.0,0.0,-0.13415384660504162,0.0,0.08110222814998166,0.0,0.0,0.41486399134870433,0.0,-0.6482748642370808,0.0,0.0,0.0,0.0,0.0,0.0,0.0,0.0,0.21248698797742913,-0.1983346431894229,0.0,0.0,0.0,0.4010178148399394,0.13026101862974102,0.4412590812338869,0.0,-0.17881259562434498,0.0,0.0,0.15023370266126648,0.0,0.0,0.0,0.31983837485313416,-0.20959153203078176,0.0,0.0,0.0,1.2162167797856953,0.0,0.0,-0.5180804012976322,0.0,0.0,0.0,0.0,0.0,0.7215587634560643,0.0,0.0,0.0,0.0,0.0,0.0,0.0,-0.6856793165206909,0.06426971050112651,0.0,0.0,0.0,0.0,0.0,0.0,-0.7473127662967318,0.0,0.0,0.0,0.0,0.2629200220108032,0.0,0.0
0.0,0.0,0.0,0.0,0.0,0.0,0.0,0.0,0.0,0.0,0.0,0.0,0.0,0.0,0.0,0.0,0.0,0.0,0.0,0.0,0.0,0.0,0.0,0.0,0.0,0.0,0.0,0.0,0.0,0.0,0.0,0.0,0.0,0.0,0.0,0.0,0.0,0.0,0.0,0.0,0.0,0.0,0.0,0.0,0.0,0.0,0.0,0.0,0.0,0.0,0.0,0.0,0.0,0.0,0.0,0.0,0.0,0.0,0.0,0.0,0.0,0.0,0.0,0.0,0.0,0.0,0.0,0.0,0.0,0.0,0.0,0.0,0.0,0.0,0.0,0.0,0.0,0.0,0.0,0.0,0.0,0.0,0.0,0.0,0.0,0.0,0.0,0.0,0.0,0.0,0.0,0.0,0.0,0.0,0.0,0.0,0.0,0.0,0.0,0.0
-0.025982758743688494,0.0,0.029304576049123243,0.0,0.0,0.13558995723724365,0.0,-0.42402636701367047,0.0,0.4098379338672227,0.0,-0.020030756887152792,-0.03724894560833256,0.0,0.027141027963823124,-0.16856223732984701,0.014651084316452087,0.0,0.024812447173107995,0.002766943555650265,0.0,0.1317635684682854,0.0,0.0,0.0,0.1658477325789267,0.0,0.0,-0.12012049120126989,0.0,-0.02014474657864163,-0.07219902706488668,0.04305295773149175,0.0,0.0,0.02972808792539121,0.03187090392845555,0.02624469119239002,0.0,0.0,0.309050977230072,0.05438382454044789,0.0,0.0,-0.020676359014395768,0.0,-0.224604529252734,-0.018515065951666188,0.0,0.0,0.6453939080238342,-0.05578057485134901,0.057695411102353815,0.002238659562803348,0.049696619365089845,-0.018803128676225824,0.0,0.0,0.0,0.0,0.057846882485383604,0.0,-0.012982204019447552,0.01698060857273173,0.0,0.0,0.0,-0.004554876106424282,0.5908754709283457,0.07262574170464224,0.09242845667218874,0.0,0.0,0.0,-0.03252502813774538,0.13604967296123505,-0.04884814565108389,0.0,0.0,0.0324017043126848,0.0,0.0,-0.02324839488960362,0.0,0.0,-0.008191631327157427,0.25103059191170707,0.0,0.0,0.016619495899481942,0.08123262152881897,0.0,0.11164167723308362,0.0,0.0,0.0,-0.1091651398940909,0.0,0.0,0.0
0.0,0.0,0.0,0.0,0.0,0.0,0.0,-0.14999579368781996,0.0,-0.04918111089779094,-0.232629014711899,-0.035096847884617643,-0.12177695343594248,-0.22111934128599842,0.0,0.015742133677878,0.009037871853009957,0.0,0.07604131166864915,0.0,0.0,0.018010915762438538,0.0,0.0,0.0,0.05193406690667722,0.0,-0.04229450921253791,0.0,-0.09635151052427204,0.0,0.0,0.07735033949521264,0.0,0.0,0.13296841550286742,-0.01037350111955388,-0.04427380328328438,0.0,0.0,0.0,0.08912760231151395,0.0,0.0,0.04673688455337016,0.0,-0.10388820279245833,-0.038667386314387084,0.32791757583618164,0.0,0.0,0.027387432132218233,0.07864444858975429,0.033629066382642035,0.0,-0.061472551447001575,0.0,-0.024928798490766957,0.15057453905143844,0.0,0.0,-0.1305935406232095,-0.02474505760512712,-0.09506095173834861,0.0,0.0,0.0,-0.27296840819986934,0.0,-0.026120084665933487,0.422952663727591,0.0,0.0,0.0,0.0,0.0,-0.07017795218997425,0.31917357444763184,0.0,0.0,0.0,0.0,0.6524145247476363,0.0,0.0,0.0943495075489926,-0.060861364240220435,0.0,0.0,0.0,-0.026439999702083612,0.0,-0.25803485731865256,0.0,0.0,0.0,0.0,0.2232145147130069,0.0,0.0
0.0,0.0,0.0,0.0,0.0,0.0,0.0,0.0,0.0,0.0,0.0,0.0,0.0,0.0,0.0,0.0,0.0,0.0,0.0,0.0,0.0,0.0,0.0,0.0,0.0,0.0,0.0,0.0,0.0,0.0,0.0,0.0,0.0,0.0,0.0,0.27433873153451155,0.0,0.0,0.0,0.0,0.0,0.0,0.0,0.0,0.0,0.0,0.0,0.0,0.0,0.0,0.0,0.0,0.0,0.0,0.0,0.0,0.0,0.0,0.0,0.0,0.0,0.0,0.0,0.0,0.0,0.0,0.0,-0.8238222002983093,0.0,0.0,0.8439273608541864,0.0,0.0,0.0,0.0,0.0,0.0,0.0,0.0,0.0,0.0,0.0,0.0,0.0,0.0,0.0,0.0,0.0,0.0,0.0,0.0,0.0,0.0,0.0,0.0,0.0,0.0,0.0,0.0,0.0
-0.0032341504040526974,0.0,0.00364762677453898,0.0,0.0,0.0,0.0,-0.08106403168146362,0.0,0.0589510600094075,-0.4519738554954529,-0.0024932872263151405,-0.2512322456088656,0.30702461815023696,0.0033783235807062417,0.05913546769083233,0.36901362608497446,0.0,-0.014305105552810502,-0.6289214352191325,0.0,0.07036843302620067,0.18140578269958496,0.0,0.0,-0.08418600368546283,0.0,0.0,0.0,0.0,-0.327757088089417,-0.00898682525814682,0.19261654902328978,0.0,0.0,-0.025649992225623967,0.006836488323219411,-0.2666800051731791,0.0,0.0,0.0,-0.040943769959836486,0.0,0.0,0.06950169456088626,-0.09479415108016416,0.1429151955576834,-0.268304267068999,0.0,0.0,-0.028458237326030002,0.06958164907470762,0.18298180917138168,-0.23881434290294096,0.10272029175611738,-0.12682109962178165,0.0,-0.3659495711326599,0.010133319842702717,0.0,-0.043550990931387965,0.0,-0.006712088037543291,-0.3430850330906521,0.0,0.0,0.0716494318400017,0.1581989146736699,0.0,0.0814253296804374,-0.010082155310247864,0.0,0.0,0.0,-0.004048485918342548,0.016934502957107966,-0.07392662711698338,0.0,0.0,-0.02439416386941517,0.0,0.0,0.13731248583821032,0.0,0.0,0.14968952651038667,0.01144941112191978,-0.016468792766791574,0.0,-0.05586229616457305,-0.12045613822411959,0.0,-0.1120359911179083,0.12109543487022734,0.0,0.0,0.08218679751242475,0.0,0.0,0.0
0.0,0.0,0.0,0.0,0.0,0.0,0.0,0.0,0.0,0.0,0.0,0.0,0.3281561299083238,0.0,0.0,-0.04027467534007292,0.15749213765116998,0.0,0.0,0.2433299571275711,0.0,0.0,0.0,0.0,0.0,0.0,0.0,0.5950817465782166,0.0,0.0,0.13311811996845435,0.0,0.026318233581324478,0.0,0.0,-0.8081730648160578,0.0,0.0,0.0,0.0,0.0,0.0,0.0,0.0,0.0,0.0,0.0,0.0,0.0,0.0,0.0,0.0,0.0,0.0,0.0,0.16565198922511742,0.0,0.0,-0.21910198986836882,0.0,0.0,0.0,0.0,0.0,0.0,0.0,0.0,-0.30680587887763977,0.0,0.0,0.13069225444941512,0.0,0.0,0.0,0.0,0.0,-0.21607749416476704,0.0,0.0,0.0,0.0,0.0,0.0,0.0,0.0,0.0,0.0,0.0,0.0,0.0,0.0,0.0,0.4702862301350308,0.0,0.0,0.0,0.0,0.0,0.0,0.0
0.0,0.0,0.0,0.0,0.0,0.0,0.0,0.0,0.0,0.0,0.0,0.0,0.0,0.0,0.0,0.0,0.0,0.0,0.0,0.0,0.0,0.0,0.0,0.0,0.0,0.0,0.0,0.0,0.0,0.0,0.0,0.0,0.0,0.0,0.0,0.0,0.0,0.0,0.0,0.0,0.0,0.0,0.0,0.0,0.0,0.0,0.0,0.0,0.0,0.0,0.0,0.0,0.0,0.0,0.0,0.0,0.0,0.0,0.0,0.0,0.0,0.0,0.0,0.0,0.0,0.0,0.0,0.0,0.0,0.0,0.0,0.0,0.0,0.0,0.0,0.0,0.0,0.0,0.0,0.0,0.0,0.0,0.0,0.0,0.0,0.0,0.0,0.0,0.0,0.0,0.0,0.0,0.0,0.0,0.0,0.0,0.0,0.0,0.0,0.0
0.0,0.0,0.0,0.0,0.0,0.0,0.0,0.0,0.0,-0.41313132643699646,0.0,0.0,0.0,0.0,0.0,0.0,0.0,0.0,0.0,0.0,0.0,0.0,0.0,0.0,0.0,0.0,0.0,0.0,0.0,0.0,0.0,0.0,0.0,0.0,0.0,0.0,0.0,0.0,0.0,0.0,0.0,0.0,0.0,0.0,0.0,0.0,0.0,0.0,0.0,0.0,0.0,0.0,0.0,0.0,0.0,0.0,0.0,0.0,0.0,0.0,0.0,0.0,0.0,0.0,0.0,0.0,0.0,0.0,0.0,0.4291734993457794,0.0,0.0,0.0,0.0,0.0,0.0,0.0,0.0,0.0,0.0,0.0,0.0,0.0,0.0,0.0,0.0,0.0,0.0,0.0,0.0,0.0,0.0,0.0,0.0,0.0,0.0,0.0,0.0,0.0,0.0
0.0,0.0,0.0,0.0,0.0,0.0,0.0,-0.026513037166431004,0.0,-0.2177286889352683,0.0,0.0,0.0,0.0,0.0,-0.8577783703804016,0.15169366430874112,0.0,-0.26567578315734863,0.0,0.0,0.1663382299838423,0.0,0.0,0.0,0.0,0.0,0.0,0.0,0.0,0.0,0.0,0.02534926091946924,0.0,0.0,0.0,0.0,-0.4088868200778961,0.0,0.0,0.0,0.0,0.0,0.0,0.0,0.0,-0.3159111010403667,-0.11554200566065922,0.0,0.0,0.0,0.2529342230435816,0.0,0.23066234343759942,0.0,0.0,0.0,0.0,-0.6153043508529663,0.0,0.0,0.0,0.0,-0.18181747449474983,0.0,0.0,0.0,0.0,0.0,0.09125926154452683,0.0,0.0,0.0,0.0,0.0,0.0,-0.10752566187266059,0.0,0.0,0.0,0.0,0.0,0.0,0.0,0.0,0.03744101955722331,0.21263955412820224,0.0,0.0,0.0,0.0,0.0,0.0,0.0,0.0,0.0,0.0,0.0,0.0,0.0
-0.5127339257517471,0.0,-0.030765320981215746,0.0,0.0,0.0,0.0,-0.010310149691490389,-0.26617753505706787,0.011656580885370499,-0.6590292738954955,0.11445745304603197,0.2633807898407635,0.0,-0.308875692955597,0.30425276654869915,-0.02239848340535015,0.0,0.208370800533993,-0.002904867365553772,0.0,0.09424204123829004,0.0,-0.13415349487856165,0.0,0.4803223127961165,0.0,0.0,0.0,-0.07620474987189851,-0.06631799488674649,0.07579793130121662,0.1544834783809013,-0.3285325765609741,0.0,0.22770143974425258,0.478363901662792,-0.23166249011617776,0.0,0.6461226344108582,0.0,0.3794226736854356,0.0,0.0,0.05867138030353872,0.0,-0.1366484418205944,-0.17864936369953066,0.0,0.0,-0.15537042915821075,0.22499122740236266,0.2927580254396095,0.19458218903338542,0.0,-0.5300346195272811,0.0,0.0,0.3453868051942334,0.04919845641455822,0.17288220447437563,0.0,0.05661202630998263,0.02459294430660025,0.0,0.0,-0.4506493806838989,0.4060693615790688,0.0,-0.16008891975191603,0.19468864398948116,0.0,0.0,0.0,-0.5861559570066252,-0.14283133975477025,-0.23842662125826952,0.7767024636268616,0.0,0.20174047452703348,0.0,0.0,0.33750588671266496,0.0,0.0,-0.23422491033376666,-0.18898879758656137,-0.027403765986548027,0.0,0.17522869675591002,0.015608580869700434,0.0,0.2730837291889162,0.0,0.0,0.0,-0.3262528458886732,0.7613902395787058,0.0,0.07743916100290882
0.0,0.0,0.0,0.0,0.0,0.0,0.0,0.0,0.0,0.0,0.0,0.0,0.0,0.0,0.0,0.0,0.0,0.0,0.0,0.0,0.0,0.0,0.0,0.0,0.0,0.0,0.0,0.0,0.0,0.0,0.0,0.0,0.0,0.0,0.0,0.0,0.0,0.0,0.0,0.0,0.0,0.0,0.0,0.0,0.0,0.0,0.0,0.0,0.0,0.0,0.0,0.0,0.0,0.0,0.0,0.0,0.0,0.0,0.0,0.0,0.0,0.0,0.0,0.0,0.0,0.0,0.0,0.0,0.0,0.0,0.0,0.0,0.0,0.0,0.0,0.0,0.0,0.0,0.0,0.0,0.0,0.0,0.0,0.0,0.0,0.0,0.0,0.0,0.0,0.0,0.0,0.0,0.0,0.0,0.0,0.0,0.0,0.0,0.0,0.0
0.0,0.0,0.0,0.0,0.0,0.0,0.0,0.0,0.0,0.0,0.0,0.0,0.0,0.0,0.0,0.0,0.0,0.0,0.0,0.0,0.0,0.0,0.0,0.0,0.0,0.7107335329055786,0.0,0.0,0.0,0.0,0.0,0.0,0.26588118076324463,0.0,0.0,0.17104549705982208,0.3923411965370178,0.0,0.0,0.0,0.0,0.0,0.0,0.0,0.0,0.0,0.8590140342712402,-0.3607659339904785,0.0,0.0,0.0,0.0,0.0,-0.23218652056138467,0.0,0.0,0.0,0.0,0.0,0.0,0.0,0.0,0.0,0.0,0.0,0.0,0.0,0.0,0.0,0.0,0.0,0.0,0.0,0.0,0.0,0.0,-0.15974188182418914,0.0,0.0,0.0,0.0,0.0,0.0,0.0,0.0,0.11690505381902483,0.0,0.0,0.0,0.0,0.0,0.0,0.0,0.0,0.0,0.0,0.0,0.0,0.0,0.0
0.0,0.0,0.0,0.0,0.0,0.0,0.0,-0.011367139053999128,0.0,-0.0376637772319569,0.0,0.0,0.5159150958061218,0.0,0.0,0.0,0.06503679548231256,0.0,-0.11390522901892908,0.0,0.0,0.0,0.0,0.0,0.0,-0.11753160068694868,0.0,0.0,0.0,0.0,0.0,0.0,0.010868184281525719,0.0,0.0,0.0,0.5376802086830139,0.0,0.0,0.0,0.0,-0.2496570348739624,0.0,0.0,0.0,0.0,-0.007686278215536258,-0.049537215848872364,0.0,0.0,0.0,-0.6375535726547241,0.0,-0.29242416165817725,0.0,0.260432014222701,0.0,0.0,0.0,0.0,0.0,0.0,0.0,-0.07795200912121573,0.0,0.0,0.0,0.0,0.0,0.3571998880785234,0.0,0.0,0.0,0.0,0.0,0.0,-0.019684332144172628,0.0,0.0,0.0,0.0,0.0,0.0,0.0,0.0,0.016052377287401852,0.09116659720961809,0.0,0.0,0.0,0.0,0.0,0.0,0.0,0.0,0.0,0.0,0.0,0.0,0.0
0.0,0.0,0.0,0.0,0.0,0.0,0.0,0.0,0.0,0.0,0.0,0.0,0.0,0.0,0.0,0.0,0.0,0.0,0.0,0.0,0.0,0.0,0.0,0.0,0.0,0.0,0.0,0.0,0.0,0.0,0.0,0.0,0.0,0.0,0.0,0.0,0.0,0.0,0.0,0.0,0.0,0.0,0.0,0.0,0.0,0.0,0.0,0.0,0.0,0.0,0.0,0.0,0.0,0.0,0.0,0.0,0.0,0.0,0.0,0.0,0.0,0.0,0.0,0.0,0.0,0.0,0.0,0.0,0.0,0.0,0.0,0.0,0.0,0.0,0.0,0.0,0.0,0.0,0.0,0.0,0.0,0.0,0.0,0.0,0.0,0.0,0.0,0.0,0.0,0.0,0.0,0.0,0.0,0.0,0.0,0.0,0.0,0.0,0.0,0.0
0.0,0.0,0.0,0.0,0.0,0.0,0.0,-0.05358666880927678,0.0,-0.15435090593474718,0.0,0.0,-0.5504600114260256,0.0,0.0,0.11665653818221844,0.2114204671083002,0.0,0.03613149761312068,0.0,0.0,-0.3374064949104653,0.0,0.0,0.0,-0.4082679789750076,0.0,0.0,0.0,0.0,0.0,0.0,0.33512655493327104,0.0,0.0,-0.1121558746572488,0.22135201402783486,0.05560797822107545,0.0,0.0,0.0,0.0,0.0,0.0,0.5951945410669879,-0.782805323600769,-0.48915418817872336,-0.02629160048133372,0.0,0.0,-0.2350066900253296,-0.034398665047928434,0.0,-0.05840394539479196,-0.1750013530254364,-0.27787015865611314,0.0,0.0,0.08368044471339608,0.0,0.0,0.0,0.0,-0.36747931699900455,0.0,0.0,0.591677398217243,-0.14428868485954263,0.0,0.6194173715776388,-0.042765335878287195,0.0,0.0,0.0,0.0,0.0,-0.058101239318158415,0.0,0.0,0.0,0.0,0.0,0.17514541949378776,0.0,0.0,0.5412633649279188,-0.028918652092155023,-0.1359984609200211,0.0,-0.4783910620930912,-0.5744318511411031,0.0,-0.33976003527641296,0.0,0.0,0.0,0.0,0.0,0.0,0.0
0.3657696441354119,0.0,0.0,0.0,0.0,0.0,0.0,-0.004237790685890197,0.0,0.4949659088333766,-0.7700897596257388,0.08589441284262743,-0.43752051335529774,0.08595923106296255,-0.5120847225189209,-0.13519219701970892,0.6183080320482309,0.0,0.13878576674702775,0.5022251009941101,0.0,-0.0021913336869553946,0.0,0.09086703628673476,0.0,0.20237702223594295,0.0,0.13988767223769913,0.0,-0.17585465021454386,0.27475146107987314,0.0,-0.3854038703328386,0.0,0.0,0.0681227098879511,-0.3117038342982136,0.005386659838064883,0.0,-0.43764233589172363,0.0,0.16267003229808133,0.0,0.0,0.08530118978446107,0.0,0.6056369157664151,-0.6753090282067313,-0.12747660384195328,0.0,0.0,0.8090344587096956,0.3034881534617405,-0.3740044319138387,0.0,-0.22085872168332527,0.0,0.08245116582467144,0.19489247221320014,0.0,0.0,0.4319337603672826,0.08184344900124436,-0.39197880251464284,0.0,0.0,0.0,0.9650358797068278,0.0,0.5029665015124252,-0.6262875921860913,0.4539021849632263,0.0,0.0,0.0,0.0,-0.871795261466683,0.5825353124907642,0.0,-0.13769080482852303,0.0,-0.19658690985488114,-0.27117028082618044,0.0,0.0,0.5679411292201306,-0.11108029196229122,0.0,0.0,-0.44169881360643615,0.020802006187988713,0.0,0.1978678198184174,0.0,0.0,0.0,0.0,1.2186532279844626,0.0,0.0
0.052572252246855126,0.0,-0.05929345606597249,0.0,0.0,0.0,0.0,-0.03813869740118494,0.0,-0.015061401281730898,0.11348620884277252,0.04052926073612671,-0.023656583198545952,0.0,-0.05491583793809654,0.5854997664281907,0.061352435577390646,0.0,-0.012654412235471677,-0.005598499220018002,0.0,-0.33479947436988206,0.0,0.0,0.0,0.015473344403484433,0.0,0.24004565079651385,0.40433904361499434,0.0,0.00798310570769695,0.14608400517726983,-0.13196118591191205,0.0,0.0,-0.07100013168857798,0.11270798909851915,-0.24597890073637352,0.0,0.0,-1.0403002461262467,-0.027735891178934675,0.0,0.0,-0.06858804272066607,0.0,0.050752453683749775,-0.07512334831144604,0.0,0.0,0.062611771628454,0.17232911105823856,-0.18102276615237736,0.06904607533247183,0.0,-0.011941754878092334,-0.11030083166504134,0.0,-0.0883819408865885,0.0,-0.029502059688022227,0.0,0.10910735164655472,-0.07787913001050703,0.0,0.0,-0.027468890972849505,0.26024702234366776,0.0,-0.06413535083650324,-0.34425939275294815,0.0,0.0,0.0,0.06580956242796844,-0.27527630131875824,0.030858091116777196,0.0,0.0,-0.01652495300620581,0.0,0.0,-0.12672830686962677,0.0,0.0,-0.013659739314593702,-0.1494392149894377,0.0,0.0,-0.01141755936287981,0.07105007297014851,0.0,0.1100699366441069,0.0,0.0,0.0,0.055674503700705515,0.0,-0.44004982709884644,0.0
0.0,0.0,0.0,0.0,0.0,0.0,0.0,-0.02268261570869505,0.0,0.11674891269413573,0.0,0.0,0.5152342036675659,0.0,0.0,-0.060025853929772666,0.12977800586782576,0.0,-0.22729277127460623,0.0,0.0,-0.2457732664768031,0.0,0.0,0.0,-1.2497585620434402,0.0,0.0,0.0,0.0,0.1984008252620697,0.0,-0.14767298980456203,0.0,0.0,-0.10895189754916679,-0.2499119742068885,0.6041512489318848,0.0,0.0,0.0,-0.4981794059276581,0.0,0.0,0.0,0.0,-0.562509052169362,0.1309499954027383,0.0,0.0,0.0,-0.011466508856297963,0.0,-0.4978671837674764,0.0,0.2600883024132308,0.0,0.0,0.0,0.0,-0.5299025177955627,0.0,0.0,-0.15554973491726262,0.0,0.0,0.0,0.0,0.0,0.07807475041353186,0.0,0.0,0.0,0.0,0.0,0.0,0.18890009237419347,0.0,0.0,-0.2968136563020032,0.0,0.0,0.0,0.0,0.0,-0.042433929641932905,0.18191885224168527,0.0,0.0,0.0,-0.6369761228561401,0.0,-0.8852942334338252,0.0,0.0,0.0,0.0,0.0,0.0,0.0
0.0,0.0,0.0,0.0,0.0,0.0,0.0,-0.039271425976984235,0.0,0.2806866765022278,-0.425895094871521,0.0,-0.367277592420578,0.0,0.0,0.0,0.22469045970413593,0.0,0.0,0.0,0.0,0.0,0.0,0.0,0.0,0.06122389649661581,0.0,0.0,0.0,0.0,0.0,0.0,0.13829076394774265,0.0,0.0,-0.07601632885395075,0.0,0.0,0.0,0.0,0.0,0.0,0.0,0.0,0.0,0.0,-0.02655471218800151,-0.4189083449783055,0.0,0.0,0.0,0.0,0.1673761404945182,-0.2696065839110186,0.0,-0.18540035744350547,0.0,0.0,0.0,0.0,0.0,0.0,0.0,-0.2693102056215295,0.0,0.0,0.0,0.5489574210275592,0.0,0.0,-0.23384324711535787,0.0,0.0,0.0,0.0,0.0,-0.2684112870513635,0.0,0.0,0.0,0.0,0.0,0.0,0.0,0.0,0.13574591723014492,0.0,0.0,0.0,0.0,0.0,0.0,0.0,0.0,0.0,0.0,0.0,0.0,0.0,0.0
-0.11946886240917906,0.0,0.13474259598482619,0.0,0.0,0.0,0.0,0.08666904303229737,0.0,-0.43541730845542664,-0.2578939971206502,-0.09210152632788741,0.053758873976860085,0.0,0.12479459042205471,-0.36193340986571937,-0.13942156501202155,0.0,0.028756771293149887,0.012722421133369598,0.0,0.1272579510685818,0.0,0.0,0.0,-0.06490101200592654,0.0,-0.5454965233802795,-0.2526948118660144,0.0,-0.018141367672674356,-0.33197150909107304,0.2509438318839585,0.0,0.0,0.16134566432321212,-0.25612551615251977,0.17460167891789685,0.0,0.0,0.6501436829566956,0.06302897869950642,0.0,0.0,0.15586426467396258,0.0,-0.11533342489497098,0.17071555011558143,0.0,0.0,-0.5862681865692139,-0.15383948095373653,0.33006912847955533,0.04902817812407159,0.0,0.02713727887776198,0.25065532326698303,0.0,0.20084530306322712,0.0,0.06704254352858843,0.0,-0.24794317581233002,0.17697798116169558,0.0,0.0,0.062422228759742904,-0.5914035327758682,0.0,0.14574565625746014,0.7823191183202505,0.0,0.0,0.0,-0.1495502517563447,0.6255571173237255,-0.06344021163546205,0.0,0.0,0.03755245880938361,0.0,0.0,0.287986266703294,0.0,0.0,0.031041346850763273,0.33959612249971377,0.0,0.0,0.02594606033174314,-0.1614591543838713,0.0,-0.2501306212748093,0.0,0.0,0.0,-0.12651863555487683,0.0,0.0,0.0
0.0,0.0,0.0,0.0,0.0,0.0,0.0,0.0,0.0,0.0,0.0,0.0,0.4959261417388916,0.0,0.0,0.0,0.0,0.0,0.0,0.0,0.0,0.0,0.0,0.0,0.0,0.0,0.0,0.0,0.0,0.0,0.0,0.0,0.0,0.0,0.0,0.0,0.0,0.0,0.0,0.0,0.0,0.0,0.0,0.0,0.0,0.0,0.0,0.0,0.0,0.0,0.0,0.0,0.0,0.0,0.0,0.2503416648372081,0.0,0.0,0.0,0.0,0.0,0.0,0.0,0.0,0.0,0.0,0.0,0.0,0.0,0.0,0.0,0.0,0.0,0.0,0.0,0.0,0.0,0.0,0.0,0.0,0.0,0.0,0.0,0.0,0.0,0.0,0.0,0.0,0.0,0.0,0.0,0.0,0.0,0.0,0.0,0.0,0.0,0.0,0.0,0.0
