0.0,0.0,0.0,0.0,0.0,-0.16633549332618713,-0.11750950664281845,-0.31348419189453125,0.0,-0.11930727958679199,0.0,0.0,0.0,0.0,0.0,0.0,0.0,0.0,0.0,-0.13716933131217957,0.0,0.0,0.0,-0.2249426692724228,0.0,-0.19692663848400116,0.0,0.0,0.0,0.0,0.0,0.0,0.0,0.0,0.0,0.0,0.0,0.0,-0.17484138906002045,0.0,-0.10950952768325806,0.4845879375934601,-0.13963384926319122,-0.42103254795074463,0.0,0.0,0.0,0.0,0.0,-0.1303117424249649,0.0,0.6475215554237366,0.0,0.0,0.0,0.0,0.0,0.0,0.0,0.0,0.0,0.0,0.0,0.0,0.0,0.0,-0.20461496710777283,0.0,0.5278528332710266,0.0,0.6692389845848083,0.0,0.0,0.0,0.0,0.0,0.0,0.12854568660259247,0.0,0.0,0.09770587831735611,0.0,0.0,0.0,0.0,0.0,0.14532172679901123,0.0,-0.15629169344902039,0.1621217429637909,0.0,0.0,0.0,0.11704661697149277,0.0,0.0,-0.2513057589530945,0.0,-0.12290998548269272,0.0
0.0,0.0,0.0,0.0,0.0,0.13136178255081177,0.0,-0.3309360146522522,0.8605551719665527,0.0,0.0,0.0,0.0,0.0,0.0,0.0,0.0,0.0,0.0,0.5212084054946899,0.0,0.0,0.0,0.1692645102739334,0.0,-0.16652588546276093,0.0,0.0,0.0,0.2254556268453598,0.0,0.0,0.0,0.0,0.0,0.0,0.0,0.0,0.0,0.0,0.0,0.0,0.0,0.0,0.0,0.0,0.0,0.0,0.0,0.0,0.0,0.0,0.0,0.3323071599006653,0.0,0.0,0.4983079135417938,0.0,0.0,0.0,0.0,0.0,0.0,0.0,0.0,0.0,0.0,0.0,0.0,0.0,0.0,0.0,0.0,0.0,0.0,0.0,0.0,0.0,0.0,0.0,0.0,0.0,0.0,0.0,0.0,0.0,0.0,0.0,-0.23774012923240662,0.0,0.0,0.0,0.0,0.0,0.0,0.0,-0.10309913754463196,0.0,0.0,0.1428695172071457
0.0,0.0,0.0,0.0,0.0,0.0,0.0,-0.1918540596961975,0.0,0.0,0.0,0.0,0.0,0.13975271582603455,0.0,0.0,0.6300745010375977,0.0,0.0,-0.11363457888364792,0.0,0.0,0.0,0.0,0.0,0.0,0.0,0.0,0.0,0.0,0.0,0.0,0.0,0.0,0.0,0.0,0.0,0.0,0.0,0.0,0.0,0.0,0.0,0.0,0.0,0.0,0.0,0.0,0.0,0.1663876622915268,0.0,0.0,0.21233968436717987,0.0,0.0,0.0,0.0,0.46330058574676514,0.0,0.0,0.0,0.0,0.0,0.0,0.0,0.0,0.0,0.0,0.0,0.0,0.0,0.0,0.0,0.0,0.0,0.0,0.0,0.0,0.0,0.0,0.0,0.0,0.0,0.0,0.13814476132392883,0.0,0.0,0.0,0.2149464339017868,0.0,0.0,0.0,0.0,0.0,0.0,0.0,0.0,0.0,0.0,0.0
0.0,0.0,0.0,0.0,0.2023075819015503,-0.14603520929813385,0.0,0.1226801946759224,0.0,0.4106982350349426,0.0,0.327011376619339,-0.3885716199874878,0.0,-0.4269160330295563,0.0,0.0,0.0,0.0,-0.10671491175889969,0.11977695673704147,0.0,0.7438845038414001,-0.2042180448770523,0.0,0.0,-0.12170103937387466,0.0,0.0,0.0,0.0,0.0,-0.1461811512708664,0.0,-0.34246498346328735,0.0,0.0,0.0,-0.13995009660720825,0.6193663477897644,-0.18951578438282013,-0.16390638053417206,0.0,-0.15449920296669006,0.0926588624715805,0.0,0.0,0.0,0.0,-0.09340591728687286,0.0,0.0,0.0,0.0,-0.16507478058338165,0.0,0.0,0.0,0.0,0.0,0.0,0.0,0.0,0.0,0.0,0.0,-0.24096271395683289,0.0,0.0,0.0,0.0,0.0,0.12892964482307434,0.0,0.0,0.0,0.0,0.0,0.0,0.0,0.0,0.0,0.0,0.0,0.0,0.0,0.3167864680290222,0.0,0.0,0.0,0.0,-0.09333320707082748,0.0,0.0,0.0,0.0,-0.38103601336479187,-0.17648158967494965,-0.23133549094200134,-0.23235449194908142
0.0,0.0,0.0,0.0,0.0,0.0,0.0,-0.26130375266075134,0.0,0.0,0.0,0.0,0.554445743560791,0.0,0.15248647332191467,0.0,0.0,0.0,0.0,0.0,0.2642744779586792,0.0,0.0,0.0,0.0,0.0,-0.09936399757862091,0.0,0.0,0.0,0.0,0.0,0.0,0.0,0.0,0.0,0.0,0.0,0.0,0.0,0.0,0.12745672464370728,0.0,0.09353896230459213,-0.16108247637748718,0.19375921785831451,0.0,0.0,0.0,-0.2864677608013153,0.0,0.0,0.0,0.0,0.0,0.0,0.0,0.0,0.0,0.0,0.0,0.0,0.0,0.0,0.0,0.0,0.10136841982603073,0.0,0.0,0.0,0.0,0.0,0.0,0.0,0.0,0.0,0.0,0.0,0.0,0.0,0.0,0.0,0.0,0.0,0.0,0.0,0.0,0.0,-0.1404895782470703,0.0,0.0,0.0,0.0,0.0,0.0,0.13707807660102844,0.0,0.6137011051177979,0.19594481587409973,0.0
0.0,0.0,0.0,0.0,0.0,0.0,0.6498793363571167,0.34379854798316956,0.0,0.0,0.0,0.0,0.0,0.0,0.0,0.0,0.0,0.0,0.0,0.4554852843284607,0.0,0.0,0.0,0.0,0.0,0.22292637825012207,0.0,0.0,0.0,0.0,0.0,0.0,0.0,0.0,0.0,0.0,0.0,0.0,0.0,0.0,0.0,0.0,0.0,0.0,0.685103178024292,0.0,0.0,0.0,0.0,0.0,0.0,0.0,0.0,0.0,0.0,0.0,0.0,0.0,0.0,0.0,0.4150429666042328,0.0,0.0,0.0,0.0,0.0,0.0,0.0,0.0,0.0,0.0,0.0,0.0,0.0,0.0,0.0,0.0,0.0,0.0,0.0,0.0,0.0,0.0,0.0,0.0,0.0,0.0,0.0,0.0,0.0,0.0,0.0,0.0,0.0,0.0,0.0,0.0,0.0,0.0,0.0
0.0,0.0,0.0,0.0,0.0,0.0,0.0,0.0,0.0,0.0,0.0,0.0,0.0,0.0,0.0,0.0,0.0,0.0,0.0,0.0,0.0,0.0,0.0,0.0,0.0,0.0,0.0,0.0,0.0,0.0,0.0,0.0,0.0,0.0,0.0,0.0,0.0,0.0,0.0,0.0,0.0,0.0,0.0,0.0,0.0,0.0,0.0,0.0,0.0,0.0,0.0,0.0,0.0,0.0,0.0,0.0,0.0,0.0,0.0,0.0,0.0,0.0,0.0,0.0,0.0,0.0,0.0,0.0,0.0,0.0,0.0,0.0,0.0,0.0,0.0,0.0,0.0,0.0,0.0,0.0,0.0,0.0,0.0,0.0,0.0,0.0,0.0,0.0,0.0,0.0,0.0,0.0,0.0,0.0,0.0,0.0,0.0,0.0,0.0,0.0
0.0,0.0,0.0,0.0,0.0,0.0,0.0,0.0,0.0,0.0,0.0,0.0,0.0,0.0,0.0,0.0,0.0,0.0,0.0,0.0,0.0,0.0,0.0,0.0,0.0,0.0,0.0,0.0,0.0,0.0,0.0,0.0,0.0,0.0,0.0,0.0,0.0,0.0,0.0,0.0,0.0,0.0,0.0,0.0,0.0,0.0,0.0,0.0,0.0,0.0,0.0,0.0,0.0,0.0,0.0,0.0,0.0,0.0,0.0,0.0,0.0,0.0,0.0,0.0,0.0,0.0,0.0,0.0,0.0,0.0,0.0,0.0,0.0,0.0,0.0,0.0,0.0,0.0,0.0,0.0,0.0,0.0,0.0,0.0,0.0,0.0,0.0,0.0,0.0,0.0,0.0,0.0,0.0,0.0,0.0,0.0,0.0,0.0,0.0,0.0
0.0,0.0,0.0,0.0,0.0,0.0,0.0,0.8230278491973877,0.0,0.0,0.0,0.0,0.0,0.0,0.0,0.0,0.0,0.0,0.0,0.0,0.0,0.0,0.0,0.0,0.0,0.12881001830101013,0.0,0.3306601643562317,0.0,0.0,0.0,0.0,0.0,0.0,0.0,0.0,0.0,0.0,0.12635856866836548,0.0,0.0,0.0,0.0,0.27176976203918457,0.0,0.0,0.0,0.0,0.0,0.0,0.0,0.0,0.0,0.0,0.0,0.0,0.0,0.0,0.0,0.0,0.0,0.0,0.0,0.0,0.0,0.0,0.0,0.0,0.0,0.0,0.0,0.0,0.0,0.0,0.0,0.0,0.0,0.0,0.0,0.0,0.0,0.0,0.0,0.0,0.0,0.0,0.0,0.0,0.0,0.0,0.0,0.0,0.0,0.0,0.0,0.0,0.1350276917219162,0.0,0.0,0.0
0.0,0.0,0.0,0.0,0.0,0.0,0.0,0.30280593037605286,0.0,0.0,0.0,0.0,0.0,0.0,0.7617214918136597,0.0,0.0,0.0,0.0,0.0,0.0,0.0,0.0,0.0,0.0,0.0,0.0,0.0,0.0,0.0,0.0,0.0,0.0,0.0,0.0,0.0,0.0,0.0,0.0,0.0,0.0,0.2795617878437042,0.0,0.0,0.0,0.0,0.0,0.0,0.0,0.0,0.0,0.0,0.0,0.0,0.0,0.0,0.0,0.0,0.0,0.0,0.0,0.0,0.0,0.0,0.0,0.0,0.0,0.0,0.0,0.0,0.0,0.0,0.0,0.0,0.0,0.0,0.0,0.0,0.0,0.0,0.0,0.0,0.0,0.0,0.0,0.0,0.0,0.0,0.0,0.0,0.0,0.0961102768778801,0.0,0.0,0.0,0.0,0.0968984067440033,0.0,0.0,0.46262964606285095
0.0,0.0,0.0,0.0,0.0,0.0,0.0,-0.1568557620048523,0.0,0.0,0.0,0.0,0.0,0.0,0.0,0.19802390038967133,0.0,0.0,0.0,0.0,0.0,0.0,0.0,0.0,0.0,0.0,0.0,0.0,0.0,0.0,0.0,0.0,0.0,0.0,0.0,0.0,0.0,0.0,0.0,0.0,0.09614250063896179,0.0,0.0,0.09402990341186523,0.0,0.0,0.0,0.0,0.0,0.23211482167243958,0.0,0.0,0.0,0.0,0.0,0.0,0.0,0.0,0.0,0.0,0.0,0.0,0.0,0.0,0.0,0.0,0.0,0.0,0.0,0.0,0.0,0.0,0.1569925844669342,0.0,0.0,0.0,0.0,0.46877729892730713,0.0,0.0,0.0,0.0,0.0,0.0,0.0,0.0,0.0,0.0,0.0,0.0,0.0,0.0,0.0,0.0,0.0,0.0,0.0,0.0,0.27595821022987366,0.0
0.0,0.0,0.0,0.0,0.4004361927509308,0.0,0.0,-0.26393255591392517,0.0,0.0,0.0,0.0,0.0,0.0,0.09391719102859497,0.0,0.0,0.19317848980426788,0.0,0.0,0.1474238485097885,0.0,0.0,-0.10072463005781174,0.0,-0.18962058424949646,0.0,0.0,0.0,0.12146218866109848,0.0,0.0,0.5015449523925781,0.0,0.14003008604049683,0.18375615775585175,0.0,0.0,0.0,0.24566081166267395,0.0,0.11083687841892242,0.0,0.26884403824806213,0.0,0.0,0.0,0.0,0.0,-0.0985318049788475,0.0,0.0,0.0,0.0,0.0,0.0,0.0,0.0,0.0,0.0,0.0,0.0,0.0,0.0,0.0,0.0,-0.17369338870048523,0.0,0.0,0.0,0.0,0.14799796044826508,0.0,0.0,0.0,0.0,0.0,0.0,0.0,0.0,0.0,0.0,0.0,0.0,0.0,0.0,0.0,0.0,-0.1043006181716919,0.0,0.0,0.0,0.0,0.0,0.0,0.0,0.0,0.15670037269592285,0.09842018038034439,0.0
0.0,0.0,0.0,0.0,0.0,0.0,0.0,0.0,0.0,0.0,0.0,0.0,0.0,0.0,0.0,0.0,0.0,0.0,0.0,0.0,0.0,0.0,0.0,0.0,0.0,0.0,0.13424289226531982,0.0,0.0,0.0,0.0,0.0,0.0,0.0,0.8050660490989685,0.0,0.0,0.0,0.0,0.0,0.0988457202911377,0.0,0.0,0.0,0.0,0.0,0.0,0.0,0.0,0.33539286255836487,0.0,0.0,0.0,0.0,0.0,0.0,0.0,0.0,0.0,0.0,0.0,0.0,0.0,0.0,0.0,0.0,0.0,0.0,0.0,0.0,0.0,0.0,0.0,0.0,0.0,0.0,0.0,0.0,0.0,0.0,0.0,0.0,0.0,0.0,0.0,0.0,0.0,0.0,0.0,0.0,0.0,0.0,0.0,0.0,0.0,0.0,0.0,0.0,0.5102177262306213,0.0
0.0,0.0,0.0,0.0,0.0,0.0,0.0,0.10975297540426254,0.0,0.5877217650413513,0.0,0.0,0.0,0.0,0.12323624640703201,0.0,0.0,0.0,0.0,0.41984716057777405,0.0,0.0,0.0,0.0,0.0,0.0,0.0,0.0,0.0,0.0,0.0,0.0,0.0,0.0,0.0,0.0,0.0,0.0,0.0,0.0,0.0,0.09559657424688339,0.0,0.0,0.0,0.0,0.0,0.0,0.0,0.0,0.0,0.0,0.0,0.0,0.0,0.0,0.0,0.0,0.0,0.0,0.0,0.0,0.0,0.0,0.0,0.0,0.38194888830184937,0.0,0.0,0.0,0.0,0.0,0.0,0.0,0.0,0.0,0.0,0.0,0.0,0.0,0.0,0.0,0.0,0.0,0.0,0.0,0.0,0.0,0.0,0.0,0.0,0.11244027316570282,0.0,0.0,0.0,0.0,0.0,0.0,0.0,0.16244375705718994
0.0,0.0,0.0,0.0,0.0,0.0,0.0,0.0,0.0,0.0,0.0,0.0,0.0,0.0,0.0,0.0,0.0,0.0,0.0,0.0,0.0,0.0,0.0,0.0,0.0,0.0,0.0,0.0,0.0,0.0,0.0,0.0,0.20887050032615662,0.0,0.0,0.0,0.0,0.0,0.0,0.0,0.0,0.0,0.0,0.0,0.0,0.0,0.0,0.0,0.0,0.0,0.0,0.0,0.0,0.0,0.0,0.0,0.0,0.0,0.0,0.0,0.0,0.0,0.0,0.0,0.0,0.0,0.0,0.0,0.0,0.0,0.0,0.0,0.0,0.0,0.0,0.0,0.0,0.0,0.0,0.0,0.0,0.0,0.0,0.0,0.0,0.0,0.0,0.0,0.0,0.0,0.0,0.5143202543258667,0.0,0.0,0.0,0.0,0.0,0.0,0.0,0.0
0.0,0.0,0.0,0.0,0.0,0.0,0.0,0.0,0.0,0.0,0.0,0.0,0.0,0.0,0.0,0.0,0.0,0.0,0.0,0.0,0.0,0.0,0.0,0.0,0.0,0.0,0.0,0.0,0.0,0.0,0.0,0.0,0.0,0.0,0.0,0.0,0.0,0.0,0.0,0.0,0.0,0.0,0.0,0.0,0.0,0.0,0.0,0.0,0.0,0.0,0.0,0.0,0.0,0.0,0.0,0.0,0.0,0.0,0.0,0.0,0.0,0.0,0.0,0.0,0.0,0.0,0.0,0.0,0.0,0.0,0.0,0.0,0.0,0.0,0.0,0.0,0.0,0.0,0.0,0.0,0.0,0.0,0.0,0.0,0.0,0.0,0.0,0.0,0.0,0.0,0.0,0.0,0.0,0.0,0.0,0.0,0.0,0.0,0.0,0.0
0.0,0.0,0.0,0.0,0.0,0.0,0.0,-0.09739795327186584,0.0,0.0,0.0,0.0,0.0,0.0,0.0,0.10072246193885803,0.0,0.0,0.0,0.0,0.0,0.0,0.0,0.0,0.0,0.0,0.0,0.0,0.0,0.0,0.0,0.0,0.0,0.0,0.0,0.0,0.0,0.0,0.16170793771743774,0.0,0.0,0.0,0.0,0.0,0.0,0.0,0.0,0.0,0.0,0.4782249927520752,0.0,0.0,0.0,0.0,0.0,0.0,0.0,0.0,0.0,0.0,0.0,0.0,0.0,0.0,0.0,0.0,0.0,0.0,0.0,0.0,0.0,0.0,0.0,0.0,0.0,0.0,0.0,0.0,0.0,0.0,0.0,0.0,0.0,0.0,0.0,0.0,0.0,0.0,0.62363201379776,0.0,0.0,0.0,0.0,0.0,0.0,0.0,0.0,0.0,0.0,0.0
0.0,0.0,0.0,0.0,0.0,0.0,0.0,0.7262901067733765,0.0,0.0,0.0,0.0,0.0,0.0,0.0,0.0,0.0,0.0,0.0,0.0,0.0,0.0,0.0,0.0,0.0,0.0,0.0,0.0,0.0,0.0,0.0,0.0,0.0,0.0,0.0,0.0,0.0,0.0,0.0,0.0,0.0,0.0,0.0,0.0,0.0,0.0,0.0,0.0,0.0,0.0,0.0,0.0,0.0,0.0,0.0,0.0,0.0,0.0,0.0,0.0,0.0,0.0,0.0,0.0,0.0,0.0,0.0,0.0,0.0,0.0,0.0,0.0,0.0,0.0,0.0,0.0,0.0,0.0,0.0,0.0,0.0,0.0,0.0,0.0,0.0,0.0,0.0,0.0,0.0,0.0,0.0,0.0,0.0,0.0,0.0,0.0,0.0,0.0,0.0,0.0
0.0,0.0,0.09488468617200851,0.0,0.0,0.0,0.0,-0.17882759869098663,0.0,-0.1691998690366745,0.0,0.0,0.10687731951475143,0.0,-0.15310484170913696,0.0,0.0,0.0,0.0,-0.22755467891693115,0.17031815648078918,0.0,0.12143148481845856,-0.12496230751276016,0.0,-0.1978294551372528,0.0,0.0,0.0,0.09034305810928345,0.0,0.2940572202205658,0.0,0.0,0.0,0.0,0.0,-0.16518983244895935,-0.21119673550128937,0.0,0.0,0.0,0.0,0.4051322937011719,-0.21679605543613434,-0.29722216725349426,0.0,0.0,0.0,0.0,0.0,0.0,0.0,-0.09136401116847992,0.0,0.0,0.0,0.0,0.19630958139896393,0.0,0.0,0.0,0.0,0.0,0.0,0.0,0.0,0.0,0.0,0.0,0.0,0.0,0.0,0.0,0.0,0.0,0.20784522593021393,0.0,0.0,0.0,0.0,0.0,0.0,0.0,0.0,0.0,0.0,0.0,-0.17509926855564117,0.0,0.0,0.0,0.0,0.0,0.0,0.0,-0.3429529070854187,0.0,0.0,0.0
0.0,0.0,0.0,0.0,0.0,0.0,0.0,0.0,0.0,0.0,0.0,0.0,0.0,0.0,0.0,0.0,0.0,0.0,0.0,0.0,0.0,0.0,0.0,0.0,0.0,0.0,0.0,0.0,0.0,0.0,0.0,0.0,0.0,0.0,0.0,0.0,0.0,0.0,0.0,0.0,0.0,0.0,0.0,0.0,0.0,0.0,0.0,0.0,0.0,0.0,0.0,0.0,0.0,0.0,0.0,0.0,0.0,0.0,0.0,0.0,0.0,0.0,0.0,0.0,0.0,0.0,0.0,0.0,0.0,0.0,0.0,0.0,0.0,0.0,0.0,0.0,0.0,0.0,0.0,0.0,0.0,0.0,0.0,0.0,0.0,0.0,0.0,0.0,0.0,0.0,0.0,0.0,0.0,0.0,0.0,0.0,0.0,0.0,0.0,0.0
0.0,0.0,0.0,0.0,0.0,0.0,0.0,0.0,0.0,0.0,0.0,0.0,0.0,0.0,0.0,0.0,0.0,0.0,0.0,0.0,0.0,0.0,0.0,0.0,0.0,0.0,0.17811109125614166,0.0,0.0,0.0,0.0,0.0,0.0,0.0,0.0,0.0,0.0,0.0,0.0,0.0,0.0,0.16819903254508972,0.0,0.0,0.0,0.0,0.0,0.0,0.0,0.13461782038211823,0.0,0.0,0.0,0.0,0.0,0.0,0.22437381744384766,0.0,0.0,0.0,0.0,0.0,0.0,0.0,0.0,0.0,0.0,0.0,0.0,0.0,0.0,0.0,0.0,0.0,0.0,0.0,0.0,0.0,0.0,0.0,0.0,0.0,0.0,0.0,0.09307427704334259,0.0,0.0,0.0,0.0,0.0,0.0,0.0,0.0,0.0,0.0,0.4321216940879822,0.0,0.0,0.0,0.0
0.0,0.0,0.0,0.0,0.0,0.0,0.09971387684345245,0.0,0.0,0.0,0.0,0.0,0.0,0.0,0.0,0.2872491180896759,0.0,0.0,0.0,0.0,0.0,0.0,0.0,0.0,0.0,0.0,0.17003075778484344,0.816089928150177,0.0,0.0,0.0,0.0,0.0,0.0,0.0,0.0,0.0,0.0,0.0,0.0,0.0,0.0,0.0,0.0,0.0,0.0,0.0,0.0,0.0,0.0,0.0,0.0,0.0,0.0,0.0,0.0,0.0,0.0,0.0,0.0,0.0,0.0,0.0,0.0,0.0,0.0,0.0,0.0,0.0,0.0,0.0,0.0,0.0,0.0,0.0,0.0,0.0,0.0,0.0,0.0,0.0,0.0,0.0,0.0,0.0,0.0,0.0,0.0,0.0,0.0,0.0,0.0,0.0,0.0,0.0,0.0,0.0,0.0,0.0,0.0
0.0,0.0,0.0,0.0,0.0,0.0,0.0,-0.34218621253967285,0.0,0.0,0.0,0.0,0.39956313371658325,0.0,-0.29125094413757324,0.0,0.0,0.0,0.0,0.0,0.0,0.0,0.0,0.6363123655319214,0.0,-0.1230214387178421,0.0,0.0,0.0,0.0,0.0,0.0,0.29259535670280457,0.0,0.4779256582260132,0.0,0.0,0.0,0.0,0.0,0.0,0.0,-0.16946721076965332,0.0,-0.171940416097641,0.0,0.0,0.0,0.0,0.0,0.0,0.0,0.0,0.0,0.09326285868883133,0.0,0.0,0.1476123034954071,0.0,0.0,-0.14259541034698486,0.0,0.0,0.0,0.0,0.0,0.0,0.0,0.0,0.0,0.0,0.0,0.5748982429504395,0.0,0.0,0.0,0.0,0.0,0.0,0.0,0.10280797630548477,0.0,0.0,0.0,0.0,0.0,0.49610716104507446,0.0,-0.1936420500278473,0.0,0.0,-0.1538960188627243,0.0,0.0,0.0,0.0,0.0,0.5124887824058533,0.0,0.0
0.0,0.0,0.0,0.0,0.0,0.0,0.0,0.0,0.0,0.0,0.0,0.0,0.0,0.0,0.0,0.0,0.0,0.0,0.0,0.0,0.0,0.0,0.0,0.0,0.0,0.0,0.0,0.0,0.0,0.0,0.0,0.0,0.0,0.0,0.0,0.0,0.0,0.0,0.0,0.0,0.0,0.0,0.0,0.0,0.0,0.0,0.0,0.0,0.0,0.0,0.0,0.0,0.0,0.0,0.0,0.0,0.0,0.0,0.0,0.0,0.0,0.0,0.0,0.0,0.0,0.0,0.3206213414669037,0.0,0.0,0.0,0.0,0.0,0.0,0.0,0.0,0.0,0.0,0.0,0.0,0.0,0.0,0.0,0.0,0.0,0.0,0.0,0.0,0.0,0.0,0.0,0.0,0.0,0.0,0.0,0.0,0.0,0.0,0.0,0.0,0.0
0.0,0.0,0.0,0.0,0.0,0.11160147190093994,0.0,0.0,0.0,0.0,0.0,0.0,0.0,0.0,0.20244427025318146,0.0,0.0,0.0,0.0,0.0,0.0,0.0,0.0,0.0,0.0,0.0,0.0,0.0,0.0,0.0,0.0,0.0,0.16085508465766907,0.0,0.0,0.0,0.0,0.0,0.0,0.0,0.16203124821186066,0.0,0.12100546807050705,0.0,0.0992906242609024,0.0,0.0,0.0,0.0,0.10526552051305771,0.0,0.0,0.0,0.46280673146247864,0.0,0.0,0.0,0.0,0.0,0.0,0.0,0.0,0.0,0.0,0.0,0.0,0.0,0.0,0.0,0.0,0.0,0.0,0.0,0.0,0.0,0.0,0.0,0.0,0.0,0.0,0.0,0.0,0.0,0.0,0.1241290271282196,0.0,0.0,0.0,0.3069901466369629,0.0,0.0,0.09797857701778412,0.0,0.0,0.0,0.0,0.0,0.0,0.0,0.0
0.0,0.0,0.0,0.0,0.0,0.0,0.0,0.0,0.0,0.0,0.0,0.0,0.0,0.0,0.0,0.0,0.0,0.0,0.0,0.0,0.0,0.0,0.0,0.0,0.0,0.0,0.0,0.0,0.0,0.0,0.0,0.0,0.0,0.0,0.0,0.0,0.0,0.0,0.0,0.0,0.0,0.0,0.0,0.0,0.0,0.0,0.0,0.0,0.0,0.0,0.0,0.0,0.0,0.0,0.0,0.0,0.0,0.0,0.0,0.0,0.0,0.0,0.0,0.0,0.0,0.0,0.0,0.0,0.0,0.0,0.0,0.0,0.0,0.0,0.0,0.0,0.0,0.0,0.0,0.0,0.0,0.0,0.0,0.0,0.0,0.0,0.0,0.0,0.0,0.0,0.0,0.0,0.0,0.0,0.0,0.0,0.0,0.0,0.0,0.0
0.0,0.0,0.0,0.0,0.0,0.0,0.11600390076637268,0.0,0.0,0.0,0.0,0.0,0.0,0.0,0.0,0.0,0.0,0.0,0.0,0.0,0.0,0.0,0.0,0.0,0.0,0.0,0.0,0.0,0.0,0.0,0.0,0.0,0.0,0.0,0.0,0.0,0.0,0.0,0.0,0.0,0.0,0.0,0.0,0.0,0.0,0.0,0.0,0.0,0.0,0.0,0.0,0.0,0.0,0.0,0.0,0.0,0.0,0.0,0.0,0.0,0.0,0.0,0.0,0.0,0.0,0.0,0.0,0.0,0.0,0.0,0.0,0.0,0.0,0.0,0.0,0.0,0.0,0.0,0.0,0.0,0.0,0.0,0.0,0.0,0.0,0.0,0.0,0.0,0.0,0.0,0.0,0.0,0.0,0.0,0.0,0.0,0.0,0.0,0.0,0.0
0.0,0.0,0.0,0.0,0.0,0.0,0.0,0.0,0.0,0.0,0.0,0.0,0.0,0.0,0.0,0.0,0.0,0.0,0.0,0.0,0.0,0.0,0.0,0.0,0.0,0.0,0.0,0.0,0.0,0.0,0.0,0.0,0.0,0.0,0.0,0.0,0.0,0.0,0.0,0.0,0.0,0.0,0.0,0.0,0.0,0.0,0.0,0.0,0.0,0.0,0.0,0.0,0.0,0.0,0.0,0.0,0.0,0.0,0.0,0.0,0.0,0.0,0.0,0.0,0.0,0.0,0.0,0.0,0.0,0.0,0.0,0.0,0.0,0.0,0.0,0.0,0.0,0.0,0.0,0.0,0.0,0.0,0.0,0.0,0.0,0.0,0.0,0.0,0.0,0.0,0.0,0.0,0.0,0.0,0.0,0.0,0.0,0.0,0.0,0.0
0.0,0.0,0.0,0.0,0.0,0.0,0.0,0.0,0.0,0.0,0.0,0.0,0.0,0.0,0.0,0.0,0.0,0.0,0.0,0.0,0.0,0.0,0.0,0.0,0.0,0.0,0.0,0.0,0.0,0.0,0.0,0.0,0.0,0.0,0.0,0.0,0.0,0.0,0.0,0.0,0.0,0.0,0.0,0.0,0.0,0.0,0.0,0.0,0.0,0.0,0.0,0.0,0.0,0.0,0.0,0.0,0.0,0.0,0.0,0.0,0.0,0.0,0.0,0.0,0.0,0.0,0.0,0.0,0.0,0.0,0.0,0.0,0.0,0.0,0.0,0.0,0.0,0.0,0.0,0.0,0.0,0.0,0.0,0.0,0.0,0.0,0.0,0.0,0.0,0.0,0.0,0.0,0.0,0.0,0.0,0.0,0.0,0.0,0.0,0.0
0.0,0.0,0.0,0.0,0.0,0.3773495554924011,0.13598692417144775,0.1619092971086502,0.0,0.0,0.0,0.0,0.0,0.0,0.0,0.0,0.0,0.0,0.0,0.21043653786182404,0.0,0.0,0.0,0.0,0.0,0.34186312556266785,0.0,0.0,0.0,0.0,0.0,0.0,0.0,0.0,0.0,0.0,0.0,0.0,0.0,0.0,0.0,0.0,0.0,0.0,0.0,0.0,0.0,0.0,0.0,0.0,0.0,0.0,0.0,0.0,0.0,0.0,0.0,0.0,0.0,0.0,0.2308957576751709,0.0,0.0,0.0,0.0,0.0,0.5271691679954529,0.0,0.0,0.0,0.0,0.0,0.0,0.0,0.0,0.0,0.0,0.0,0.0,0.0,0.0,0.0,0.0,0.0,0.0,0.0,0.0,0.0,0.0,0.0,0.0,0.0,0.0,0.0,0.0,0.0,0.13466157019138336,0.0,0.0,0.17181053757667542
0.0,0.0,0.0,0.0,0.0,0.0,0.0,-0.38855448365211487,0.0,0.0,0.0,0.0,0.5889047980308533,0.34253984689712524,-0.29148638248443604,0.0,0.0,0.0,0.0,-0.10794146358966827,0.0,0.0,0.0,0.0,0.1134767010807991,-0.14799903333187103,0.0,0.0,0.0,0.0,0.0,0.0,-0.1109403744339943,0.0,0.09967339783906937,0.0,0.0,0.0,0.0,0.0,0.0,0.11220037937164307,0.0,0.0,0.0,0.0,0.0,0.0,0.0,0.0,0.0,0.0,0.0,0.0,0.0,0.0,0.0,0.0,0.0,0.0,0.0,0.0,0.0,0.0,0.0,0.0,0.1498408317565918,0.0,0.0,0.0,0.0,0.0,0.11135633289813995,0.0,0.0,0.0,0.0,0.0,0.0,0.0,0.0,0.0,0.0,0.0,0.0,0.0,0.0,0.0,-0.09799406677484512,0.0,0.0,0.29096508026123047,0.0,0.14772062003612518,0.0,0.0,0.0,0.0,0.1502474993467331,0.0
0.0,0.0,0.1560056209564209,0.0,0.0,-0.1392359435558319,0.0,0.0,0.0,-0.4006478786468506,0.0,0.0,0.0,0.0,-0.12743720412254333,0.3480686545372009,0.0,0.0,0.0,-0.28415122628211975,0.0,0.0,0.0,0.0,0.0,0.10328322649002075,0.0,0.0,0.0,0.10165853798389435,0.0,0.0,0.0,0.0,0.0,0.0,0.0,-0.3053678870201111,-0.13698893785476685,0.0,0.0,0.0,0.0,-0.1273433119058609,0.0,-0.5587502717971802,0.0,0.0,0.0,-0.3768340051174164,0.0,0.0,0.11533112823963165,0.0,0.0,0.0,-0.290226548910141,-0.18600893020629883,0.4125259816646576,0.0,0.0,0.0,0.0,0.0,0.0,0.0,-0.10154636949300766,0.0,0.0,0.0,0.0,-0.10526114702224731,0.0,0.15771399438381195,0.0,0.0,0.33443522453308105,0.0,0.0,0.0,0.0,0.0,0.0,0.7468540072441101,-0.1030476987361908,0.0,0.0,0.0,-0.3598424196243286,0.0,0.0,0.0,0.0,0.0,0.0,0.0973539650440216,-0.24537776410579681,0.0,0.0,-0.1584121733903885
0.0,0.0,0.0,0.0,0.0,0.0,0.0,0.0,0.0,0.0,0.0,0.0,0.0,0.0,0.0,0.0,0.0,0.0,0.0,0.0,0.0,0.0,0.0,0.0,0.0,0.0,0.0,0.0,0.0,0.0,0.0,0.0,0.0,0.0,0.0,0.0,0.0,0.0,0.0,0.0,0.0,0.0,0.0,0.0,0.0,0.0,0.0,0.0,0.0,0.0,0.0,0.0,0.0,0.0,0.0,0.0,0.0,0.0,0.0,0.0,0.0,0.0,0.0,0.0,0.0,0.0,0.0,0.0,0.0,0.0,0.0,0.0,0.0,0.0,0.0,0.0,0.0,0.0,0.0,0.0,0.0,0.0,0.0,0.0,0.0,0.0,0.0,0.0,0.0,0.0,0.0,0.0,0.0,0.0,0.0,0.0,0.0,0.0,0.0,0.0
0.0,0.0,0.0,0.0,0.0,-0.3569818139076233,0.0,-0.21986158192157745,0.0,0.0,0.0,0.0,0.0,0.0,0.0,0.0,0.151301771402359,0.0,0.0,-0.18950319290161133,0.0,0.0,0.6267895102500916,-0.23143072426319122,0.0,0.0,-0.13090109825134277,0.1677417755126953,0.0,0.1581181436777115,0.0,0.0,-0.09204806387424469,0.0,0.0,0.0,0.0,0.0,-0.1079540103673935,0.0,0.0,0.0,-0.09387459605932236,-0.19037416577339172,0.0,0.0,0.0,0.0,0.0,-0.2802004814147949,0.0,0.0,0.0,0.0,0.0,0.0,0.0,0.0,0.0,0.0,0.0,0.0,0.0,0.0,0.0,0.0,-0.18468023836612701,0.0,0.0,0.0,0.0,0.0,0.0,0.0,0.0,0.0,0.0,0.11606252938508987,0.0,0.0,0.0,0.0,0.0,0.0,0.0,0.0,0.15951895713806152,0.0,-0.29546502232551575,0.0,0.0,0.0,0.36137855052948,0.0,0.0,0.335896372795105,0.0,0.15753334760665894,0.0,-0.2158559411764145
0.0,0.0,0.0,0.0,0.0,0.0,0.0,0.0,0.0,0.0,0.0,0.0,0.0,0.0,0.4976271390914917,0.29439204931259155,0.0,0.0,0.0,0.0,0.0,0.0,0.0,0.0,0.0,0.0,0.0,0.0,0.0,0.0,0.0,0.0,0.09899990260601044,0.0,0.0,0.0,0.0,0.0,0.0,0.0,0.0,0.0,0.0,0.0,0.0,0.0,0.0,0.0,0.0,0.0,0.0,0.0,0.0,0.0,0.0,0.0,0.0,0.0,0.0,0.0,0.0,0.0,0.0,0.0,0.0,0.0,0.0,0.0,0.0,0.0,0.0,0.0,0.0,0.0,0.0,0.0,0.0,0.0,0.0,0.0,0.0,0.0,0.0,0.0,0.0,0.0,0.0,0.0,0.0,0.0,0.0,0.24536103010177612,0.0,0.0,0.0,0.0,0.0,0.0,0.0,0.0
0.0,0.0,0.0,0.0,0.0,0.1904233992099762,0.0,-0.24064897000789642,0.0,0.0,0.0,0.0,0.0,0.0,0.0,0.0,0.0,0.0,0.0,0.1012822762131691,0.0,0.0,0.0,0.0,0.0,0.1432877779006958,0.0,0.0,0.0,0.330739289522171,0.0,0.0,0.0,0.0,0.0,0.0,0.0,0.0,0.0,0.0,0.0,0.0,0.0,0.0,-0.19895978271961212,0.0,0.0,0.0,0.0,0.0,0.0,0.0,0.0,0.10088837146759033,0.8017877340316772,0.0,0.0,0.0,0.0,0.0,0.12068137526512146,0.0,0.0,0.0,0.0,0.0,0.15756827592849731,0.0,0.0,0.0,0.0,0.0,0.0,0.0,0.0,0.0,0.0,0.0,0.0,0.0,0.0,0.0,0.0,0.0,0.0,0.0,0.0,0.0,0.0,0.0,0.0,0.0,0.0,0.0,0.0,0.0,0.09355766326189041,0.0,0.0,0.10921205580234528
0.0,-0.2532138228416443,0.0,0.0,-0.10299966484308243,-0.10185971111059189,0.0,0.9300119280815125,0.0,-0.3562518060207367,0.14954733848571777,0.0,0.0,0.0,0.1004442647099495,-0.21785259246826172,0.0,0.0,0.0,-0.19382449984550476,-0.30397459864616394,0.0,0.0,0.0,0.0,0.24227012693881989,0.0,-0.15674322843551636,0.0,-0.4292328357696533,0.0,0.0,0.0,0.0,0.0,0.4943673312664032,0.0,0.0,0.0,-0.32350867986679077,-0.1436184048652649,-0.32279470562934875,0.0,-0.5065953731536865,0.0,-0.3223896622657776,0.4234525263309479,0.0,0.15564203262329102,-0.16838182508945465,0.19678375124931335,0.1110200434923172,0.0,-0.5226725935935974,0.0,0.0,-0.33321091532707214,0.09950748085975647,0.0,0.0,0.0,0.8591788411140442,0.2241613268852234,0.0,0.23211592435836792,0.1529221385717392,0.0,0.13849660754203796,0.0,0.0,0.0,-0.31509673595428467,-0.17443470656871796,0.0,0.0,0.0,0.0,-0.14000141620635986,0.0,-0.11561789363622665,0.0,0.0,0.0,0.108180932700634,0.0,0.0,-0.14940714836120605,0.0,0.16349181532859802,0.0,0.0,0.0,0.09710270911455154,0.16400229930877686,0.7305829524993896,-0.27092206478118896,0.0,0.0,0.0,-0.4582047462463379
0.0,0.0,0.0,0.0,0.0,0.0,0.0,0.0,0.0,0.0,0.0,0.0,0.0,0.0,0.0,0.0,0.0,0.0,0.0,0.0,0.0,0.0,0.0,0.0,0.0,0.10037870705127716,0.0,0.0,0.0,0.0,0.0,0.0,0.0,0.0,0.0,0.0,0.0,0.0,0.0,0.0,0.0,0.0,0.0,0.0,0.694271981716156,0.0,0.0,0.0,0.0,0.0,0.0,0.0,0.0,0.0,0.0,0.0,0.0,0.0,0.0,0.0,0.0,0.0,0.0,0.0,0.0,0.0,0.0,0.0,0.0,0.0,0.0,0.6013083457946777,0.0,0.0,0.0,0.0,0.0,0.0,0.0,0.16732794046401978,0.0,0.0,0.0,0.0,0.0,0.0,0.0,0.0,0.0,0.0,0.0,0.4065864384174347,0.0,0.0,0.0,0.0,0.0,0.0,0.0,0.0
0.0,0.0,0.0,0.0,0.0,0.0,0.0,0.0,0.0,0.0,0.0,0.0,0.0,0.0,0.0,0.0,0.0,0.0,0.0,0.0,0.0,0.0,0.0,0.0,0.0,0.0,0.0,0.0,0.0,0.0,0.0,0.0,0.0,0.0,0.0,0.0,0.0,0.0,0.0,0.0,0.0,0.0,0.0,0.0,0.0,0.0,0.0,0.0,0.0,0.0,0.0,0.0,0.0,0.0,0.0,0.0,0.0,0.0,0.0,0.0,0.0,0.0,0.0,0.0,0.0,0.0,0.0,0.0,0.0,0.0,0.0,0.0,0.0,0.0,0.0,0.0,0.0,0.0,0.0,0.0,0.0,0.0,0.0,0.0,0.0,0.0,0.0,0.0,0.0,0.0,0.0,0.0,0.0,0.0,0.0,0.0,0.0,0.0,0.0,0.0
0.0,0.0,0.0,0.0,0.0,-0.10597094148397446,0.0,-0.180540531873703,0.0,0.0,0.0,0.0,0.7963939309120178,0.0,0.0,0.0,0.0,0.0,0.0,0.0,0.0,0.0,0.0,0.1179756373167038,0.0,-0.25902846455574036,0.0,0.0,0.0,0.18524518609046936,0.0,0.0,-0.1517014354467392,0.0,0.10233116894960403,0.2798483371734619,0.0,0.0,0.0,0.0,0.0,0.0,0.2317560464143753,0.0,-0.16415689885616302,0.0,0.0,0.0,0.0,-0.21283045411109924,0.0,0.0,0.0,0.0,0.0,0.0,0.0,0.0,0.0,0.0,0.0,0.0,0.0,0.0,0.0,0.0,0.0,0.0,0.0,0.0,0.0,0.20616552233695984,0.0,0.0,0.0,0.0,0.0,0.0,0.0,0.0,0.0,0.0,0.0,0.0,0.0,0.0,0.0,0.0,0.0,0.0,0.0,0.0,0.0,0.0,0.0,0.0,0.0,0.0,0.0,0.09074001014232635
0.0,0.0,0.0,0.0,0.0,0.21281562745571136,0.0,0.09232589602470398,0.0,0.0,0.0,0.0,0.0,0.0,0.0,0.0,0.0,0.0,0.0,0.1230154037475586,0.0,0.0,0.0,0.0,0.0,0.17711497843265533,0.0,0.0,0.0,0.0,0.0,0.0,0.0,0.0,0.0,0.0,0.0,0.0,0.0,0.0,0.0,0.0,0.15200604498386383,0.0,0.0,0.0,0.0,0.0,0.0,0.0,0.0,0.0,0.0,0.0,0.0,0.0,0.0,0.0,0.0,0.0,0.49476081132888794,0.0,0.0,0.0,0.0,0.0,0.0,0.0,0.0,0.0,0.0,0.0,0.0,0.0,0.0,0.0,0.0,0.0,0.0,0.0,0.0,0.0,0.0,0.0,0.0,0.0,0.0,0.0,0.0,0.0,0.0,0.0,0.0,0.0,0.0,0.0,0.0,0.0,0.0,0.0
0.0,0.0,0.0,0.0,0.0,0.0,0.0,0.7671228647232056,0.0,0.0,0.0,0.0,0.0,0.0,0.0,0.0,0.0,0.0,0.0,0.0,0.0,0.0,0.0,0.0,0.0,0.0,0.0,0.0,0.0,0.0,0.0,0.0,0.0,0.0,0.0,0.0,0.0,0.0,0.0,0.0,0.0,0.0,0.0,0.0,0.0,0.0,0.0,0.0,0.0,0.0,0.0,0.0,0.0,0.0,0.0,0.0,0.0,0.0,0.0,0.0,0.0,0.0,0.0,0.0,0.0,0.0,0.0,0.0,0.0,0.0,0.0,0.0,0.0,0.0,0.0,0.0,0.0,0.0,0.0,0.0,0.0,0.0,0.0,0.0,0.0,0.0,0.0,0.0,0.0,0.0,0.0,0.0,0.0,0.0,0.0,0.0,0.0,0.0,0.0,0.0
0.0,0.0,0.0,0.0,0.0,0.0,0.0,0.0,0.0,0.0,0.0,0.0,0.0,0.0,0.0,0.0,0.0,0.0,0.0,0.0,0.0,0.0,0.0,0.0,0.0,0.0,0.0,0.0,0.0,0.0,0.0,0.0,0.0,0.0,0.0,0.0,0.0,0.0,0.0,0.0,0.0,0.0,0.0,0.0,0.0,0.0,0.0,0.0,0.0,0.0,0.0,0.0,0.0,0.0,0.0,0.0,0.0,0.0,0.0,0.0,0.0,0.0,0.0,0.0,0.0,0.0,0.0,0.0,0.0,0.0,0.0,0.0,0.0,0.0,0.0,0.0,0.0,0.0,0.0,0.0,0.0,0.0,0.0,0.0,0.0,0.0,0.0,0.0,0.0,0.0,0.0,0.0,0.0,0.0,0.0,0.0,0.0,0.0,0.0,0.0
0.0,0.0,0.0,0.0,0.0,0.0,0.0,-0.11267717182636261,0.0,0.0,0.0,0.0,0.0,0.0,0.0,0.0,0.0,0.0,0.0,0.0,0.0,0.0,0.0,0.0,0.0,0.44691747426986694,0.0,0.0,0.0,0.0,0.0,0.0,0.0,0.0,0.0,0.0,0.0,0.0,0.10624532401561737,0.0,0.0,0.0,0.0,0.0,0.0,0.0,0.0,0.0,0.0,0.0,0.0,0.0,0.0,0.0,0.0,0.0,0.0,0.0,0.0,0.0,0.0,0.0,0.0,0.0,0.0,0.0,0.0,0.0,0.0,0.0,0.0,0.0,0.0,0.0,0.0,0.0,0.0,0.0,0.0,0.0,0.0,0.0,0.0,0.0,0.0,0.0,0.0,0.0,0.7529334425926208,0.0,0.0,0.0,0.0,0.0,0.0,0.0,0.5089391469955444,0.0,0.0,0.0
0.0,0.0,0.0,0.0,0.0,0.0,0.0,0.0,0.0,0.0,0.0,0.0,0.0,0.0,0.0,0.0,0.0,0.0,0.0,0.0,0.0,0.0,0.0,0.0,0.0,0.0,0.0,0.0,0.0,0.0,0.0,0.0,0.0,0.0,0.0,0.0,0.0,0.0,0.0,0.0,0.0,0.0,0.0,0.0,0.0,0.0,0.0,0.0,0.0,0.0,0.0,0.0,0.0,0.0,0.0,0.0,0.0,0.0,0.0,0.0,0.0,0.0,0.0,0.0,0.0,0.0,0.0,0.0,0.0,0.0,0.0,0.0,0.0,0.0,0.0,0.0,0.0,0.0,0.0,0.0,0.0,0.0,0.0,0.0,0.0,0.0,0.0,0.0,0.0,0.0,0.0,0.0,0.0,0.0,0.0,0.0,0.0,0.0,0.0,0.0
0.0,0.0,0.0,0.0,0.0,0.0,0.0,0.0,0.0,0.0,0.0,0.0,0.0,0.0,0.0,0.0,0.0,0.0,0.0,0.0,0.0,0.0,0.0,0.0,0.0,0.0,0.0,0.0,0.0,0.0,0.0,0.0,0.0,0.0,0.0,0.0,0.0,0.0,0.0,0.0,0.12674236297607422,0.35377413034439087,0.10956849157810211,0.0,0.0,0.0,0.0,0.0,0.0,0.0,0.0,0.0,0.0,0.0,0.0,0.0,0.0,0.0,0.0,0.0,0.0,0.0,0.0,0.0,0.0,0.0,0.0,0.0,0.0,0.0,0.0,0.0,0.0,0.0,0.0,0.0,0.0,0.0,0.0,0.0,0.0,0.0,0.0,0.0,0.19381412863731384,0.0,0.0,0.0,0.0,0.0,0.0,0.0,0.0,0.0,0.0,0.0,0.0,0.0,0.0,0.0
0.0,0.0,0.0,0.0,0.0,0.0,0.0,-0.1760978400707245,0.0,0.0,0.0,0.0,0.0,0.0,0.0,0.5624117851257324,0.0,0.0,0.0,0.0,0.0,0.0,0.0,0.0,0.0,-0.25093764066696167,0.0,0.09980285167694092,0.0,0.0,0.0,0.0,0.0,0.0,0.0,0.0,0.0,0.0,-0.10604921728372574,0.0,0.0,0.10446295142173767,0.0,0.48575612902641296,0.0,0.0,0.0,0.0,0.0,0.2679126262664795,0.0,0.0,0.0,0.0,0.0,0.0,0.0,0.0,0.0,0.0,0.0,0.0,0.3499365746974945,0.0,0.0,0.0,-0.09653767198324203,0.2018776834011078,0.0,0.0,0.0,0.0,0.0,0.0,0.0,0.0,0.0,0.0,0.0,0.0,0.0,0.0,0.0,0.0,0.0,0.0,0.0,0.0,-0.0926923155784607,0.1178789883852005,0.0,0.0,0.0,0.0,0.0,0.0,0.0,0.0,0.0,0.0
0.0,0.0,0.09707742184400558,0.0,0.0,-0.3199543356895447,-0.1111619845032692,0.11630294471979141,0.0,-0.3032781779766083,0.0,0.0,0.10733547806739807,0.0,-0.289951354265213,0.0,0.0,0.0,0.0,-0.25540730357170105,0.0,0.0,0.0,-0.23247359693050385,0.0,0.0,0.0,0.0,0.0,0.0,0.8441035151481628,0.0,0.0,0.0,0.0,0.0,0.0,0.0,0.0,0.0,-0.28210145235061646,-0.14701765775680542,-0.10070978105068207,-0.13539037108421326,-0.16677963733673096,-0.11154627054929733,0.0,0.0,0.0,-0.22305990755558014,0.0,0.0,0.14969341456890106,-0.2512519657611847,0.0,0.0,0.0,0.0,0.5984086394309998,0.0,0.0,0.0,0.0,0.0,0.0,0.0,-0.3518214523792267,0.0,0.0,0.0,0.0,-0.45314645767211914,0.14091530442237854,0.1955980658531189,0.0,0.0,0.2027743011713028,0.0,0.0,-0.12168501317501068,0.8515450358390808,0.0,0.0,0.0,-0.14310625195503235,0.0,0.0,0.0,0.0,0.0,0.0,-0.16320599615573883,0.0,0.0,0.0,0.0,-0.5958823561668396,0.0,-0.31795358657836914,-0.1799657940864563
0.0,0.0,0.0,0.0,0.0,0.0,0.0,-0.19568005204200745,0.0,0.09107416868209839,0.0,0.0,0.0,0.0,0.0,0.11964249610900879,0.0,0.0,0.0,0.0,0.0,0.0,0.0,0.115609310567379,0.0,-0.09350891411304474,0.0,0.0,0.0,0.0,0.0,0.0,0.0,0.0,0.0,0.0,0.0,0.0,0.0,0.0,0.0,0.0,0.0,0.10550394654273987,0.0,0.0,0.0,0.0,0.0,0.1091357171535492,0.0,0.0,0.0,0.0,0.0,0.0,0.0,0.0,0.0,0.0,0.3834667205810547,0.0,0.0,0.0,0.0,0.0,0.0,0.0,0.0,0.0,0.0,0.4814383089542389,0.0,0.0,0.0,0.0,0.0,0.19245266914367676,0.0,0.13001292943954468,0.0,0.0,0.0,0.0,0.0,0.0,0.0,0.0,0.0,0.0,0.0,0.0,0.0,0.0,0.0,0.0,0.0,0.0,0.0,0.0
0.0,0.0,0.0,0.0,0.0,0.0,0.0,0.0,0.0,0.0,0.0,0.0,0.0,0.0,0.0,0.0,0.0,0.0,0.0,0.0,0.0,0.0,0.0,0.0,0.0,0.0,0.0,0.0,0.0,0.0,0.0,0.0,0.0,0.0,0.0,0.0,0.0,0.0,0.0,0.0,0.0,0.0,0.0,0.0,0.0,0.0,0.0,0.0,0.0,0.0,0.0,0.0,0.0,0.0,0.0,0.0,0.0,0.0,0.0,0.0,0.0,0.0,0.0,0.0,0.0,0.0,0.0,0.0,0.0,0.0,0.0,0.0,0.0,0.0,0.0,0.0,0.0,0.0,0.0,0.0,0.0,0.0,0.0,0.0,0.0,0.0,0.0,0.0,0.0,0.0,0.0,0.0,0.0,0.0,0.0,0.0,0.0,0.0,0.0,0.0
0.775421142578125,0.0,0.0,0.0,0.0,0.0,0.0,0.2156190574169159,0.0,-0.1867305338382721,0.0,0.16937202215194702,-0.11429497599601746,0.0,0.16520118713378906,0.0,0.0,0.0,0.0,0.12205982208251953,0.0,0.0,0.0,0.0,0.0,0.13255739212036133,0.0,0.0,0.0,0.0,0.0,0.0,-0.14045597612857819,0.0,0.0,0.0,0.0,0.0,0.0,-0.2727840840816498,0.0,0.0,0.0,-0.09030015021562576,0.0,-0.2431926131248474,0.0,0.0,0.17751866579055786,0.0,0.0,0.0,0.0,0.0,0.0,0.0,-0.2768975794315338,0.0,0.0,0.0,0.0,0.0,0.0,0.1099139079451561,0.0,0.2601509690284729,0.0,0.0,0.0,0.0,0.09597597271203995,-0.13056160509586334,-0.13536126911640167,0.0,0.0,0.0,0.0,0.0,0.0,-0.0939873680472374,0.0,0.0,0.0,0.0,0.0,0.0,-0.21700720489025116,0.0,0.0,0.0,0.0,0.0,0.09357265383005142,0.0,0.0,0.0,0.10104130953550339,0.13773353397846222,0.0,0.0
0.0,0.0,0.0,0.0,0.0,0.0,0.09614277631044388,0.0,0.0,0.0,0.0,0.0,0.0,0.0,0.0,0.0,0.0,0.0,0.0,0.0,0.0,0.0,0.0,0.0,0.0,0.20445410907268524,0.0,0.0,0.183913916349411,0.0,0.0,0.0,0.0,0.0,0.0,0.0,0.0,0.0,0.1533433049917221,0.0,0.0,0.0,0.0,0.5076354146003723,0.0,0.0,0.0,0.0,0.0,0.0,0.0,0.0,0.0,0.0,0.0,0.0,0.0,0.0,0.0,0.0,0.0,0.0,0.0,0.0,0.0,0.0,0.0,0.0,0.0,0.0,0.0,0.0,0.0,0.0,0.0,0.0,0.0,0.0,0.0,0.0,0.0,0.0,0.0,0.0,0.0,0.0,0.0,0.0,0.1092800498008728,0.0,0.0,0.0,0.0,0.0,0.0,0.0,0.2253589630126953,0.0,0.0,0.0
0.0,0.0,0.0,0.0,0.0,0.0,0.0,-0.14730799198150635,0.0,0.10577636957168579,0.0,0.0,0.0,0.3259281814098358,0.0,0.0,0.0,0.0,0.0,0.0,0.0,0.0,0.0,0.0,0.0,0.0,0.0,0.0,0.0,0.0,0.0,0.0,0.0,0.0,0.0,0.0,0.0,0.0,0.0,0.0,0.0,0.0,0.0,0.0,0.0,0.7229248285293579,0.0,0.0,0.0,0.0,0.0,0.0,0.0,0.0,0.0,0.0,0.0,0.0,0.0,0.0,0.0,0.0,0.0,0.0,0.0,0.0,0.2090613842010498,0.0,0.0,0.0,0.0,0.0,0.0,0.0,0.0,0.0,0.0,0.0,0.0,0.0,0.0,0.0,0.0,0.0,0.0,0.0,0.0,0.0,0.0,0.0,0.0,0.0,0.0,0.0,0.0,0.0,0.0,0.0,0.0,0.11188363283872604
0.0,0.0,0.0,0.0,0.0,0.0,0.0,0.6914162635803223,0.0,0.0,0.0,0.0,0.0,0.0,0.0,0.0,0.0,0.0,0.0,0.0,0.0,0.0,0.0,0.0,0.0,0.0,0.0,0.0,0.0,0.0,0.0,0.0,0.0,0.0,0.0,0.0,0.0,0.0,0.0,0.0,0.0,0.0,0.0,0.0,0.0,0.0,0.0,0.0,0.0,0.7189043760299683,0.0,0.0,0.0,0.0,0.0,0.0,0.0,0.0,0.0,0.0,0.0,0.0,0.0,0.0,0.0,0.0,0.0,0.0,0.0,0.0,0.0,0.0,0.0,0.0,0.0,0.0,0.0,0.0,0.0,0.0,0.0,0.0,0.0,0.0,0.0,0.0,0.0,0.0,0.7618159651756287,0.0,0.0,0.0,0.0,0.0,0.0,0.0,0.0,0.0,0.0,0.0
0.0,0.0,0.0,0.0,0.0,0.0,0.0,0.0,0.0,0.0,0.0,0.0,0.0,0.0,0.0,0.0,0.0,0.0,0.0,0.0,0.0,0.0,0.0,0.0,0.0,0.0,0.0,0.0,0.0,0.0,0.0,0.0,0.0,0.0,0.0,0.0,0.0,0.0,0.13591979444026947,0.0,0.0,0.0,0.0,0.0,0.6914635896682739,0.0,0.0,0.0,0.0,0.12965147197246552,0.0,0.0,0.0,0.545049250125885,0.0,0.0,0.0,0.0,0.0,0.0,0.0,0.0,0.0,0.0,0.0,0.0,0.0,0.0,0.0,0.0,0.0,0.0,0.0,0.0,0.0,0.0,0.0,0.0,0.0,0.0,0.0,0.0,0.0,0.0,0.0,0.0,0.0,0.0,0.09413900226354599,0.0,0.0,0.0,0.0,0.0,0.0,0.0,0.0,0.0,0.0,0.0
0.0,0.0,0.0,0.0,0.0,0.0,0.0,0.0,0.0,0.0,0.0,0.0,0.0,0.0,0.23750045895576477,0.0,0.0,0.0,0.0,0.0,0.0,0.0,0.0,0.0,0.0,0.0,0.0,0.0,0.0,0.0,0.0,0.0,0.15425369143486023,0.0,0.0,0.0,0.0,0.0,0.1443990170955658,0.0,0.0,0.0,0.14807823300361633,0.0,0.0,0.0,0.0,0.0,0.0,0.12414361536502838,0.0,0.0,0.0,0.5348426103591919,0.0,0.0,0.0,0.0,0.0,0.0,0.0,0.0,0.0,0.0,0.0,0.0,0.0,0.0,0.0,0.0,0.0,0.0,0.0,0.0,0.0,0.0,0.0,0.0,0.0,0.0,0.0,0.0,0.0,0.0,0.0,0.0,0.0,0.0,0.0,0.0,0.0,0.11756730824708939,0.0,0.0,0.0,0.0,0.0,0.0,0.0,0.0
0.0,0.0,0.0,0.0,0.0,0.0,0.0,0.0,0.0,0.0,0.0,0.0,0.0,0.0,0.0,0.0,0.0,0.0,0.0,0.0,0.0,0.0,0.0,0.6379170417785645,0.0,0.0,0.0,0.0,0.0,0.0,0.0,0.0,0.0,0.0,0.0,0.0,0.0,0.0,0.0,0.0,0.0,0.0,0.0,0.1668269783258438,0.0,0.0,0.0,0.0,0.0,0.0,0.0,0.0,0.0,0.0,0.0,0.0,0.0,0.0,0.0,0.0,0.0,0.0,0.0,0.0,0.0,0.0,0.10221439599990845,0.0,0.0,0.0,0.0,0.0,0.0,0.0,0.0,0.0,0.0,0.0,0.0,0.0,0.0,0.0,0.0,0.0,0.0,0.0,0.0,0.0,0.0,0.0,0.0,0.0,0.0,0.0,0.0,0.0,0.0,0.0,0.0,0.0
0.0,0.0,0.0,0.0,0.0,0.0,0.0,0.0,0.0,0.0,0.0,0.0,0.0,0.0,0.0,0.0,0.0,0.0,0.0,0.0,0.0,0.0,0.0,0.0,0.0,0.0,0.0,0.0,0.0,0.0,0.0,0.0,0.16099172830581665,0.0,0.0,0.0,0.0,0.0,0.0,0.0,0.12581999599933624,0.0,0.10404329746961594,0.0,0.0,0.0,0.0,0.0,0.0,0.0,0.0,0.0,0.0,0.0,0.0,0.0,0.0,0.0,0.0,0.0,0.0,0.0,0.0,0.0,0.0,0.0,0.0,0.0,0.0,0.0,0.0,0.0,0.0,0.0,0.0,0.0,0.0,0.0,0.0,0.0,0.0,0.0,0.0,0.0,0.0,0.0,0.0,0.0,0.0,0.0,0.0,0.0,0.0,0.0,0.0,0.0,0.0,0.0,0.16605812311172485,0.6099475026130676
0.0,0.17922022938728333,0.0,0.0,0.0,0.0,0.0,-0.17100365459918976,0.0,0.15441854298114777,0.0,0.0,0.0,0.0,0.0,0.0,0.18339939415454865,0.0,0.0,0.0,0.0,0.0,0.0,0.0,0.0,-0.09635435044765472,0.0,0.0,0.0,0.0,0.0,0.0,0.0,0.0,0.0,0.0,0.0,0.17269916832447052,0.0,0.0,0.0,0.0,0.0,0.0,0.0,0.1405511200428009,0.0,0.0,0.0,0.0,0.0,0.0,0.0,0.0,0.0,0.0,0.0,0.0,0.0,0.0,0.0,0.0,0.0,0.0,0.0,0.0,0.0,0.0,0.0,0.0,0.0,0.0,0.0,0.6037201285362244,0.0,0.0,0.0,0.0,0.0,0.0,0.0,0.0,0.0,0.0,0.0,0.0,0.0,0.0,0.0,0.0,0.0,0.0,0.0,0.0,0.0,0.0,0.4826836884021759,0.0,0.0,0.0
0.0,0.11322976648807526,0.0,0.0,0.0,0.299763947725296,0.1094677597284317,-0.5331998467445374,0.0,0.47348934412002563,0.0,0.0,0.0,0.0,-0.2339642345905304,0.0,0.1994931697845459,0.0,0.0,-0.1831829845905304,0.0,0.0,0.0,0.0,0.0,-0.14967429637908936,0.0,0.0,0.7667726278305054,0.0,0.0,0.0,0.0,0.0,0.0,0.0,0.0,0.0,-0.12631909549236298,0.0,0.0,0.0,0.0,0.0,-0.12854638695716858,0.0,0.0,0.0,0.0,-0.26117825508117676,0.0,0.0,0.0,0.0,0.0,0.0,0.0,0.0,0.0,0.0,-0.1641101986169815,0.14749549329280853,0.0,0.6185580492019653,0.0,0.0,0.0,0.0,0.0,0.0,0.0,0.0,0.0,0.0,0.0,0.0,0.0,0.0,0.0,0.0,0.0,0.0,0.0,0.0,0.10254140198230743,0.0,0.11134911328554153,0.0,-0.15045803785324097,0.0,0.0,0.0,0.0,0.0,0.0,0.0,-0.09824125468730927,0.831638753414154,0.10595989972352982,-0.11816100776195526
0.0,0.0,0.0,0.0,0.0,0.0,0.0,0.13227815926074982,0.0,0.0,0.0,0.0,0.0,0.0,0.0,0.0,0.0,0.0,0.0,0.0,0.0,0.0,0.0,0.0,0.0,0.0,0.0,0.0,0.0,0.0,0.0,0.0,0.0,0.0,0.0,0.0,0.0,0.0,0.0,0.0,0.0,0.0,0.0,0.0,0.0,0.0,0.0,0.0,0.0,0.0,0.0,0.0,0.0,0.0,0.0,0.0,0.0,0.0,0.0,0.0,0.0,0.0,0.0,0.0,0.0,0.0,0.0,0.0,0.0,0.0,0.0,0.0,0.0,0.0,0.0,0.0,0.0,0.0,0.0,0.0,0.0,0.0,0.0,0.0,0.0,0.0,0.0,0.0,0.0,0.0,0.0,0.0,0.0,0.0,0.0,0.0,0.0,0.0,0.0,0.0
0.0,0.20502957701683044,0.0,0.0,0.0,0.0,0.0,-0.35787034034729004,0.0,0.0,0.0,0.0,0.0,0.0,0.0,0.0,0.0,0.0,0.0,0.0,0.6328535676002502,0.0,0.0,0.0,0.0,0.0,0.0,0.14317059516906738,0.0,0.16640426218509674,0.0,0.0,0.0,0.0,0.0,0.0,0.0,0.0,0.0,0.0,0.0,0.0,0.0,0.0,0.0,0.0,0.0,0.0,0.0,-0.12791559100151062,0.0,0.0,0.0,0.14845530688762665,0.0,0.0,0.0,0.0,0.0,0.0,0.0,0.0,0.0,0.0,0.0,0.0,0.0,0.0,0.0,0.0,0.0,0.0,0.0,0.0,0.0,0.0,0.0,0.0,0.0,0.0,0.0,0.0,0.0,0.0,0.0,0.0,0.0,0.0,-0.11048373579978943,0.0,0.0,0.0,0.0,0.0,0.0,0.14355814456939697,0.0,0.0,0.0,0.10346873104572296
0.0,0.0,0.0,0.0,0.0,0.0,0.0,-0.29109492897987366,0.0,0.0,0.0,0.0,0.0,0.0,0.0,0.0,0.0,0.0,0.0,-0.1819138079881668,0.0,0.0,0.0,0.0,0.0,0.0,0.0,0.12032096087932587,0.0,0.09354578703641891,0.0,0.0,0.0,0.0,0.0,0.0,0.0,0.0,0.0,0.0,0.0,0.11503858864307404,0.0,0.0,-0.09789839386940002,0.0,0.0,0.0,0.0,0.0,0.0,0.0,0.0,0.13098172843456268,0.0,0.0,0.0,0.0,0.0,0.0,0.0,0.0,0.0,0.0,0.0,0.0,0.34449338912963867,0.4107629060745239,0.0,0.0,0.0,0.0,0.0,0.11969982832670212,0.0,0.0,0.0,0.0,0.0,0.0,0.0,0.0,0.0,0.0,0.0,0.0,0.0,0.0,-0.10310382395982742,0.0,0.0,0.10501120239496231,0.0,0.0,0.0,0.0,0.0,0.0,0.0,0.11512520909309387
0.0,0.0,0.0,0.0,0.0,0.0,0.0,0.0,0.0,0.0,0.0,0.0,0.8009793162345886,0.0,0.0,0.0,0.6709944605827332,0.0,0.0,0.0,0.0,0.0,0.0,0.0,0.0,0.0,0.0,0.0,0.0,0.0,0.0,0.0,-0.19040417671203613,0.0,0.10727764666080475,0.0,0.0,0.0,0.0,0.0,0.0,0.0,0.0,0.0,0.0,0.0,0.0,0.0,0.0,-0.14916163682937622,0.0,0.0,0.0,0.0,0.0,0.0,0.0,0.19931641221046448,0.0,0.0,0.0,0.0,0.0,0.0,0.0,0.0,0.0,0.0,0.0,0.0,0.0,0.0,0.0,0.0,0.0,0.0,0.0,0.0,0.0,0.0,0.0,0.0,0.0,0.0,0.0,0.0,0.3314134478569031,0.0,-0.12459723651409149,0.0,0.0,0.0,0.0,0.0,0.0,0.0,0.0,0.0,0.0,0.0
0.0,0.0,0.0,0.0,0.0,0.0,0.0,0.0,0.0,0.0,0.0,0.0,0.0,0.0,0.0,0.0,0.0,0.0,0.0,0.0,0.0,0.0,0.0,0.12449529021978378,0.0,0.0,0.0,0.0,0.0,0.0,0.0,0.0,0.0,0.0,0.0,0.0,0.0,0.0,0.0,0.0,0.0,0.0,0.0,0.1075008362531662,0.0,0.0,0.0,0.0,0.0,0.0,0.0,0.0,0.0,0.0,0.0,0.0,0.35545021295547485,0.0,0.0,0.0,0.0,0.0,0.0,0.0,0.0,0.0,0.15475696325302124,0.0,0.0,0.0,0.0,0.0,0.0,0.0,0.0,0.0,0.0,0.0,0.0,0.0,0.0,0.0,0.0,0.0,0.0,0.0,0.0,0.0,0.0,0.0,0.0,0.0,0.0,0.0,0.0,0.0,0.0,0.0,0.0,0.0
0.0,0.0,0.0,0.6836976408958435,0.56263667345047,0.0,0.0,0.2688000500202179,0.0,0.0,0.0,0.0,-0.8929243683815002,0.0,-0.1952810287475586,-0.17091816663742065,0.11416361480951309,0.0,0.0,0.0,-0.11188384890556335,0.0,0.18317811191082,-0.4173666834831238,0.0,0.18248619139194489,0.0,0.0,0.0,0.0,0.0,0.0,0.0,0.0,-0.1977093666791916,0.0,0.0,0.0,-0.16079692542552948,0.16798745095729828,0.0,-0.16270025074481964,0.0,-0.2757244408130646,0.12245748937129974,0.0,0.0,0.0,0.25279703736305237,0.0,0.0,0.0,0.0,0.0,-0.09112683683633804,0.0,0.45178261399269104,-0.11954449117183685,0.0,0.0,-0.15479563176631927,0.0,0.0,0.5991302728652954,0.0,0.0,-0.1564870923757553,0.0,0.0,0.0,0.0,-0.09242980182170868,-0.09435978531837463,0.0,0.0,0.0,0.0,0.1422899067401886,0.0,-0.09940195083618164,0.0,0.0,0.0,0.0,0.0,0.0,-0.09301146864891052,0.0,-0.23501156270503998,0.0,0.0,0.0,0.12485258281230927,0.0,0.0,-0.10586267709732056,-0.19166328012943268,-0.24581025540828705,-0.18654431402683258,-0.1759490966796875
0.0,0.0,0.0,0.0,0.0,0.0,0.0,0.0,0.0,0.0,0.0,0.0,0.0,0.0,0.0,0.0,0.0,0.0,0.0,0.0,0.0,0.0,0.0,0.0,0.0,0.0,0.0,0.0,0.0,0.0,0.0,0.0,0.0,0.0,0.0,0.0,0.0,0.0,0.0,0.0,0.0,0.0,0.0,0.0,0.0,0.0,0.0,0.0,0.0,0.0,0.0,0.0,0.0,0.0,0.0,0.0,0.0,0.0,0.0,0.0,0.0,0.0,0.0,0.0,0.0,0.0,0.0,0.0,0.0,0.0,0.0,0.0,0.0,0.0,0.0,0.0,0.0,0.0,0.0,0.0,0.0,0.0,0.0,0.0,0.0,0.0,0.0,0.0,0.0,0.0,0.0,0.0,0.0,0.0,0.0,0.0,0.0,0.0,0.0,0.0
0.0,0.17584052681922913,0.0,0.0,0.0,0.0,0.0,-0.1670427769422531,0.0,0.15336968004703522,0.0,0.0,0.0,0.0,0.0,0.0,0.0,0.0,0.0,0.20602482557296753,0.11503235250711441,0.0,0.0,-0.10897430777549744,0.0,0.0,0.10796940326690674,0.0,0.0,0.0,0.0,0.0,0.0,0.0,0.0,0.0,0.0,0.17506778240203857,0.0,0.0,0.0,0.0,0.0,0.0,0.0,0.0,0.0,0.0,0.0,-0.13822481036186218,0.0,0.0,0.0,0.0,0.0,0.0,0.0,0.0,0.0,0.0,0.0,0.0,0.0,0.0,0.0,0.0,-0.09575379639863968,0.0,0.0,0.0,0.0,0.0,0.0,0.5893722176551819,0.0,0.0,0.0,0.0,0.0,0.0,0.0,0.0,0.0,0.0,0.0,0.0,0.0,0.0,0.0,0.0,0.0,0.0,0.0,0.0,0.0,0.12971781194210052,0.0,0.0,0.0,0.0
0.0,0.13680247962474823,0.0,0.0,0.0,-0.38121187686920166,-0.13350215554237366,-0.28239497542381287,0.0,0.0,0.0,0.0,0.0,0.0,-0.28144749999046326,0.0,0.0,0.0,0.0,-0.22558410465717316,0.0,0.0,0.0,0.0,0.22715546190738678,-0.25247272849082947,0.0,0.0,0.0,0.09362267702817917,0.0,0.0,0.0,0.0,0.0,0.0,0.0,0.12419448792934418,-0.205088809132576,0.0,-0.1352115124464035,0.0,-0.12624183297157288,-0.31803080439567566,-0.2058841437101364,0.09362602978944778,0.0,0.0,0.0,-0.21939964592456818,0.0,0.0,0.0,-0.20493215322494507,0.09635167568922043,0.0,0.0,0.1299160122871399,0.0,0.0,-0.31916818022727966,0.0,0.0,0.0,0.0,0.0,0.0,0.0,0.0,0.0,0.0,-0.12882359325885773,0.0,0.0,0.0,0.0,0.0,0.3665120601654053,0.0,0.0,0.0,0.0,0.0,0.0,0.0,0.0,0.591973602771759,0.0,-0.3408909738063812,0.5852910876274109,0.0,-0.17136065661907196,0.0,0.32707905769348145,0.0,0.0,-0.10882635414600372,0.0,0.0,-0.15355220437049866
0.5695546269416809,-0.4737321734428406,0.0,0.3891320824623108,0.0,0.22537016868591309,0.0,0.7311156392097473,0.0,-0.47669368982315063,0.0,0.0,-0.5649945139884949,0.0,0.407680481672287,-0.20679502189159393,-0.13079968094825745,0.0,0.0,0.43763020634651184,-0.302577942609787,0.0,-0.2229156643152237,0.33311572670936584,-0.3218940496444702,0.5765985250473022,0.1417001187801361,-0.16358080506324768,0.0,0.0,0.0,0.0,0.10256980359554291,0.0,0.0,-0.1845846176147461,0.09425776451826096,-0.30447736382484436,0.24636210501194,-0.2638067901134491,0.21502065658569336,0.0,0.26572927832603455,0.0,0.3488146662712097,-0.40612345933914185,0.0,0.0,0.0,0.5427897572517395,0.0,0.0,0.0,0.0,-0.15683694183826447,0.0,-0.33728107810020447,-0.25593164563179016,0.0,0.0,0.1734514981508255,0.0,0.0,0.0,0.12326691299676895,0.0,0.2097426801919937,0.0,0.13178396224975586,0.0,0.0,0.0,-0.28244081139564514,0.0,0.0,0.7082511186599731,0.0,-0.2519910931587219,0.0,-0.38672181963920593,-0.10244853794574738,0.0,0.16658908128738403,0.09145139902830124,-0.181029811501503,0.0,-0.45470762252807617,0.0,0.22056487202644348,0.09221218526363373,0.0,0.20189158618450165,0.6651932597160339,-0.20141613483428955,0.0,-0.3601555824279785,0.35138559341430664,0.0,-0.14584431052207947,-0.10069555044174194
0.0,0.0,0.0,0.0,0.0,0.0,0.0,0.0,0.0,0.0,0.0,0.0,0.0,0.0,0.0,0.0,0.0,0.0,0.0,0.0,0.0,0.0,0.0,0.2674153745174408,0.0,0.0,0.0,0.0,0.8672943711280823,0.0,0.0,0.0,0.0,0.0,0.0,0.0,0.0,0.0,0.0,0.0,0.0944962427020073,0.0,0.0,0.0,0.0,0.0,0.0,0.0,0.0,0.0,0.0,0.0,0.0,0.0,0.0,0.0,0.0,0.0,0.0,0.0,0.0,0.0,0.0,0.0,0.0,0.0,0.17880122363567352,0.0,0.0,0.0,0.0,0.0,0.0,0.0,0.0,0.0,0.0,0.0,0.0,0.0,0.0,0.0,0.0,0.0,0.0,0.0,0.0,0.0,0.0,0.0,0.0,0.0,0.0,0.0,0.0,0.0,0.0,0.0,0.12512648105621338,0.0
0.0,0.0,0.0,0.0,0.0,0.0,0.0,0.0,0.0,0.0,0.0,0.0,0.0,0.0,0.0,0.0,0.0,0.0,0.0,0.0,0.0,0.0,0.0,0.0,0.0,0.7980884313583374,0.0,0.0,0.0,0.0,0.0,0.0,0.0,0.0,0.0,0.0,0.0,0.0,0.0,0.0,0.0,0.0,0.0,0.0,0.0,0.0,0.0,0.0,0.0,0.0,0.0,0.0,0.0,0.0,0.0,0.0,0.0,0.0,0.0,0.0,0.0,0.0,0.0,0.0,0.0,0.0,0.0,0.0,0.0,0.0,0.0,0.0,0.0,0.0,0.0,0.0,0.0,0.0,0.0,0.7161068320274353,0.0,0.0,0.0,0.0,0.0,0.0,0.0,0.0,0.0,0.0,0.0,0.0,0.0,0.0,0.0,0.0,0.0,0.0,0.0,0.0
0.0,0.0,0.0,0.0,0.0,0.39723673462867737,0.1328810751438141,-0.35111454129219055,0.0,0.1106906309723854,0.0,0.0,0.0,0.0,0.4483082890510559,0.0,0.0,0.8434211015701294,0.0,0.20794543623924255,0.0,0.0,0.0,0.0,0.0,0.0,0.0,0.0,0.0,0.0,0.0,0.0,0.0,0.0,0.0,0.0,0.0,0.0,0.13280387222766876,0.0,0.0,0.096694216132164,0.0,0.2899836301803589,0.0,0.0,0.0,0.0,0.0,0.0,0.0,0.0,0.0,0.0,0.0,0.0,0.0,0.0,0.0,0.0,0.16018211841583252,0.0,0.0,0.0,0.0,0.0,0.0,0.0,0.0,0.0,0.0,0.0,0.0,0.0,0.0,0.0,0.0,0.0,0.0,0.0,0.0,0.0,0.0,0.0,0.0,0.0,0.0,0.0,0.0,0.0,0.0,0.1818518340587616,0.0,0.0,0.0,0.0,0.10568040609359741,0.0,0.0993180125951767,0.0
0.0,0.6526899337768555,0.0,0.0,0.0,0.0,0.0,-0.5827818512916565,0.0,0.7115755081176758,0.0,0.0,0.0,0.0,0.16890586912631989,0.0,0.0,0.0,0.0,0.0,0.0,0.0,0.0,-0.24285806715488434,0.0,-0.3414386212825775,0.0,0.0,0.0,0.0,0.0,0.0,0.0,0.0,0.0,0.0,0.0,0.6752077341079712,0.0,0.0,0.0,-0.13856005668640137,0.0,0.0,-0.12933720648288727,0.7566663026809692,0.0,0.0,0.0,0.0,0.0,0.0,0.0,0.09192881733179092,0.0,0.0,0.14158548414707184,0.0,0.0,0.0,0.0,0.0,0.0,0.0,0.0,0.0,-0.2065049558877945,0.0,0.0,0.0,0.0,0.16975723206996918,0.0,0.0,0.0,0.0,0.0,0.0,0.0,0.0,0.0,0.0,0.0,0.0,0.0,0.0,0.0,0.0,0.1940784454345703,0.0,0.0,-0.2505072057247162,0.0,0.0,0.0,0.0,-0.1283959150314331,0.0,0.0,0.0
0.0,0.0,0.0,0.0,0.6959003210067749,0.0,0.3517553508281708,-0.14485347270965576,0.0,0.0,0.0,0.0,0.1243746280670166,0.0,0.0,0.0,0.0,0.0,0.0,0.0,0.0,0.0,0.0,-0.23195157945156097,0.0,-0.42499682307243347,0.0,0.0,0.0,0.47416654229164124,0.0,0.0,-0.15136981010437012,0.0,0.0,0.0,0.0,0.5963704586029053,0.0,0.0,0.0,0.0,0.0,0.0,-0.2910153865814209,0.0,0.0,0.0,0.0,0.0,0.0,0.0,0.0,0.0,0.0,0.0,0.0,0.0,0.0,0.0,0.0,0.0,0.0,0.0,0.0,0.0,-0.23533739149570465,0.0,0.0,0.0,0.0,0.22987033426761627,0.0,0.0,0.0,0.0,0.0,0.0,0.0,0.0,0.0,0.0,0.0,0.0,0.0,0.0,0.0,0.0,0.0,0.0,0.0,-0.23602543771266937,0.0,0.0,0.0,0.0,-0.09129538387060165,0.14654552936553955,0.0,0.09869439899921417
0.0,0.0,0.0,0.0,0.0,-0.16466307640075684,0.0,0.0,0.0,-0.3218478560447693,0.0,0.0,0.14067554473876953,0.0,0.0,0.09288908541202545,0.0,0.0,0.0,-0.17881661653518677,0.1696881353855133,0.0,0.186000257730484,-0.3129369914531708,0.0,0.0,0.0,0.0,0.0,0.0,0.0,0.0,-0.1879674345254898,0.0,0.0,0.0,0.0,0.11012224107980728,-0.10028163343667984,0.0,-0.15018804371356964,-0.12727373838424683,-0.1752959042787552,-0.2786222994327545,-0.1967870444059372,-0.2810867726802826,0.0,0.0,0.0,-0.32613784074783325,0.0,0.0,0.4749031364917755,-0.12711112201213837,0.0,0.0,0.15020321309566498,0.0,0.0,0.0,-0.09555559605360031,0.0,0.0,0.0,0.0,0.0,-0.23153959214687347,0.0,0.0,0.0,0.0,-0.2511610984802246,0.11189642548561096,0.0,0.0,0.0,0.0,0.0,0.0,0.0,0.0,0.0,0.0,0.35576578974723816,0.0,0.0,0.10497583448886871,0.0,0.0,0.0,0.0,-0.2919393479824066,0.0,0.7884253263473511,0.0,0.0,-0.15417109429836273,0.0,0.0,-0.20063365995883942
0.0,0.0,0.5407280325889587,0.0,0.0,0.0,0.0,-0.1691933423280716,0.0,0.0,0.0,0.0,0.0,0.0,0.0,0.0,0.19444233179092407,0.0,0.0,0.0,0.0,0.0,0.0,0.0,0.0,-0.09453751146793365,0.0,0.47722044587135315,0.0,0.0,0.0,0.0,0.0,0.0,0.0,0.0,0.0,0.12625004351139069,0.0,0.0,0.0,0.0,0.0,0.0,0.0,0.0,0.0,0.0,0.0,-0.3222854733467102,0.0,0.0,0.0,0.16753996908664703,0.7044858336448669,0.0,0.0,0.19787277281284332,0.0,0.0,0.0,0.0,0.0,0.0,0.0,0.0,0.0,0.0,0.0,0.0,0.0,0.0,0.0,0.0,0.0,0.0,0.0,0.0,0.0,0.0,0.0,0.0,0.0,0.0,0.0,0.0,0.0,0.0,-0.4389360249042511,0.0,0.0,0.0,0.0,0.0,0.0,0.0,0.0,0.0,0.0,0.0
0.0,0.0,0.0,0.0,0.0,0.13161112368106842,0.0,-0.11243859678506851,0.0,0.0,0.0,0.0,0.0,0.0,0.15706418454647064,0.40271681547164917,0.0,0.0,0.0,0.0,0.0,0.0,0.0,0.0,0.0,0.0,0.0,0.0,0.0,0.0,0.0,0.0,0.0,0.0,0.0,0.0,0.0,0.0,0.0,0.0,0.0,0.0,0.0,0.10171951353549957,0.0,0.0,0.0,0.0,0.0,0.46224525570869446,0.0,0.0,0.0,0.0,0.0,0.0,0.0,0.0,0.0,0.0,0.2525806427001953,0.0,0.0,0.0,0.0,0.0,0.0,0.0,0.0,0.0,0.0,0.0,0.6002514362335205,0.0,0.0,0.0,0.0,0.0,0.0,0.0,0.0,0.0,0.0,0.0,0.0,0.0,0.0,0.0,0.0,0.0,0.0,0.0,0.0,0.0,0.0,0.0,0.0,0.0,0.0,0.0
0.0,0.0,0.10622379183769226,0.0,0.0,-0.10206939280033112,0.0,-0.19810572266578674,0.0,-0.21810698509216309,0.0,0.0,0.0,0.12041760981082916,-0.09380217641592026,0.0,0.0,0.0,0.0,-0.21650919318199158,0.0,0.0,0.0,0.0,0.0,0.3987071216106415,0.0,0.0,0.0,0.0,0.0,0.0,0.0,0.0,0.0,0.11649034172296524,0.0,0.0,0.0,0.0,0.0,0.0,-0.13693135976791382,0.0,-0.11768339574337006,-0.12129990756511688,0.0,0.3148083984851837,0.0,0.0,0.0,0.0,0.0,0.0,-0.1062006950378418,0.0,0.0,0.0,0.13730616867542267,0.0,0.0,0.0,0.0,0.0,0.0,0.0,-0.10179518908262253,0.0,0.0,0.0,0.0,0.0,0.14050249755382538,0.0,0.0,0.0,0.23205889761447906,0.0,0.0,0.0,0.0,0.0,0.0,0.0,0.0,0.0,0.0,0.0,-0.26882532238960266,0.1451590210199356,0.0,-0.14918331801891327,0.0,0.09555934369564056,0.0,0.0,-0.2579050362110138,0.0,0.0,-0.2014932483434677
0.0,0.0,0.0,0.0,0.0,0.0,0.0,0.0,0.0,0.0,0.0,0.0,0.0,0.0,0.0,0.0,0.0,0.0,0.0,0.0,0.0,0.0,0.0,0.31917646527290344,0.0,0.0,0.0,0.0,0.0,0.0,0.0,0.0,0.0,0.0,0.0,0.0,0.0,0.0,0.0,0.0,0.0,0.0,0.0,0.0,0.0,0.0,0.0,0.0,0.0,0.0,0.0,0.0,0.0,0.0,0.0,0.0,0.0,0.0,0.0,0.0,0.0,0.0,0.0,0.0,0.0,0.0,0.20789174735546112,0.0,0.0,0.0,0.0,0.0,0.0,0.0,0.0,0.0,0.0,0.0,0.0,0.0,0.0,0.0,0.0,0.0,0.0,0.0,0.0,0.0,0.0,0.0,0.0,0.0,0.0,0.0,0.0,0.0,0.0,0.0,0.0,0.0
0.0,0.0,0.0,0.0,0.0,0.10487838089466095,0.0,0.0,0.0,0.0,0.0,0.0,0.0,0.0,0.0,0.0,0.0,0.0,0.0,0.0,0.0,0.0,0.0,0.13041570782661438,0.0,0.0,0.0,0.0,0.0,0.0,0.0,0.0,0.0,0.0,0.0,0.0,0.0,0.0,0.0,0.0,0.14374375343322754,0.0,0.7334386706352234,0.0,0.0,0.0,0.0,0.0,0.0,0.0,0.0,0.0,0.0,0.0,0.0,0.0,0.0,0.0,0.0,0.0,0.0,0.0,0.0,0.0,0.0,0.0,0.0,0.0,0.0,0.0,0.0,0.4295780062675476,0.0,0.0,0.0,0.0,0.0,0.0,0.0,0.11726024746894836,0.0,0.0,0.0,0.0,0.0,0.0,0.0,0.0,0.0,0.0,0.0,0.0,0.0,0.0,0.0,0.0,0.7934936285018921,0.0,0.3020213842391968,0.0
0.0,0.0,0.0,0.0,0.0,-0.2095034271478653,0.0,0.0,0.0,-0.21356068551540375,0.7216275334358215,0.0,-0.15624751150608063,0.1246027946472168,-0.27647891640663147,-0.32069331407546997,-0.2342844158411026,0.0,0.0,-0.29785144329071045,0.2989337742328644,0.0,0.20030780136585236,-0.3311731815338135,0.0,0.0,-0.16818547248840332,0.0,0.09783881902694702,0.0,0.0,0.42131686210632324,0.0,0.0,0.0,0.0,0.0,-0.1435636729001999,-0.13088178634643555,0.0,-0.17739607393741608,0.0,-0.14743636548519135,-0.2507294714450836,-0.21529635787010193,-0.26745933294296265,0.0,0.0,0.0,-0.6495206952095032,0.0,0.0,0.0,0.0,0.0,0.0,0.0,-0.13106802105903625,0.19717009365558624,0.0,-0.11624418944120407,0.0,0.0,0.35802456736564636,0.0,0.0,-0.24451756477355957,0.0,0.0,0.0,0.8012199401855469,0.0,-0.31979459524154663,0.0,0.0,0.0,0.1605190634727478,0.1512918770313263,0.0,0.0,0.0,0.0,0.0,0.0,0.0,0.0,0.0,0.0,-0.17015355825424194,0.0,0.0,0.0,0.0,0.0,0.0,0.0,-0.21849022805690765,0.09135405719280243,-0.3247440457344055,-0.15217117965221405
0.0,0.0,0.0,0.0,0.0,0.0,0.39578548073768616,0.3323917090892792,0.0,-0.3094189763069153,0.0,0.0,0.0,0.0,0.0,-0.20455126464366913,-0.2328287810087204,0.1496099829673767,0.0,0.0,0.0,0.0,0.0,-0.09424086660146713,0.0,0.13648773729801178,-0.1836065649986267,-0.30292418599128723,0.0,0.0,0.0,0.0,-0.17160961031913757,0.0,0.0,0.0,0.30602940917015076,-0.16339658200740814,0.0,0.0,0.0,-0.11807761341333389,0.0,-0.18958784639835358,0.14636102318763733,-0.3483486473560333,0.2043672651052475,0.0,0.09324335306882858,0.0,0.1261986792087555,0.0,0.0,-0.15655013918876648,-0.34244847297668457,0.0,-0.15404625236988068,-0.16398465633392334,0.0,0.0,0.0,0.0,0.15826302766799927,0.0,0.1462782919406891,0.09290165454149246,-0.1317867785692215,0.09193166345357895,0.0,0.0,0.0,-0.16412723064422607,-0.09038275480270386,0.0,0.0,0.0,0.8526255488395691,0.0,0.0,0.0,0.0,0.0,0.0,0.0,0.0,0.0,0.0,0.0,0.0,0.0,0.0,0.0,0.0,0.0937446877360344,0.0,0.0,0.0,0.0,-0.21898743510246277,-0.18983125686645508
0.0,0.0,0.0,0.0,0.0,0.0,0.0,-0.4334225654602051,0.0,0.0,0.0,0.0,0.21859723329544067,0.44993191957473755,-0.2624765634536743,0.10865028947591782,0.0,0.0,0.0,-0.28863072395324707,0.26572486758232117,0.0,0.4422557055950165,-0.534109354019165,0.0,-0.40846866369247437,-0.2711395025253296,0.0,0.0,0.0,0.0,0.0,-0.19429217278957367,0.0,-0.09899440407752991,0.0,0.0,0.7247334718704224,0.0,0.0,0.0,-0.2061680555343628,-0.16221268475055695,-0.1352282613515854,-0.42528724670410156,0.0,0.0,0.0,0.0,-0.15264034271240234,0.0,0.0,0.0,0.0,0.0,0.0,0.0,0.0,0.0,0.0,0.0,0.0,0.0,0.0,0.0,0.0,-0.3406824469566345,0.0,0.0,0.0,0.0,0.0,0.21014976501464844,0.0,0.0,0.0,0.0,0.0,0.0,0.0,0.0,0.0,0.0,0.0,0.0,0.0,0.2252403199672699,0.0,0.0,0.0,0.0,-0.3215177357196808,0.0,0.0,0.0,0.5132939219474792,-0.13732169568538666,0.22463947534561157,0.0,-0.10438209027051926
0.0,0.0,0.0,0.0,0.0,0.0,0.0,0.0,0.0,0.0,0.0,0.0,0.0,0.0,0.0,0.0,0.0,0.0,0.0,0.4474577009677887,0.0,0.0,0.0,0.0,0.0,0.0,0.0,0.0,0.0,0.0,0.0,0.0,0.0,0.0,0.0,0.0,0.0,0.0,0.0,0.0,0.0,0.0,0.0,0.0,0.0,0.0,0.0,0.0,0.0,0.0,0.0,0.0,0.0,0.0,0.0,0.0,0.0,0.0,0.0,0.0,0.0,0.0,0.0,0.0,0.0,0.0,0.0,0.0,0.0,0.0,0.0,0.0,0.0,0.0,0.0,0.0,0.0,0.0,0.0,0.0,0.0,0.0,0.0,0.0,0.0,0.0,0.0,0.0,0.0,0.0,0.0,0.0,0.0,0.0,0.0,0.0,0.0,0.0,0.0,0.0
0.0,-0.3862808644771576,0.0,0.0,0.0,-0.292075514793396,0.0,0.6800466775894165,0.0,-0.3092864155769348,0.0,0.0,-0.18029733002185822,0.0,0.0,-0.22652657330036163,0.16523000597953796,0.0,0.0,0.13433179259300232,0.0,0.0,0.0,0.0,0.0,0.2672930061817169,-0.12670111656188965,-0.10963739454746246,0.0,0.0,0.0,0.0,0.0,0.0,0.0,0.0,0.0,0.15562377870082855,-0.11028163880109787,0.0,-0.09997358918190002,-0.2626800239086151,0.0,-0.4693624675273895,0.0,-0.2743556797504425,0.7968142628669739,0.0,0.0,-0.30450960993766785,0.0,0.0,0.0,-0.2559543251991272,0.0,0.0,-0.09811876714229584,0.0,0.0,0.0,0.0,0.0,0.0,0.0,0.0,0.0,0.0,0.0,0.5462779998779297,0.0,0.0,-0.400147408246994,-0.12356507778167725,-0.16532327234745026,0.0,0.0,0.0,0.0,0.0,-0.43549200892448425,0.0,0.0,0.0,0.0,-0.17590047419071198,0.0,0.22437384724617004,0.0,-0.10772637277841568,0.0974893569946289,0.0,-0.22749759256839752,0.4408591091632843,0.57571941614151,0.0,0.0,0.0,0.0,-0.17041759192943573,-0.47999152541160583
0.0,0.0,0.0,0.0,0.0,0.0,0.0,0.0,0.0,0.0,0.0,0.0,0.0,0.0,0.0,0.0,0.0,0.0,0.0,0.0,0.0,0.0,0.0,0.0,0.0,0.0,0.0,0.0,0.0,0.0,0.0,0.0,0.0,0.0,0.0,0.0,0.0,0.0,0.0,0.0,0.3703483045101166,0.0,0.0,0.6981896162033081,0.0,0.0,0.0,0.0,0.0,0.0,0.0,0.0,0.0,0.0,0.0,0.0,0.0,0.3063260614871979,0.0,0.0,0.11635703593492508,0.0,0.0,0.0,0.0,0.0,0.0,0.0,0.0,0.0,0.0,0.0,0.0,0.0,0.0,0.0,0.0,0.0,0.0,0.0,0.0,0.0,0.0,0.0,0.0,0.0,0.0,0.0,0.1527649611234665,0.0,0.0,0.0,0.0,0.0,0.0,0.0,0.0,0.0,0.10591895133256912,0.10503416508436203
0.0,0.0,0.0,0.0,0.0,0.0,0.0,-0.37779727578163147,0.0,0.0,0.0,0.0,0.12326574325561523,0.2013048380613327,-0.1296689510345459,0.11581883579492569,0.0,0.4829816520214081,0.0,0.3594360053539276,0.0,0.0,0.0,-0.10558051615953445,0.0,-0.109243243932724,0.4014270007610321,0.0,0.0,0.0,0.3705795407295227,0.0,0.0,0.0,0.0,0.0,0.0,0.0,0.0,0.0,0.0,0.0,0.0,0.0,0.0,0.0,0.0,0.0,0.0,0.0,0.0,0.0,0.0,0.0,0.0,0.0,0.0,0.0,0.0,0.0,0.49868515133857727,0.0,0.0,0.0,0.1432039588689804,0.0,0.0,0.0,0.0,0.0,0.0,0.0,0.0,0.0,0.0,0.0,0.0,0.0,0.0,0.0,0.0,0.0,0.0,0.0,0.0,0.0,0.0,0.0,0.0,0.0,0.0,-0.17658981680870056,0.0,0.0,0.0,0.0,0.0,0.0,0.0,0.0
0.0,0.0,0.0,0.0,0.0,0.0,0.0,0.09709007292985916,0.0,0.0,0.0,0.0,0.0,0.0,0.0,0.0,0.0,0.0,0.0,0.0,0.0,0.0,0.0,0.0,0.0,0.0,0.0,0.0,0.0,0.0,0.0,0.0,0.0,0.0,0.0,0.0,0.0,0.0,0.4683651626110077,0.0,0.0,0.0,0.0,0.0,0.0,0.0,0.0,0.0,0.0,0.0,0.0,0.0,0.0,0.0,0.0,0.0,0.0,0.0,0.0,0.0,0.0,0.0,0.0,0.0,0.0,0.0,0.0,0.0,0.0,0.0,0.0,0.0,0.0,0.0,0.0,0.0,0.0,0.0,0.0,0.0,0.0,0.0,0.0,0.0,0.0,0.0,0.0,0.0,0.0,0.0,0.0,0.0,0.0,0.0,0.0,0.0,0.0,0.0,0.0,0.0
0.0,0.0,0.0,0.0,0.0,0.0,0.0,-0.18150746822357178,0.0,0.10268160700798035,0.0,0.0,0.10888911038637161,0.0,-0.4619036912918091,0.0,0.0,0.0,0.0,-0.22420702874660492,0.0,0.0,0.0,-0.12822222709655762,0.0,-0.11828422546386719,0.0,0.0,0.0,0.0,0.0,0.0,0.0,0.0,0.0,0.0,0.0,0.0,-0.1499767303466797,0.7981910705566406,-0.1081157773733139,0.0,0.0,0.0,-0.3530738353729248,0.0,0.0,0.0,0.0,-0.12747490406036377,0.0,0.0,0.0,-0.19433003664016724,0.2343291938304901,0.0,0.0,0.0,0.0,0.0,0.0,0.0,0.0,0.0,0.0,0.0,0.0,0.0,0.0,0.0,0.0,-0.1537269502878189,0.0,0.7892981171607971,0.0,0.0,0.0,0.0,0.0,0.0,0.0,0.0,0.0,0.0,0.0,0.0,0.0,0.0,-0.17171235382556915,0.0,0.0,-0.26103055477142334,0.0,0.0,0.0,0.0,-0.14101214706897736,0.0,0.0,-0.16127683222293854
0.0,0.0,0.0,0.0,0.27634310722351074,-0.11322032660245895,0.0,0.14543962478637695,0.0,-0.24411259591579437,0.0,0.10231418162584305,0.0,0.0,0.0,-0.1219828724861145,0.0,0.0,0.0,-0.11585905402898788,0.0,0.24555933475494385,0.0,-0.16705293953418732,0.11690429598093033,0.0,0.0,0.0,0.0,0.0,0.0,0.0,-0.22953666746616364,0.0,0.0,0.10726890712976456,0.0,0.1644364893436432,0.0,-0.18505851924419403,0.0,-0.17649683356285095,0.0,-0.18325360119342804,0.0,-0.14323368668556213,0.0,0.0,0.1237812340259552,-0.15551458299160004,0.2880089282989502,0.0,0.0,-0.13075970113277435,-0.12021034955978394,0.0,-0.1828775703907013,0.11510267108678818,0.0,0.0,0.0,0.0,0.0,0.0,0.0,0.15496623516082764,0.0,0.0,0.0,0.0,0.0,-0.11602552980184555,-0.11776681989431381,0.0,0.0,0.0,0.0,0.0,0.0,0.0,0.0,0.0,0.0,0.0,0.0,0.0,-0.1620224416255951,0.0,0.0,0.0,0.0,0.0,0.0,0.18251660466194153,0.0,0.0,0.0,0.0,0.0,-0.1530826985836029
0.0,0.0,0.0,0.0,0.0,0.0,0.0,0.0,0.0,0.0,0.0,0.0,0.0,0.0,0.0,0.0,0.0,0.0,0.0,0.0,0.0,0.0,0.0,0.0,0.0,0.0,0.0,0.0,0.0,0.0,0.0,0.0,0.0,0.0,0.0,0.0,0.0,0.0,0.0,0.0,0.0,0.0,0.0,0.0,0.0,0.0,0.0,0.0,0.0,0.0,0.0,0.0,0.0,0.0,0.0,0.0,0.0,0.0,0.0,0.0,0.0,0.0,0.0,0.0,0.0,0.0,0.0,0.0,0.0,0.0,0.0,0.0,0.0,0.0,0.0,0.0,0.0,0.0,0.0,0.0,0.0,0.0,0.0,0.0,0.0,0.0,0.0,0.0,0.0,0.0,0.0,0.0,0.0,0.0,0.0,0.0,0.0,0.0,0.0,0.0
0.0,0.8090282678604126,0.0,0.0,0.0,0.2935042083263397,0.0,-0.64033043384552,0.10534264892339706,0.0,0.0,0.0,0.4702647030353546,0.0,0.0,0.0,0.6334152817726135,0.0,0.0,-0.46837282180786133,0.0,0.0,0.0,-0.26470133662223816,0.0,-0.27105891704559326,-0.1026882752776146,0.0,0.0,0.0,0.0,0.0,0.0,0.0,0.09201497584581375,0.0,0.0,0.0,-0.177879199385643,0.0,0.0,0.10222641378641129,0.0,-0.11676689982414246,-0.09177470952272415,0.0,0.0,0.0,0.0,-0.7248151898384094,0.0,0.0,0.0,0.0,0.0,0.0,-0.1467006355524063,0.0,0.0,0.0,-0.268492192029953,0.0,0.0,0.0,0.0,0.0,-0.2109333723783493,0.0,0.0,0.0,0.0,0.0,0.0,0.0,0.0,0.0,0.0,0.18536634743213654,0.0,0.7142404317855835,0.0,0.0,0.0,0.0,0.0,0.0,0.0,0.0,-0.1164345070719719,0.0,0.0,0.0,0.0,0.0,0.0,0.46720126271247864,-0.15671217441558838,0.0,0.21943481266498566,0.44456565380096436
0.0,0.0,0.0,0.0,0.0,0.0,0.0,0.0,0.0,0.3867104947566986,0.0,0.0,0.0,0.0,-0.11613266170024872,0.0,0.0,0.0,0.0,0.0,0.0,0.0,0.0,0.09631641209125519,0.3319914638996124,-0.17934812605381012,0.0,0.0,0.0,0.0,0.0,0.0,0.0,0.0,0.0,0.0,0.0,0.0,0.0,0.0,0.0,0.11938992887735367,0.0,0.18947462737560272,-0.09771981090307236,0.0,0.0,0.0,0.0,0.0,0.0,0.0,0.0,0.15937966108322144,0.0,0.0,0.0,0.0,0.0,0.0,0.0,0.0,0.0,0.0,0.0,0.0,0.0,0.0,0.0,0.0,0.0,0.5150835514068604,0.26956862211227417,0.0,0.0,0.0,0.0,0.0,0.0,0.13824887573719025,0.0,0.0,0.0,0.0,0.0,0.0,0.0,0.0,-0.2824791371822357,0.0,0.0,0.0,0.0,0.0,0.0,0.0,0.0,0.0,0.0,0.20662273466587067
0.0,0.0,0.0,0.0,0.0,-0.2277364879846573,0.0,-0.1267993450164795,0.0,0.0,0.6152811050415039,0.7293558716773987,0.0,0.0,-0.595587432384491,0.0,0.0,-0.13158176839351654,0.0,-0.1995461881160736,0.0,0.0,0.0,0.0,0.8372780680656433,-0.1429063081741333,0.0,0.24232490360736847,0.0,0.0,0.0,0.0,-0.19866378605365753,0.0,0.0,0.0,0.0,0.0,-0.2889878451824188,0.0,-0.2687990069389343,-0.09887624531984329,-0.17032746970653534,-0.1893647015094757,-0.1261574923992157,0.0,0.0,0.0,0.0,-0.5089618563652039,0.0,0.0,0.0,-0.1525295525789261,0.0,0.0,0.0,0.0,0.0,0.0,0.0,0.0,0.0,0.0,0.0,0.0,0.0,0.0,0.0,0.0,0.0,0.0,0.09016178548336029,0.0,0.0,0.0,0.0,0.18543179333209991,0.0,0.0,0.0,0.0,0.0,0.0,0.16744562983512878,0.0,0.0,0.0,-0.20030274987220764,0.0,0.0,-0.2651365101337433,0.0,0.0,0.0,0.0,-0.12566518783569336,0.0,0.0,0.10092589259147644
0.0,0.0,0.0,0.0,0.0,0.0,0.0,0.0,0.0,0.0,0.0,0.0,0.0,0.0,0.0,0.0,0.0,0.0,0.0,0.0,0.0,0.0,0.0,0.1383318454027176,0.0,0.0,0.33766308426856995,0.0,0.0,0.0,0.0,0.0,0.0,0.0,0.0,0.0,0.0,0.0,0.0,0.0,0.0,0.0,0.0,0.0952010303735733,0.0,0.8476788401603699,0.0,0.0,0.0,0.6658822894096375,0.0,0.0,0.0,0.0,0.0,0.0,0.41746681928634644,0.0,0.0,0.0,0.0,0.0,0.0,0.0,0.0,0.0,0.12793320417404175,0.0,0.0,0.0,0.0,0.0,0.0,0.0,0.0,0.0,0.0,0.0,0.0,0.0,0.0,0.0,0.0,0.0,0.0,0.0,0.0,0.0,0.0,0.0,0.0,0.0,0.0,0.0,0.0,0.0,0.0,0.0,0.0,0.0
0.0,0.0,0.0,0.0,0.0,0.0,0.0,0.0,0.0,0.0,0.0,0.0,0.0,0.0,0.0,0.0,0.0,0.0,0.0,0.0,0.0,0.0,0.0,0.0,0.0,0.0,0.0,0.0,0.0,0.0,0.0,0.0,0.0,0.0,0.0,0.0,0.0,0.0,0.0,0.0,0.0,0.0,0.0,0.0,0.0,0.0,0.0,0.0,0.0,0.0,0.0,0.0,0.0,0.0,0.0,0.0,0.0,0.0,0.0,0.0,0.0,0.0,0.0,0.0,0.0,0.0,0.0,0.0,0.0,0.0,0.0,0.0,0.0,0.0,0.0,0.0,0.0,0.0,0.0,0.0,0.0,0.0,0.0,0.0,0.0,0.0,0.0,0.0,0.0,0.0,0.0,0.0,0.0,0.0,0.0,0.0,0.0,0.0,0.0,0.0
0.0,0.0,0.0,0.0,0.0,0.0,0.0,0.0,0.0,0.0,0.0,0.0,0.0,0.0,0.0,0.0,0.0,0.0,0.0,0.0,0.0,0.0,0.0,0.0,0.0,0.0,0.0,0.0,0.0,0.0,0.0,0.0,0.0,0.0,0.0,0.0,0.0,0.0,0.0,0.0,0.0,0.0,0.0,0.0,0.0,0.0,0.0,0.0,0.0,0.0,0.0,0.0,0.0,0.0,0.19225507974624634,0.0,0.0,0.0,0.0,0.0,0.0,0.0,0.0,0.0,0.0,0.0,0.0,0.0,0.0,0.0,0.0,0.0,0.0,0.0,0.0,0.0,0.0,0.0,0.0,0.0,0.0,0.0,0.0,0.0,0.0,0.0,0.0,0.0,0.0,0.0,0.0,0.0,0.0,0.0,0.0,0.0,0.0,0.0,0.0,0.0
0.0,0.0,0.0,0.0,0.0,0.16496509313583374,0.0,0.0,0.0,0.0,0.0,0.0,0.0,0.0,0.0,0.0,0.0,0.0,0.0,0.09508903324604034,0.0,0.0,0.0,0.0,0.0,0.13108545541763306,0.7311254739761353,0.0,0.0,0.0,0.0,0.0,0.0,0.0,0.0,0.0,0.0,0.0,0.0,0.0,0.23109763860702515,0.0,0.12006496638059616,0.0,0.0,0.0,0.0,0.0,0.0,0.0,0.0,0.0,0.0,0.0,0.0,0.0,0.0,0.0,0.0,0.0,0.0,0.0,0.0,0.0,0.0,0.0,0.0,0.0,0.0,0.0,0.0,0.0,0.0,0.0,0.0,0.0,0.0,0.0,0.0,0.0,0.0,0.0,0.0,0.0,0.0,0.0,0.0,0.0,0.0,0.0,0.0,0.0,0.0,0.0,0.0,0.0,0.0,0.0,0.0,0.0
0.0,0.0,0.0,0.0,0.0,0.0,0.0,0.0,0.0,0.0,0.0,0.0,0.0,0.0,0.0,0.0,0.0,0.0,0.0,0.0,0.0,0.0,0.0,0.0,0.0,0.0,0.0,0.0,0.0,0.0,0.0,0.0,0.7256510853767395,0.0,0.0,0.0,0.0,0.0,0.0,0.0,0.0,0.0,0.0,0.0,0.1572754830121994,0.0,0.0,0.0,0.0,0.0,0.0,0.0,0.0,0.0,0.0,0.0,0.0,0.0,0.0,0.0,0.0,0.0,0.0,0.0,0.0,0.0,0.0,0.0,0.0,0.0,0.0,0.0,0.0,0.0,0.0,0.0,0.0,0.0,0.0,0.0,0.0,0.0,0.0,0.0,0.0,0.0,0.0,0.0,0.0,0.0,0.0,0.0,0.0,0.0,0.0,0.0,0.202745258808136,0.0,0.0,0.0
