0.0,0.3148909052644929,0.0,0.0,0.0,0.015767847576884708,-0.019677260814570274,0.16100061407772293,0.27098099713058915,0.335704488541405,0.0,0.0,0.3507410715789767,0.0,0.2943647830181401,0.22413357273152867,0.0,0.22888765785931253,0.0,0.017860800094941547,0.0,0.0,0.0,0.19591860525255358,0.21608132774525055,0.1091661759837044,0.2513684404034493,0.08960262104861616,0.6995154294485193,0.2248674032746142,0.0,0.0,0.36786361469206413,0.0,0.3208465870303701,0.10522390117455546,0.0,0.3166081770832067,-0.04252813832243832,0.3760033103549699,0.21746427010646713,0.7047615151185749,0.10324795617475442,0.334372367131498,0.04490812043324325,0.3307599752661533,0.0,0.0,0.0,0.10005649343191719,0.0,0.6475215554237366,0.0,0.22976610048236643,0.24561202803394133,0.0,0.20955611119849588,0.2088115861307591,0.0,0.0,0.1883544157106089,0.0,0.0,0.0,0.0,0.0,0.13618241008017015,0.0,0.5278528332710266,0.0,0.6692389845848083,0.3817903033717768,0.2713800466139758,0.3718141130073502,0.0,0.0,0.0,0.3220101159889026,0.0,0.37788723163424864,0.09770587831735611,0.0,0.0,0.0,0.0909279213879009,0.0,0.4577966702437415,0.0,0.15529799181122633,0.47106930185620044,0.0,0.1550777580127782,0.0,0.2896962242786145,0.0,0.0,0.14973241912072802,0.0,0.279410240498771,0.362820704230325
0.0,0.0,0.0,0.0,0.0,0.21643736312416895,0.17131718714186536,0.7257217096417188,0.8605551719665527,0.0,0.0,0.0,0.0,0.0,0.0,0.0,0.0,0.0,0.0,0.6672365409314092,0.0,0.0,0.0,0.4871436203753632,0.0,0.21132146651876776,0.0,0.28455131460006555,0.0,0.2254556268453598,0.0,0.0,0.1317819884702744,0.0,0.0,0.0,0.0,0.0,0.2614301877944307,0.0,0.0,0.0,0.0,0.3170040777989729,0.17684396609458936,0.0,0.0,0.0,0.0,0.23889707143867867,0.0,0.0,0.0,0.3323071599006653,0.0,0.0,0.4983079135417938,0.0,0.0,0.0,0.1418875530576426,0.0,0.0,0.0,0.0,0.0,0.3259761386804037,0.0,0.0,0.0,0.0,0.0,0.0,0.0,0.0,0.0,0.0,0.0,0.0,0.0,0.0,0.0,0.0,0.0,0.0,0.0,0.0,0.0,0.25409974213517034,0.0,0.0,0.0,0.0,0.0,0.0,0.0,0.24161522171659097,0.0,0.0,0.1816051696551333
0.0,0.0,0.0,0.0,0.0,0.03302132696117636,0.02798498273089316,-0.04218392341063405,0.0,0.14527098025478416,0.0,0.0,0.0,0.20896020299296802,0.13640749886221173,0.0634626549494044,0.6300745010375977,0.0,0.0,0.08333102397650334,0.0,0.0,0.0,0.0,0.0,0.03436573041973764,0.056249010909329746,0.0,0.0,0.0,0.0,0.0,0.39877993213279406,0.0,0.0,0.0,0.0,0.0,0.3865983614783764,0.0,0.09552760065743793,0.11489441524667093,0.08878065100338942,0.0,0.0867123527949428,0.1535056299111215,0.0,0.0,0.0,0.46770503598349933,0.0,0.0,0.21233968436717987,0.0,0.0,0.0,0.0,0.46330058574676514,0.0,0.0,0.06096858270875097,0.0,0.0,0.0,0.0,0.0,0.12420414556710956,0.0,0.0,0.0,0.0,0.0,0.0,0.0,0.0,0.0,0.0,0.0,0.0,0.0,0.0,0.0,0.0,0.0,0.1678963212260748,0.0,0.0,0.0,0.6078810638264827,0.0,0.0,0.1076147159466665,0.0,0.0,0.0,0.0,0.0966946747502997,0.0,0.07693482570567056,0.4074973131463243
0.0,0.0,0.0,0.0,0.33325477254123914,0.28327623992562606,0.3302976709518127,0.29341782104538816,0.0,0.4723072609225981,0.0,0.327011376619339,0.6506659086787774,0.0,0.3728316823216762,0.19261427465708986,0.0,0.5326092391810873,0.0,0.3200803567132749,0.25605696342532264,0.0,0.7438845038414001,0.4830200007911962,0.0,0.42346798627699506,0.32503638093652454,0.0,0.0,0.25397189968660155,0.0,0.0,0.6053151281061587,0.0,0.6542781135117139,0.2559002994337546,0.0,0.0,0.2548116525967405,0.6997002279929996,0.2979823896475578,0.213465325576043,0.2406584697123077,0.6401857541737357,0.13737529443781432,0.19708855612017287,0.0,0.0,0.0,0.10860782750347488,0.0,0.0,0.0,0.13374562069788815,0.1980156035532949,0.0,0.12271493766963584,0.3198949954378666,0.0,0.0,0.4174075922201564,0.0,0.0,0.0,0.0,0.0,0.13307223130980825,0.0,0.0,0.0,0.0,0.22550402883325132,0.5565875390395547,0.0,0.0,0.0,0.0,0.0,0.0,0.17045271818272437,0.07647726044494396,0.0,0.0,0.0,0.062030863521543154,0.0,0.685832897375203,0.0,0.48234540868308584,0.0,0.0,0.29108521327831394,0.0,0.0,0.0,0.1563296920564412,0.2469333281088305,0.4605125007357078,0.4022706533275811,0.3883771405141869
0.0,0.0,0.0,0.0,0.0,0.12517502207295955,0.13437061250777482,0.096033266915544,0.0,0.0,0.0,0.0,0.554445743560791,0.0,0.37461003231255696,0.13140643786278486,0.0,0.0,0.0,0.1755253951209862,0.2642744779586792,0.0,0.0,0.13950301474018006,0.0,0.1938469344352699,0.4570704250824856,0.0,0.0,0.0,0.0,0.0,0.12243512037962441,0.0,0.4463654442082259,0.0,0.0,0.0,0.04485657908844247,0.0,0.21701561521082677,0.31580904511696195,0.13504695395514105,0.14485309702703128,0.006259150719165371,0.4067612541769555,0.0,0.0,0.0,0.16391531058746328,0.0,0.0,0.0,0.06430881030533792,0.11798715490478173,0.0,0.16419600482204447,0.0,0.0,0.0,0.15932383435865785,0.0,0.0,0.0,0.0,0.0,0.1950259066672608,0.0,0.0,0.0,0.0,0.0,0.0,0.0,0.0,0.0,0.0,0.0,0.0,0.0,0.0,0.0,0.0,0.0,0.10343323401873841,0.0,0.0,0.0,0.028673834202403305,0.0,0.0,0.3021902122847826,0.0,0.0,0.0,0.25127681172075,0.07372141164060013,0.6137011051177979,0.4788328624719327,0.0
0.0,0.0,0.0,0.0,0.0,0.0,0.6498793363571167,0.39869966761969833,0.0,0.0,0.0,0.0,0.0,0.0,0.0,0.0,0.0,0.0,0.0,0.4554852843284607,0.0,0.0,0.0,0.0,0.0,0.22292637825012207,0.0,0.0,0.0,0.0,0.0,0.0,0.0,0.0,0.0,0.0,0.0,0.0,0.0,0.0,0.0,0.0,0.0,0.0,0.685103178024292,0.0,0.0,0.0,0.0,0.0,0.0,0.0,0.0,0.0,0.0,0.0,0.0,0.0,0.0,0.0,0.4150429666042328,0.0,0.0,0.0,0.0,0.0,0.0,0.0,0.0,0.0,0.0,0.0,0.0,0.0,0.0,0.0,0.0,0.0,0.0,0.0,0.0,0.0,0.0,0.0,0.0,0.0,0.0,0.0,0.0,0.0,0.0,0.0,0.0,0.0,0.0,0.0,0.0,0.0,0.0,0.0
0.0,0.0,0.0,0.0,0.0,0.0,0.0,0.0,0.0,0.0,0.0,0.0,0.0,0.0,0.0,0.0,0.0,0.0,0.0,0.0,0.0,0.0,0.0,0.0,0.0,0.0,0.0,0.0,0.0,0.0,0.0,0.0,0.0,0.0,0.0,0.0,0.0,0.0,0.0,0.0,0.0,0.0,0.0,0.0,0.0,0.0,0.0,0.0,0.0,0.0,0.0,0.0,0.0,0.0,0.0,0.0,0.0,0.0,0.0,0.0,0.0,0.0,0.0,0.0,0.0,0.0,0.0,0.0,0.0,0.0,0.0,0.0,0.0,0.0,0.0,0.0,0.0,0.0,0.0,0.0,0.0,0.0,0.0,0.0,0.0,0.0,0.0,0.0,0.0,0.0,0.0,0.0,0.0,0.0,0.0,0.0,0.0,0.0,0.0,0.0
0.0,0.0,0.0,0.0,0.0,0.0,0.0,0.0,0.0,0.0,0.0,0.0,0.0,0.0,0.0,0.0,0.0,0.0,0.0,0.0,0.0,0.0,0.0,0.0,0.0,0.0,0.0,0.0,0.0,0.0,0.0,0.0,0.0,0.0,0.0,0.0,0.0,0.0,0.0,0.0,0.0,0.0,0.0,0.0,0.0,0.0,0.0,0.0,0.0,0.0,0.0,0.0,0.0,0.0,0.0,0.0,0.0,0.0,0.0,0.0,0.0,0.0,0.0,0.0,0.0,0.0,0.0,0.0,0.0,0.0,0.0,0.0,0.0,0.0,0.0,0.0,0.0,0.0,0.0,0.0,0.0,0.0,0.0,0.0,0.0,0.0,0.0,0.0,0.0,0.0,0.0,0.0,0.0,0.0,0.0,0.0,0.0,0.0,0.0,0.0
0.0,0.0,0.0,0.0,0.0,0.0,0.0,0.812272612779855,0.0,0.0,0.0,0.0,0.0,0.0,0.0,0.0,0.0,0.0,0.0,0.0,0.0,0.0,0.0,0.0,0.0,0.25026867393448526,0.0,0.3306601643562317,0.0,0.0,0.0,0.0,0.0,0.0,0.0,0.0,0.0,0.0,0.2510718422276691,0.0,0.0,0.0,0.0,0.27176976203918457,0.0,0.0,0.0,0.0,0.0,0.0,0.0,0.0,0.0,0.0,0.0,0.0,0.0,0.0,0.0,0.0,0.0,0.0,0.0,0.0,0.0,0.0,0.0,0.0,0.0,0.0,0.0,0.0,0.0,0.0,0.0,0.0,0.0,0.0,0.0,0.0,0.0,0.0,0.0,0.0,0.0,0.0,0.0,0.0,0.2046245425247406,0.0,0.0,0.0,0.0,0.0,0.0,0.0,0.2733419625933209,0.0,0.0,0.0
0.0,0.0,0.0,0.0,0.0,0.0,0.0,0.5172641699338563,0.0,0.0,0.0,0.0,0.0,0.0,0.7617214918136597,0.0,0.0,0.0,0.0,0.0,0.0,0.0,0.0,0.0,0.0,0.0,0.0,0.0,0.0,0.0,0.0,0.0,0.49480885389727014,0.0,0.0,0.0,0.0,0.0,0.0,0.0,0.0,0.2795617878437042,0.0,0.0,0.07276030104029774,0.0,0.0,0.0,0.0,0.0,0.0,0.0,0.0,0.0,0.0,0.0,0.0,0.0,0.0,0.0,0.0,0.0,0.0,0.0,0.0,0.0,0.0,0.0,0.0,0.0,0.0,0.0,0.0,0.0,0.0,0.0,0.0,0.0,0.0,0.0,0.0,0.0,0.0,0.0,0.0,0.0,0.0,0.0,0.0,0.0,0.0,0.4878790682729601,0.0,0.0,0.0,0.0,0.19069437406733236,0.0,0.0,0.46262964606285095
0.0,0.0,0.0,0.0,0.0,0.3247153935399939,0.29637543192522386,0.13326125064000516,0.0,0.048524208073745294,0.0,0.0,0.0,0.0,0.30711802360721907,0.3868084013790778,0.0,0.36973627006053056,0.0,0.2903520476461358,0.0,0.0,0.0,0.0,0.0,0.26452200534017617,0.23359234137849774,0.0,0.0,0.0,0.0,0.0,0.0804378457693535,0.0,0.0,0.0,0.0,0.0,0.1815850425717711,0.0,0.16997748575537286,0.055954018447621226,0.06419799301219621,0.26883580717787015,0.22599418405484623,0.0,0.0,0.0,0.0,0.44880490408552376,0.0,0.0,0.0,0.0,0.0,0.0,0.0,0.0,0.0,0.0,0.40749323996474507,0.0,0.0,0.0,0.0,0.0,0.0,0.0,0.0,0.0,0.0,0.0,0.4383768314217207,0.0,0.0,0.0,0.0,0.46877729892730713,0.0,0.0,0.0,0.0,0.0,0.0,0.0,0.0,0.0,0.0,0.20241546979059977,0.0,0.0,0.24234032588587845,0.0,0.0,0.0,0.0,0.1924022014393717,0.0,0.3194969258944498,0.02244873720663692
0.0,0.0,0.0,0.0,0.4004361927509308,0.21471844914331467,0.22023685352560646,0.15488120285368975,0.0,0.0,0.0,0.0,0.41766292210951583,0.0,0.40449604691359375,0.14761261372900472,0.0,0.19317848980426788,0.0,0.2620716763082586,0.2532489143048018,0.0,0.0,0.07640127240898288,0.0,0.3074580939515069,0.4019986058978214,0.0,0.0,0.2504826409852765,0.0,0.0,0.6658205673467965,0.0,0.501415082620885,0.25250392740833405,0.0,0.0,0.19602213446664601,0.24566081166267395,0.15889655864628832,0.2811991031486839,0.15167344498541857,0.3428682784930679,0.20013780958040178,0.21688334508539941,0.0,0.0,0.0,0.18230733301162128,0.0,0.0,0.0,0.17799438179732635,0.27982732154333356,0.0,0.1254228164516929,0.0,0.0,0.0,0.2560410727845627,0.0,0.0,0.0,0.0,0.0,0.12664287711585775,0.0,0.0,0.0,0.0,0.19864475000242177,0.0,0.0,0.0,0.0,0.0,0.0,0.0,0.14225086262311612,0.0,0.0,0.0,0.0,0.06560601615460337,0.0,0.0,0.0,0.2595408898963978,0.0,0.0,0.33106823090283477,0.0,0.0,0.0,0.16432537297906946,0.2506888548805713,0.4024485067163326,0.3899826028878053,0.09290329475357922
0.0,0.0,0.0,0.0,0.0,0.13029714311862903,0.14352342369025345,0.08614741694908096,0.0,0.0,0.0,0.0,0.0,0.0,0.4006227147928101,0.2370050440262368,0.0,0.0,0.0,0.13452884780076851,0.0,0.0,0.0,0.0,0.0,0.13431949772642704,0.5072760691867089,0.0,0.0,0.0,0.0,0.0,0.16337972733300088,0.0,0.8050660490989685,0.0,0.0,0.0,0.0,0.0,0.21675583199847992,0.0,0.09420747089593953,0.0,0.08926698683805875,0.0,0.0,0.0,0.0,0.33539286255836487,0.0,0.0,0.0,0.0,0.0,0.0,0.0,0.0,0.0,0.0,0.16132120411984813,0.0,0.0,0.0,0.0,0.0,0.0,0.0,0.0,0.0,0.0,0.0,0.0,0.0,0.0,0.0,0.0,0.0,0.0,0.0,0.0,0.0,0.0,0.0,0.0,0.0,0.0,0.0,0.0,0.0,0.0,0.4035802116678472,0.0,0.0,0.0,0.0,0.0,0.0,0.5102177262306213,0.0
0.0,0.0,0.0,0.0,0.0,0.0,0.0,0.48709470424443185,0.0,0.5877217650413513,0.0,0.0,0.0,0.0,0.5709165460456873,0.0,0.0,0.0,0.0,0.41984716057777405,0.0,0.0,0.0,0.0,0.0,0.0,0.0,0.0,0.0,0.0,0.0,0.0,0.43442783803717133,0.0,0.0,0.0,0.0,0.0,0.0,0.0,0.0,0.25990112163650103,0.0,0.0,0.06831123290582979,0.0,0.0,0.0,0.0,0.0,0.0,0.0,0.0,0.0,0.0,0.0,0.0,0.0,0.0,0.0,0.0,0.0,0.0,0.0,0.0,0.0,0.38194888830184937,0.0,0.0,0.0,0.0,0.0,0.0,0.0,0.0,0.0,0.0,0.0,0.0,0.0,0.0,0.0,0.0,0.0,0.0,0.0,0.0,0.0,0.0,0.0,0.0,0.46256031789204677,0.0,0.0,0.0,0.0,0.14500993567663423,0.0,0.0,0.43434126920170435
0.0,0.0,0.0,0.0,0.0,0.0,0.0,0.0,0.0,0.0,0.0,0.0,0.0,0.0,0.0,0.0,0.0,0.0,0.0,0.0,0.0,0.0,0.0,0.0,0.0,0.0,0.0,0.0,0.0,0.0,0.0,0.0,0.20887050032615662,0.0,0.0,0.0,0.0,0.0,0.0,0.0,0.0,0.0,0.0,0.0,0.0,0.0,0.0,0.0,0.0,0.0,0.0,0.0,0.0,0.0,0.0,0.0,0.0,0.0,0.0,0.0,0.0,0.0,0.0,0.0,0.0,0.0,0.0,0.0,0.0,0.0,0.0,0.0,0.0,0.0,0.0,0.0,0.0,0.0,0.0,0.0,0.0,0.0,0.0,0.0,0.0,0.0,0.0,0.0,0.0,0.0,0.0,0.5143202543258667,0.0,0.0,0.0,0.0,0.0,0.0,0.0,0.0
0.0,0.0,0.0,0.0,0.0,0.0,0.0,0.0,0.0,0.0,0.0,0.0,0.0,0.0,0.0,0.0,0.0,0.0,0.0,0.0,0.0,0.0,0.0,0.0,0.0,0.0,0.0,0.0,0.0,0.0,0.0,0.0,0.0,0.0,0.0,0.0,0.0,0.0,0.0,0.0,0.0,0.0,0.0,0.0,0.0,0.0,0.0,0.0,0.0,0.0,0.0,0.0,0.0,0.0,0.0,0.0,0.0,0.0,0.0,0.0,0.0,0.0,0.0,0.0,0.0,0.0,0.0,0.0,0.0,0.0,0.0,0.0,0.0,0.0,0.0,0.0,0.0,0.0,0.0,0.0,0.0,0.0,0.0,0.0,0.0,0.0,0.0,0.0,0.0,0.0,0.0,0.0,0.0,0.0,0.0,0.0,0.0,0.0,0.0,0.0
0.0,0.0,0.0,0.0,0.0,0.0,0.0,-0.03684947557084639,0.0,0.0,0.0,0.0,0.0,0.0,0.0,0.10072246193885803,0.0,0.0,0.0,0.0,0.0,0.0,0.0,0.0,0.0,0.0,0.0,0.0,0.0,0.0,0.0,0.0,0.0,0.0,0.0,0.0,0.0,0.0,0.4537954472692558,0.0,0.0,0.0,0.0,0.0,0.0,0.0,0.0,0.0,0.0,0.4782249927520752,0.0,0.0,0.0,0.0,0.0,0.0,0.0,0.0,0.0,0.0,0.0,0.0,0.0,0.0,0.0,0.0,0.0,0.0,0.0,0.0,0.0,0.0,0.0,0.0,0.0,0.0,0.0,0.0,0.0,0.0,0.0,0.0,0.0,0.0,0.0,0.0,0.0,0.0,0.62363201379776,0.0,0.0,0.0,0.0,0.0,0.0,0.0,0.0,0.0,0.0,0.0
0.0,0.0,0.0,0.0,0.0,0.0,0.0,0.7262901067733765,0.0,0.0,0.0,0.0,0.0,0.0,0.0,0.0,0.0,0.0,0.0,0.0,0.0,0.0,0.0,0.0,0.0,0.0,0.0,0.0,0.0,0.0,0.0,0.0,0.0,0.0,0.0,0.0,0.0,0.0,0.0,0.0,0.0,0.0,0.0,0.0,0.0,0.0,0.0,0.0,0.0,0.0,0.0,0.0,0.0,0.0,0.0,0.0,0.0,0.0,0.0,0.0,0.0,0.0,0.0,0.0,0.0,0.0,0.0,0.0,0.0,0.0,0.0,0.0,0.0,0.0,0.0,0.0,0.0,0.0,0.0,0.0,0.0,0.0,0.0,0.0,0.0,0.0,0.0,0.0,0.0,0.0,0.0,0.0,0.0,0.0,0.0,0.0,0.0,0.0,0.0,0.0
0.0,0.212346933041812,0.3063238724195271,0.0,0.0,0.18964719685198828,0.19707439556855108,-0.26630412161382694,0.1827362514803666,0.06315363442589395,0.0,0.0,0.24221317126332723,0.17387607523032966,0.013092777081025263,0.2392735675322755,0.31079338151635094,0.14490113988400813,0.0,-0.01028206521635755,0.22867607083354693,0.0,0.21855871579219038,0.07778768762031009,0.0,0.09646333985429115,0.24254765952852506,0.20654292477590805,0.0,0.1681112960981456,0.0,0.2940572202205658,0.24369556453625357,0.0,0.27771148438417104,0.0,0.0,0.15847306410535864,0.15756853014761418,0.0,0.16596252078122473,0.0246736756651518,0.02128565008576251,0.6049010797407706,0.07975552328222574,0.038426390633363755,0.0,0.0,0.0,0.4054884991900204,0.0,0.0,0.09895866535874233,0.19797695927165676,0.2671078932164981,0.0,0.20575918451831665,0.22843850235310442,0.31761582483603323,0.0,0.2143659874070973,0.0,0.0,0.0,0.0,0.0,0.12165987517084309,0.0,0.0,0.0,0.0,0.11441476387658996,0.17180165354442437,0.23812800537353457,0.0,0.0,0.3061883184002525,0.0,0.0,0.11108495395885756,0.02246957927452069,0.0,0.0,0.21961781328079333,0.04074655578995364,0.0,0.1578953305471989,0.0,0.45330168616751854,0.0,0.0,0.03227016798637067,0.0,0.0,0.0,0.24017201617269845,0.0962712968965023,0.16134372049247447,0.20208892251052188,0.21416836586397514
0.0,0.0,0.0,0.0,0.0,0.0,0.0,0.0,0.0,0.0,0.0,0.0,0.0,0.0,0.0,0.0,0.0,0.0,0.0,0.0,0.0,0.0,0.0,0.0,0.0,0.0,0.0,0.0,0.0,0.0,0.0,0.0,0.0,0.0,0.0,0.0,0.0,0.0,0.0,0.0,0.0,0.0,0.0,0.0,0.0,0.0,0.0,0.0,0.0,0.0,0.0,0.0,0.0,0.0,0.0,0.0,0.0,0.0,0.0,0.0,0.0,0.0,0.0,0.0,0.0,0.0,0.0,0.0,0.0,0.0,0.0,0.0,0.0,0.0,0.0,0.0,0.0,0.0,0.0,0.0,0.0,0.0,0.0,0.0,0.0,0.0,0.0,0.0,0.0,0.0,0.0,0.0,0.0,0.0,0.0,0.0,0.0,0.0,0.0,0.0
0.0,0.0,0.0,0.0,0.0,0.00988013157324772,0.044008782976847745,0.23540243616333453,0.0,0.0,0.0,0.0,0.0,0.0,0.0,0.0,0.0,0.0,0.0,0.08362504241630042,0.0,0.0,0.0,0.31798605522183904,0.0,0.05898954572812101,0.3240226352612492,0.0,0.0,0.0,0.0,0.0,0.0,0.0,0.0,0.0,0.0,0.0,0.04986563646514227,0.0,0.046425780340327,0.29778664382040887,0.04719198334996855,0.10866503435674771,0.006768909540130161,0.3663004164526349,0.0,0.0,0.0,0.4223600033449948,0.0,0.0,0.0,0.0,0.0,0.0,0.4047702866193852,0.0,0.0,0.0,0.027070335866357802,0.0,0.0,0.0,0.0,0.0,0.19860917887629587,0.0,0.0,0.0,0.0,0.0,0.0,0.0,0.0,0.0,0.0,0.0,0.0,0.0,0.0,0.0,0.0,0.0,0.1640684730775952,0.0,0.0,0.0,0.08181753840767148,0.0,0.0,0.0,0.0,0.0,0.0,0.4321216940879822,0.05530388989376471,0.0,0.0,0.0
0.0,0.0,0.0,0.0,0.0,0.0,0.11943810799675658,0.0,0.0,0.0,0.0,0.0,0.0,0.0,0.0,0.2872491180896759,0.0,0.0,0.0,0.0,0.0,0.0,0.0,0.0,0.0,0.0,0.17003075778484344,0.816089928150177,0.0,0.0,0.0,0.0,0.0,0.0,0.0,0.0,0.0,0.0,0.0,0.0,0.0,0.0,0.0,0.0,0.0,0.0,0.0,0.0,0.0,0.0,0.0,0.0,0.0,0.0,0.0,0.0,0.0,0.0,0.0,0.0,0.0,0.0,0.0,0.0,0.0,0.0,0.0,0.0,0.0,0.0,0.0,0.0,0.0,0.0,0.0,0.0,0.0,0.0,0.0,0.0,0.0,0.0,0.0,0.0,0.0,0.0,0.0,0.0,0.0,0.0,0.0,0.0,0.0,0.0,0.0,0.0,0.0,0.0,0.0,0.0
0.0,0.0,0.0,0.0,0.0,0.38226558388048226,0.3644844368743802,0.14493671145836806,0.0,0.06363584925709986,0.0,0.0,0.39956313371658325,0.0,0.41285634292903295,0.2353959920419852,0.0,0.4848813093599915,0.0,0.3762829597090676,0.0,0.0,0.0,0.6636622356334677,0.0,0.34340817704347826,0.34192674579371296,0.0,0.0,0.0,0.0,0.0,0.6979930947272438,0.0,0.7996003716528257,0.0,0.0,0.0,0.32842622911345787,0.0,0.3668225948141799,0.07337948674711842,0.04020748777214153,0.5130879478408517,0.2641321672254958,0.0,0.0,0.0,0.0,0.23402789079243708,0.0,0.0,0.0,0.10453577533062412,0.19179143041932534,0.0,0.0,0.29958285621393976,0.0,0.0,0.347364653436138,0.0,0.0,0.0,0.0,0.0,0.22186529203308236,0.0,0.0,0.0,0.0,0.04416404548971142,0.5748982429504395,0.0,0.0,0.0,0.0,0.0,0.0,0.043681463448515714,0.10280797630548477,0.0,0.0,0.0,0.0,0.0,0.49610716104507446,0.0,0.36615889254412803,0.0,0.0,0.36529749026023933,0.0,0.0,0.0,0.0,0.4632107893035209,0.5124887824058533,0.3943074688851754,0.2642778468448459
0.0,0.0,0.0,0.0,0.0,0.0,0.0,0.0,0.0,0.0,0.0,0.0,0.0,0.0,0.0,0.0,0.0,0.0,0.0,0.0,0.0,0.0,0.0,0.0,0.0,0.0,0.0,0.0,0.0,0.0,0.0,0.0,0.0,0.0,0.0,0.0,0.0,0.0,0.0,0.0,0.0,0.0,0.0,0.0,0.0,0.0,0.0,0.0,0.0,0.0,0.0,0.0,0.0,0.0,0.0,0.0,0.0,0.0,0.0,0.0,0.0,0.0,0.0,0.0,0.0,0.0,0.3206213414669037,0.0,0.0,0.0,0.0,0.0,0.0,0.0,0.0,0.0,0.0,0.0,0.0,0.0,0.0,0.0,0.0,0.0,0.0,0.0,0.0,0.0,0.0,0.0,0.0,0.0,0.0,0.0,0.0,0.0,0.0,0.0,0.0,0.0
0.0,0.0,0.0,0.0,0.0,0.14608425365657918,0.09493713781856238,0.46783691772485547,0.0,0.0,0.0,0.0,0.0,0.0,0.20244427025318146,0.0,0.0,0.0,0.0,0.1420140563333423,0.0,0.0,0.0,0.0,0.0,0.06126419461949327,0.0,0.0,0.0,0.0,0.0,0.0,0.20313972067361474,0.0,0.0,0.0,0.0,0.0,0.3089166612214078,0.0,0.16203124821186066,0.0,0.14563519727499075,0.0,0.1993734107003316,0.0,0.0,0.0,0.0,0.43797930501756,0.0,0.0,0.0,0.46280673146247864,0.0,0.0,0.0,0.0,0.0,0.0,0.14079795383772448,0.0,0.0,0.0,0.0,0.0,0.0,0.0,0.0,0.0,0.0,0.0,0.0,0.0,0.0,0.0,0.0,0.0,0.0,0.0,0.0,0.0,0.0,0.0,0.1241290271282196,0.0,0.0,0.0,0.659563703455829,0.0,0.0,0.2020997655812149,0.0,0.0,0.0,0.0,0.0,0.0,0.0,0.0
0.0,0.0,0.0,0.0,0.0,0.0,0.0,0.0,0.0,0.0,0.0,0.0,0.0,0.0,0.0,0.0,0.0,0.0,0.0,0.0,0.0,0.0,0.0,0.0,0.0,0.0,0.0,0.0,0.0,0.0,0.0,0.0,0.0,0.0,0.0,0.0,0.0,0.0,0.0,0.0,0.0,0.0,0.0,0.0,0.0,0.0,0.0,0.0,0.0,0.0,0.0,0.0,0.0,0.0,0.0,0.0,0.0,0.0,0.0,0.0,0.0,0.0,0.0,0.0,0.0,0.0,0.0,0.0,0.0,0.0,0.0,0.0,0.0,0.0,0.0,0.0,0.0,0.0,0.0,0.0,0.0,0.0,0.0,0.0,0.0,0.0,0.0,0.0,0.0,0.0,0.0,0.0,0.0,0.0,0.0,0.0,0.0,0.0,0.0,0.0
0.0,0.0,0.0,0.0,0.0,0.0,0.11600390076637268,0.0,0.0,0.0,0.0,0.0,0.0,0.0,0.0,0.0,0.0,0.0,0.0,0.0,0.0,0.0,0.0,0.0,0.0,0.0,0.0,0.0,0.0,0.0,0.0,0.0,0.0,0.0,0.0,0.0,0.0,0.0,0.0,0.0,0.0,0.0,0.0,0.0,0.0,0.0,0.0,0.0,0.0,0.0,0.0,0.0,0.0,0.0,0.0,0.0,0.0,0.0,0.0,0.0,0.0,0.0,0.0,0.0,0.0,0.0,0.0,0.0,0.0,0.0,0.0,0.0,0.0,0.0,0.0,0.0,0.0,0.0,0.0,0.0,0.0,0.0,0.0,0.0,0.0,0.0,0.0,0.0,0.0,0.0,0.0,0.0,0.0,0.0,0.0,0.0,0.0,0.0,0.0,0.0
0.0,0.0,0.0,0.0,0.0,0.0,0.0,0.0,0.0,0.0,0.0,0.0,0.0,0.0,0.0,0.0,0.0,0.0,0.0,0.0,0.0,0.0,0.0,0.0,0.0,0.0,0.0,0.0,0.0,0.0,0.0,0.0,0.0,0.0,0.0,0.0,0.0,0.0,0.0,0.0,0.0,0.0,0.0,0.0,0.0,0.0,0.0,0.0,0.0,0.0,0.0,0.0,0.0,0.0,0.0,0.0,0.0,0.0,0.0,0.0,0.0,0.0,0.0,0.0,0.0,0.0,0.0,0.0,0.0,0.0,0.0,0.0,0.0,0.0,0.0,0.0,0.0,0.0,0.0,0.0,0.0,0.0,0.0,0.0,0.0,0.0,0.0,0.0,0.0,0.0,0.0,0.0,0.0,0.0,0.0,0.0,0.0,0.0,0.0,0.0
0.0,0.0,0.0,0.0,0.0,0.0,0.0,0.0,0.0,0.0,0.0,0.0,0.0,0.0,0.0,0.0,0.0,0.0,0.0,0.0,0.0,0.0,0.0,0.0,0.0,0.0,0.0,0.0,0.0,0.0,0.0,0.0,0.0,0.0,0.0,0.0,0.0,0.0,0.0,0.0,0.0,0.0,0.0,0.0,0.0,0.0,0.0,0.0,0.0,0.0,0.0,0.0,0.0,0.0,0.0,0.0,0.0,0.0,0.0,0.0,0.0,0.0,0.0,0.0,0.0,0.0,0.0,0.0,0.0,0.0,0.0,0.0,0.0,0.0,0.0,0.0,0.0,0.0,0.0,0.0,0.0,0.0,0.0,0.0,0.0,0.0,0.0,0.0,0.0,0.0,0.0,0.0,0.0,0.0,0.0,0.0,0.0,0.0,0.0,0.0
0.0,0.0,0.0,0.0,0.0,0.3773495554924011,0.3812186028695024,0.3429009052662992,0.0,0.0,0.0,0.0,0.0,0.0,0.0,0.0,0.0,0.0,0.0,0.3823137074364986,0.0,0.0,0.0,0.0,0.0,0.4259842953028823,0.0,0.0,0.0,0.0,0.0,0.0,0.1246745030716756,0.0,0.0,0.0,0.0,0.0,0.0,0.0,0.0,0.0,0.0,0.0,0.2855449649778552,0.0,0.0,0.0,0.0,0.0,0.0,0.0,0.0,0.0,0.0,0.0,0.0,0.0,0.0,0.0,0.3875120366335256,0.0,0.0,0.0,0.0,0.0,0.5271691679954529,0.0,0.0,0.0,0.0,0.0,0.0,0.0,0.0,0.0,0.0,0.0,0.0,0.0,0.0,0.0,0.0,0.0,0.0,0.0,0.0,0.0,0.0,0.0,0.0,0.0,0.0,0.0,0.0,0.0,0.1694953420983314,0.0,0.0,0.17181053757667542
0.0,0.0,0.0,0.0,0.0,0.19591742953583913,0.19608241138324456,0.1424984224259239,0.0,0.2751771345748665,0.0,0.0,0.5889047980308533,0.34253984689712524,0.32938387621614656,0.16891646343635733,0.0,0.12750602107228956,0.0,0.233499986949705,0.0,0.0,0.0,0.03813732597659486,0.16251868597475072,0.05709675893777018,0.419564654038638,0.0,0.0,0.0,0.0,0.0,0.1957098485051723,0.0,0.5737806568851944,0.0,0.0,0.0,0.046202741430783636,0.0,0.1921733397946289,0.2541293399306567,0.10479522988322008,0.07182821599458433,0.1694987587352546,0.0,0.0,0.0,0.0,0.2856199290172719,0.0,0.0,0.0,0.09875840421391231,0.0,0.0,0.0,0.0,0.0,0.0,0.20060986912838574,0.0,0.0,0.0,0.0,0.0,0.3084742897009942,0.0,0.0,0.0,0.0,0.07608846158423077,0.15117717689884902,0.0,0.0,0.0,0.0,0.0,0.0,0.07490967682211967,0.0,0.0,0.0,0.0,0.020173286380202434,0.0,0.0,0.0,0.03948717014147582,0.0,0.0,0.7095351133005744,0.0,0.14772062003612518,0.0,0.0,0.12247711518153655,0.0,0.46573178312368146,0.21347099852312582
0.0,0.33942392140018135,0.3368441219466405,0.0,0.0,0.21974343040953673,0.24270177036226684,-0.041758370172879214,0.2920930110500947,0.2716086488631692,0.0,0.0,0.2952361009110261,0.4440101381074732,0.22617685165521362,0.5594409655026904,0.35292227206451937,0.29253246175415576,0.0,0.11573823164449401,0.1984576821782671,0.0,0.33030044595020946,0.10690274185077096,0.0,0.19194157028913836,0.2549561039797338,0.256182850007894,0.0,0.17818357094948237,0.0,0.0,0.2131989069700342,0.0,0.3216092519748778,0.0,0.0,0.6240179223449034,0.218950702562566,0.0,0.29450020782997155,0.12434853888424602,-0.010359076931933699,0.2736953542395596,0.4188320495921752,0.4222811877459667,0.0,0.0,0.0,0.4501147369433397,0.0,0.0,0.18685650277472116,0.3867427642024408,0.3312088637497747,0.0,0.2175130634501058,0.18670979608626592,0.4125259816646576,0.0,0.3251507991363943,0.0,0.0,0.0,0.0,0.0,0.06675657559169462,0.0,0.0,0.0,0.0,0.35360461183856323,0.34684034014512033,0.40676423305893117,0.0,0.0,0.33443522453308105,0.0,0.0,0.3616161793806051,0.03395752042094019,0.0,0.0,0.7468540072441101,0.04380091782885036,0.0,0.3320860520927815,0.0,0.30276039224596607,0.0,0.0,0.19520138902341316,0.0,0.0,0.0,0.5664674573721891,0.09922301674210393,0.3370481657202177,0.2615169673964281,0.21018741859847254
0.0,0.0,0.0,0.0,0.0,0.0,0.0,0.0,0.0,0.0,0.0,0.0,0.0,0.0,0.0,0.0,0.0,0.0,0.0,0.0,0.0,0.0,0.0,0.0,0.0,0.0,0.0,0.0,0.0,0.0,0.0,0.0,0.0,0.0,0.0,0.0,0.0,0.0,0.0,0.0,0.0,0.0,0.0,0.0,0.0,0.0,0.0,0.0,0.0,0.0,0.0,0.0,0.0,0.0,0.0,0.0,0.0,0.0,0.0,0.0,0.0,0.0,0.0,0.0,0.0,0.0,0.0,0.0,0.0,0.0,0.0,0.0,0.0,0.0,0.0,0.0,0.0,0.0,0.0,0.0,0.0,0.0,0.0,0.0,0.0,0.0,0.0,0.0,0.0,0.0,0.0,0.0,0.0,0.0,0.0,0.0,0.0,0.0,0.0,0.0
0.0,0.2923654627767718,0.0,0.0,0.0,0.25160613535071813,0.3013771268881732,0.054982043448215334,0.2896651848738187,0.0520485261374786,0.0,0.0,0.42038555764430185,0.0,0.4306776517737183,0.30962284163406945,0.3802044678125682,0.39659025216800464,0.0,0.18373985374046414,0.0,0.0,0.6267895102500916,0.4841122127321191,0.0,0.29172094535253923,0.38718550347162317,0.26352251315135045,0.0,0.22403358235598228,0.0,0.0,0.462111304906057,0.0,0.6712491678445656,0.0,0.0,0.0,0.17307139608532845,0.0,0.4128370316934352,0.2483231506866148,0.03533930077371761,0.4282691606302807,0.17370663175695145,0.4278513890225511,0.0,0.0,0.0,0.34972028455239496,0.0,0.0,0.0,0.17918474516688862,0.1504994430495048,0.0,0.3033827940193342,0.23664020559830642,0.0,0.0,0.3503047453328305,0.0,0.0,0.0,0.0,0.0,0.1673465221721776,0.0,0.0,0.0,0.0,0.027681560443158986,0.47021618433509005,0.0,0.0,0.0,0.0,0.18304995133705937,0.0,0.28549025505012654,0.06443896111831782,0.0,0.0,0.0,0.08292364414967013,0.0,0.47047372164106704,0.0,0.2536896538493195,0.0,0.0,0.3802562901612302,0.36137855052948,0.0,0.0,0.5047328879196833,0.3555832228834606,0.47875594053948944,0.4490781906723668,0.24289510133844608
0.0,0.0,0.0,0.0,0.0,0.0,0.0,0.0,0.0,0.0,0.0,0.0,0.0,0.0,0.4976271390914917,0.29439204931259155,0.0,0.0,0.0,0.0,0.0,0.0,0.0,0.0,0.0,0.0,0.0,0.0,0.0,0.0,0.0,0.0,0.20293953212392424,0.0,0.0,0.0,0.0,0.0,0.0,0.0,0.0,0.0,0.0,0.0,0.0,0.0,0.0,0.0,0.0,0.0,0.0,0.0,0.0,0.0,0.0,0.0,0.0,0.0,0.0,0.0,0.0,0.0,0.0,0.0,0.0,0.0,0.0,0.0,0.0,0.0,0.0,0.0,0.0,0.0,0.0,0.0,0.0,0.0,0.0,0.0,0.0,0.0,0.0,0.0,0.0,0.0,0.0,0.0,0.0,0.0,0.0,0.5013007468387656,0.0,0.0,0.0,0.0,0.0,0.0,0.0,0.0
0.0,0.0,0.0,0.0,0.0,0.31522772309504,0.24983620217113953,0.3836755189503756,0.0,0.0,0.0,0.0,0.0,0.0,0.0,0.0,0.0,0.0,0.0,0.3144634963172518,0.0,0.0,0.0,0.0,0.0,0.32662791979673095,0.0,0.0,0.0,0.330739289522171,0.0,0.0,0.12048460339665261,0.0,0.0,0.0,0.0,0.0,0.336258621580285,0.0,0.0,0.0,0.0,0.0,0.5975242356453441,0.0,0.0,0.0,0.0,0.49065318716699885,0.0,0.0,0.0,0.5379021746616885,0.8017877340316772,0.0,0.0,0.0,0.0,0.0,0.32788072346155384,0.0,0.0,0.0,0.0,0.0,0.3319238320093074,0.0,0.0,0.0,0.0,0.0,0.0,0.0,0.0,0.0,0.0,0.0,0.0,0.0,0.0,0.0,0.0,0.0,0.0,0.0,0.0,0.0,0.4852619616688553,0.0,0.0,0.0,0.0,0.0,0.0,0.0,0.17175865880342495,0.0,0.0,0.16603655093287717
0.1525902812345521,0.35114541717612324,0.0,0.13955336933278423,0.28507091299794135,0.25794190294565666,0.27915013989739423,0.04610832102652124,0.3170333867885878,0.15025261275972376,0.5990612248240268,0.6118201674459627,0.18598425236600044,0.04867405471138175,0.2097454357888937,0.4127819149424813,0.20918481739379544,0.3607445427690622,0.0,0.16756067389569956,0.4712768298948079,0.0,0.1890447379055888,0.08399683549466558,0.6991203570309891,0.1752723683558163,0.44835448818568824,0.33519709251385893,0.1435375525952841,0.10779559807885228,0.0,0.0,0.3727923244054208,0.0,0.2543932505251387,0.6042891640545553,0.0,0.3993948793685683,-0.003419078284585625,-0.008947312121092982,-0.03695741203664159,0.006969998089536952,-0.01720226607850142,0.13886300284518496,0.448375894887705,0.17378403462690126,0.4234525263309479,0.0,0.24217464615293816,0.23343448372127165,0.19678375124931335,0.2098255397398598,0.0,0.3766522484090033,0.5630013497797837,0.0,0.20022582441141368,0.16324284502911832,0.0,0.0,0.3375740010700198,0.8591788411140442,0.3723428534964759,0.14392111951370365,0.23211592435836792,0.20411562214830603,0.09426219840283644,0.3769268551463695,0.08054521227928109,0.0,0.12100587681099893,0.24029468832763382,0.4015615011381379,0.3628535397235907,0.0,0.0,0.0,0.42722133316424704,0.0,0.2495098385217564,0.034344274385988645,0.0,0.0,0.108180932700634,0.2866596038638857,0.0,0.0688187582215406,0.0,0.3007209331518852,0.12179675268425136,0.0,0.12612360589255922,0.1410006495671399,0.20820712764403854,0.7305829524993896,0.24383616753033455,-0.020133448666457117,0.34430720593084363,0.41790031675607975,0.05944387732437744
0.0,0.0,0.0,0.0,0.0,0.0,0.0,0.0,0.0,0.0,0.0,0.0,0.0,0.0,0.0,0.0,0.0,0.0,0.0,0.0,0.0,0.0,0.0,0.19084485035485108,0.0,0.5802759415092282,0.0,0.0,0.0,0.0,0.0,0.0,0.0,0.0,0.0,0.0,0.0,0.0,0.0,0.0,0.0,0.0,0.0,0.0,0.694271981716156,0.0,0.0,0.0,0.0,0.0,0.0,0.0,0.0,0.0,0.0,0.0,0.0,0.0,0.0,0.0,0.0,0.0,0.0,0.0,0.0,0.0,0.18549342719107553,0.0,0.0,0.0,0.0,0.6013083457946777,0.0,0.0,0.0,0.0,0.0,0.0,0.0,0.597928955042704,0.0,0.0,0.0,0.0,0.0,0.0,0.0,0.0,0.0,0.0,0.0,0.4065864384174347,0.0,0.0,0.0,0.0,0.0,0.0,0.0,0.0
0.0,0.0,0.0,0.0,0.0,0.0,0.0,0.0,0.0,0.0,0.0,0.0,0.0,0.0,0.0,0.0,0.0,0.0,0.0,0.0,0.0,0.0,0.0,0.0,0.0,0.0,0.0,0.0,0.0,0.0,0.0,0.0,0.0,0.0,0.0,0.0,0.0,0.0,0.0,0.0,0.0,0.0,0.0,0.0,0.0,0.0,0.0,0.0,0.0,0.0,0.0,0.0,0.0,0.0,0.0,0.0,0.0,0.0,0.0,0.0,0.0,0.0,0.0,0.0,0.0,0.0,0.0,0.0,0.0,0.0,0.0,0.0,0.0,0.0,0.0,0.0,0.0,0.0,0.0,0.0,0.0,0.0,0.0,0.0,0.0,0.0,0.0,0.0,0.0,0.0,0.0,0.0,0.0,0.0,0.0,0.0,0.0,0.0,0.0,0.0
0.0,0.0,0.0,0.0,0.0,0.15591505527834548,0.18596801521892375,0.01670786700035876,0.0,0.0,0.0,0.0,0.7963939309120178,0.0,0.3699762654907698,0.21887486119365754,0.0,0.0,0.0,0.21769361393388328,0.0,0.0,0.0,0.16509774600346858,0.0,0.15917518865857716,0.40399158279719977,0.0,0.0,0.2778020263011811,0.0,0.0,0.12183858166833199,0.0,0.7434808844353391,0.2798483371734619,0.0,0.0,0.09410141610948314,0.0,0.17262302909337435,0.0,0.3067823044824721,0.0,0.06871693176795171,0.0,0.0,0.0,0.0,0.1915828646591351,0.0,0.0,0.0,0.15053102914106262,0.22437896413484282,0.0,0.0,0.0,0.0,0.0,0.24803434855153536,0.0,0.0,0.0,0.0,0.0,0.27417016196092503,0.0,0.0,0.0,0.0,0.20616552233695984,0.0,0.0,0.0,0.0,0.0,0.0,0.0,0.14763653907400176,0.0,0.0,0.0,0.0,0.0,0.0,0.0,0.0,0.13579975306656136,0.0,0.0,0.3727075226277815,0.0,0.0,0.0,0.0,0.09786167809031447,0.0,0.4063343006137963,0.16903213783660365
0.0,0.0,0.0,0.0,0.0,0.21281562745571136,0.13830447873734109,0.24262146535251408,0.0,0.0,0.0,0.0,0.0,0.0,0.0,0.0,0.0,0.0,0.0,0.21994979032876305,0.0,0.0,0.0,0.0,0.0,0.2245571954963843,0.0,0.0,0.0,0.0,0.0,0.0,0.0,0.0,0.0,0.0,0.0,0.0,0.0,0.0,0.0,0.0,0.15200604498386383,0.0,0.14580066270314163,0.0,0.0,0.0,0.0,0.0,0.0,0.0,0.0,0.0,0.0,0.0,0.0,0.0,0.0,0.0,0.5830884406878476,0.0,0.0,0.0,0.0,0.0,0.0,0.0,0.0,0.0,0.0,0.0,0.0,0.0,0.0,0.0,0.0,0.0,0.0,0.0,0.0,0.0,0.0,0.0,0.0,0.0,0.0,0.0,0.0,0.0,0.0,0.0,0.0,0.0,0.0,0.0,0.0,0.0,0.0,0.0
0.0,0.0,0.0,0.0,0.0,0.0,0.0,0.7671228647232056,0.0,0.0,0.0,0.0,0.0,0.0,0.0,0.0,0.0,0.0,0.0,0.0,0.0,0.0,0.0,0.0,0.0,0.0,0.0,0.0,0.0,0.0,0.0,0.0,0.0,0.0,0.0,0.0,0.0,0.0,0.0,0.0,0.0,0.0,0.0,0.0,0.0,0.0,0.0,0.0,0.0,0.0,0.0,0.0,0.0,0.0,0.0,0.0,0.0,0.0,0.0,0.0,0.0,0.0,0.0,0.0,0.0,0.0,0.0,0.0,0.0,0.0,0.0,0.0,0.0,0.0,0.0,0.0,0.0,0.0,0.0,0.0,0.0,0.0,0.0,0.0,0.0,0.0,0.0,0.0,0.0,0.0,0.0,0.0,0.0,0.0,0.0,0.0,0.0,0.0,0.0,0.0
0.0,0.0,0.0,0.0,0.0,0.0,0.0,0.0,0.0,0.0,0.0,0.0,0.0,0.0,0.0,0.0,0.0,0.0,0.0,0.0,0.0,0.0,0.0,0.0,0.0,0.0,0.0,0.0,0.0,0.0,0.0,0.0,0.0,0.0,0.0,0.0,0.0,0.0,0.0,0.0,0.0,0.0,0.0,0.0,0.0,0.0,0.0,0.0,0.0,0.0,0.0,0.0,0.0,0.0,0.0,0.0,0.0,0.0,0.0,0.0,0.0,0.0,0.0,0.0,0.0,0.0,0.0,0.0,0.0,0.0,0.0,0.0,0.0,0.0,0.0,0.0,0.0,0.0,0.0,0.0,0.0,0.0,0.0,0.0,0.0,0.0,0.0,0.0,0.0,0.0,0.0,0.0,0.0,0.0,0.0,0.0,0.0,0.0,0.0,0.0
0.0,0.0,0.0,0.0,0.0,0.0,0.0,-0.039574808973715125,0.0,0.0,0.0,0.0,0.0,0.0,0.0,0.0,0.0,0.0,0.0,0.0,0.0,0.0,0.0,0.0,0.0,0.44691747426986694,0.0,0.0,0.0,0.0,0.0,0.0,0.0,0.0,0.0,0.0,0.0,0.0,0.45889311829077606,0.0,0.0,0.0,0.0,0.0,0.0,0.0,0.0,0.0,0.0,0.0,0.0,0.0,0.0,0.0,0.0,0.0,0.0,0.0,0.0,0.0,0.0,0.0,0.0,0.0,0.0,0.0,0.0,0.0,0.0,0.0,0.0,0.0,0.0,0.0,0.0,0.0,0.0,0.0,0.0,0.0,0.0,0.0,0.0,0.0,0.0,0.0,0.0,0.0,0.7529334425926208,0.0,0.0,0.0,0.0,0.0,0.0,0.0,0.5089391469955444,0.0,0.0,0.0
0.0,0.0,0.0,0.0,0.0,0.0,0.0,0.0,0.0,0.0,0.0,0.0,0.0,0.0,0.0,0.0,0.0,0.0,0.0,0.0,0.0,0.0,0.0,0.0,0.0,0.0,0.0,0.0,0.0,0.0,0.0,0.0,0.0,0.0,0.0,0.0,0.0,0.0,0.0,0.0,0.0,0.0,0.0,0.0,0.0,0.0,0.0,0.0,0.0,0.0,0.0,0.0,0.0,0.0,0.0,0.0,0.0,0.0,0.0,0.0,0.0,0.0,0.0,0.0,0.0,0.0,0.0,0.0,0.0,0.0,0.0,0.0,0.0,0.0,0.0,0.0,0.0,0.0,0.0,0.0,0.0,0.0,0.0,0.0,0.0,0.0,0.0,0.0,0.0,0.0,0.0,0.0,0.0,0.0,0.0,0.0,0.0,0.0,0.0,0.0
0.0,0.0,0.0,0.0,0.0,0.026972755501972756,0.01752903644534482,0.3021386421622452,0.0,0.0,0.0,0.0,0.0,0.0,0.0,0.0,0.0,0.0,0.0,0.11460058057748722,0.0,0.0,0.0,0.0,0.0,0.028460909580492,0.0,0.0,0.0,0.0,0.0,0.0,0.0,0.0,0.0,0.0,0.0,0.0,0.0,0.0,0.12674236297607422,0.35377413034439087,0.12883409690600445,0.0,0.018479120514473743,0.0,0.0,0.0,0.0,0.0,0.0,0.0,0.0,0.0,0.0,0.0,0.0,0.0,0.0,0.0,0.0739020067968123,0.0,0.0,0.0,0.0,0.0,0.0,0.0,0.0,0.0,0.0,0.0,0.0,0.0,0.0,0.0,0.0,0.0,0.0,0.0,0.0,0.0,0.0,0.0,0.19381412863731384,0.0,0.0,0.0,0.0,0.0,0.0,0.0,0.0,0.0,0.0,0.0,0.0,0.0,0.0,0.0
0.0,0.2817922256743321,0.0,0.0,0.0,0.09530223775941579,0.09132460849461235,0.017707298834707917,0.24249775722401248,0.30607013371983677,0.0,0.0,0.08776840804517556,0.0,0.2758408923565592,0.5860478458628993,0.0,0.0,0.0,0.23810578216390912,0.039757326122806476,0.0,0.0,0.14333885967519838,0.0,0.1407233046150132,0.1098597392898604,0.222091904851073,0.0,0.12240511558588127,0.0,0.0,0.22223580723396558,0.0,0.08028770067791334,0.026330917713222764,0.0,0.2891502868762018,0.18137006754617035,0.094089955935317,0.04541710478085197,0.2992952103682687,0.06792038824558037,0.5947946224029299,0.1964295090857202,0.3087946919884381,0.0,0.0,0.0,0.3946756363349424,0.0,0.0,0.0,0.17691810124369936,0.04873429516611717,0.0,0.223172799750698,0.0,0.0,0.0,0.09346560036141668,0.0,0.3499365746974945,0.0,0.0,0.0,0.1110609406810601,0.34561864776561535,0.0,0.0,0.0,0.23262979729425753,0.0,0.3386270403983884,0.0,0.0,0.0,0.0,0.0,0.21497070916315053,0.0,0.0,0.0,0.0,0.06354915854162346,0.0,0.0,0.0,0.43692109095912945,0.1178789883852005,0.0,0.22969983052121767,0.0,0.0,0.0,0.0620128978711387,0.34267127089030397,0.0,0.04478099758769085,0.23557587428842736
0.0,0.4707099897211125,0.20672317077596514,0.0,0.0,0.08543961533081974,0.0398235070626935,0.08274139325569109,0.4050719161508262,0.5077972722198891,0.0,0.0,0.6044320881728602,0.38112530695234315,0.4095207717513313,0.19616657426065762,0.2794266885550927,0.226479221873688,0.0,0.20828960228208307,0.0,0.0,0.0,0.14617438083463719,0.13718259410854752,0.09641414425756406,0.3909068748856303,0.23070918878674707,0.0,0.10612421579494628,0.8441035151481628,0.0,0.3337392534772337,0.0,0.5707424186566836,0.0,0.0,0.5049474688963329,0.29421164669062283,0.0,0.10495195452320404,0.2786491530705732,0.6799042962472592,0.12847360671881783,0.32283520696092294,0.5338753055160472,0.0,0.0,0.0,0.22425258677723708,0.0,0.0,0.19358894740285212,0.15155696608983257,0.14285162260242057,0.0,0.3134031373967715,0.13589847933588547,0.5984086394309998,0.0,0.15490367858788434,0.0,0.0,0.0,0.0,0.0,0.05299643854599939,0.0,0.0,0.0,0.0,0.37504683527474936,0.26852449085287267,0.5568694065675892,0.0,0.0,0.2027743011713028,0.0,0.0,0.34847124848880723,0.8515450358390808,0.0,0.0,0.0,0.005952390217130968,0.0,0.0,0.0,0.2756709093449994,0.0,0.0,0.6527974166636402,0.0,0.1246914946323594,0.0,0.0,0.5280266550594637,0.0,0.423683997093842,0.3326655429481002
0.0,0.0,0.0,0.0,0.0,0.07367464260913553,0.06420313098912572,-0.0417048730711737,0.0,0.10386114938250575,0.0,0.0,0.0,0.0,0.16112926073547795,0.1971464221555692,0.0,0.09743199811359016,0.0,0.05899671459706562,0.0,0.0,0.0,0.2671460588710515,0.0,0.3799907783453404,0.008388360432759397,0.0,0.0,0.0,0.0,0.0,0.06852213738336327,0.0,0.0,0.0,0.0,0.0,0.08811233449305783,0.0,0.0026514331079901285,0.040205723592061746,0.0017805651448540112,0.1585790447927598,0.05803170028678512,0.0,0.0,0.0,0.0,0.19809605041368883,0.0,0.0,0.0,0.0,0.0,0.0,0.0,0.0,0.0,0.0,0.48247074375787186,0.0,0.0,0.0,0.0,0.0,0.18435436407075798,0.0,0.0,0.0,0.0,0.4814383089542389,0.11551999106046651,0.0,0.0,0.0,0.0,0.19245266914367676,0.0,0.47477419168141033,0.0,0.0,0.0,0.0,0.0,0.0,0.0,0.0,0.11939946611886207,0.0,0.0,0.11386168842961497,0.0,0.0,0.0,0.0,0.11272102022680489,0.0,0.011473215927138113,0.048049246778509525
0.0,0.0,0.0,0.0,0.0,0.0,0.0,0.0,0.0,0.0,0.0,0.0,0.0,0.0,0.0,0.0,0.0,0.0,0.0,0.0,0.0,0.0,0.0,0.0,0.0,0.0,0.0,0.0,0.0,0.0,0.0,0.0,0.0,0.0,0.0,0.0,0.0,0.0,0.0,0.0,0.0,0.0,0.0,0.0,0.0,0.0,0.0,0.0,0.0,0.0,0.0,0.0,0.0,0.0,0.0,0.0,0.0,0.0,0.0,0.0,0.0,0.0,0.0,0.0,0.0,0.0,0.0,0.0,0.0,0.0,0.0,0.0,0.0,0.0,0.0,0.0,0.0,0.0,0.0,0.0,0.0,0.0,0.0,0.0,0.0,0.0,0.0,0.0,0.0,0.0,0.0,0.0,0.0,0.0,0.0,0.0,0.0,0.0,0.0,0.0
0.775421142578125,0.3461536467568015,0.0,0.17786460380153457,0.27346739160116623,0.10008891578723388,0.0568115938015817,0.20066737210016228,0.3111630862907009,0.17220036757481688,0.0,0.22753577109294015,0.3017697481464129,0.0,0.27235866887711474,0.24920753857988429,0.28787950130257417,0.24744490476465186,0.0,0.16910065659258935,0.09801204044545331,0.0,0.17996468586825765,0.10850665855650334,0.16755403005002048,0.16976789733554293,0.23360619700342067,0.10288923725447546,0.6256584744506932,0.22131695748986935,0.0,0.0,0.24934344051314597,0.0,0.31196698730953354,0.10576733099419752,0.0,0.24550467442343746,-0.0744446854634341,0.2285389028647365,0.1535634183243299,0.5088569458971083,0.04733178040504108,0.21034615245989413,0.09167200323384961,0.16052712120273677,0.0,0.0,0.243284060028083,0.20482301752728344,0.0,0.5021019043506385,0.0,0.2407113175922951,0.2385548765220117,0.0,0.10386406570931478,0.20806039118575187,0.0,0.0,0.21348507913405868,0.0,0.0,0.2657782290053561,0.0,0.2601509690284729,0.023184659520953197,0.0,0.40930824708811997,0.0,0.6149180307966162,0.28719706437261006,0.24126724805633543,0.28831252433483157,0.0,0.0,0.0,0.35689699238582956,0.0,0.29066832905386886,0.09426500896201137,0.0,0.0,0.0,0.06103314266608983,0.0,0.3474903367789426,0.0,0.08396477200566681,0.3652770962788146,0.0,0.11127611389642553,0.12605317423438134,0.22463657723069202,0.0,0.11119143715249999,0.07091902505005225,0.33810799311897044,0.2733549693964026,0.2564293998280089
0.0,0.0,0.0,0.0,0.0,0.0,0.09614277631044388,-0.009479566556157032,0.0,0.0,0.0,0.0,0.0,0.0,0.0,0.0,0.0,0.0,0.0,0.0,0.0,0.0,0.0,0.0,0.0,0.4313252464158204,0.0,0.0,0.183913916349411,0.0,0.0,0.0,0.0,0.0,0.0,0.0,0.0,0.0,0.4374766716476427,0.0,0.0,0.0,0.0,0.5076354146003723,0.0,0.0,0.0,0.0,0.0,0.0,0.0,0.0,0.0,0.0,0.0,0.0,0.0,0.0,0.0,0.0,0.0,0.0,0.0,0.0,0.0,0.0,0.0,0.0,0.0,0.0,0.0,0.0,0.0,0.0,0.0,0.0,0.0,0.0,0.0,0.0,0.0,0.0,0.0,0.0,0.0,0.0,0.0,0.0,0.4914957300978635,0.0,0.0,0.0,0.0,0.0,0.0,0.0,0.48371449790413834,0.0,0.0,0.0
0.0,0.0,0.0,0.0,0.0,0.01949927464622795,0.012672175666535772,0.2845877512295922,0.0,0.29733145562659224,0.0,0.0,0.0,0.3259281814098358,0.26664992561823314,0.0,0.0,0.0,0.0,0.21968762658054203,0.0,0.0,0.0,0.0,0.0,0.020575098178266738,0.0,0.0,0.0,0.0,0.0,0.0,0.27511983900775605,0.0,0.0,0.0,0.0,0.0,0.0,0.0,0.0916252010218841,0.3700322334277797,0.09313736741450794,0.0,0.06091644382901597,0.7229248285293579,0.0,0.0,0.0,0.0,0.0,0.0,0.0,0.0,0.0,0.0,0.0,0.0,0.0,0.0,0.05342559559156098,0.0,0.0,0.0,0.0,0.0,0.3335492907567801,0.0,0.0,0.0,0.0,0.0,0.0,0.0,0.0,0.0,0.0,0.0,0.0,0.0,0.0,0.0,0.0,0.0,0.14011304571169703,0.0,0.0,0.0,0.0,0.0,0.0,0.2023675198348407,0.0,0.0,0.0,0.0,0.09011765930431208,0.0,0.0,0.3023829772376398
0.0,0.0,0.0,0.0,0.0,0.0,0.0,0.7653810311983551,0.0,0.0,0.0,0.0,0.0,0.0,0.0,0.0,0.0,0.0,0.0,0.0,0.0,0.0,0.0,0.0,0.0,0.0,0.0,0.0,0.0,0.0,0.0,0.0,0.0,0.0,0.0,0.0,0.0,0.0,0.3568080584091451,0.0,0.0,0.0,0.0,0.0,0.0,0.0,0.0,0.0,0.0,0.7189043760299683,0.0,0.0,0.0,0.0,0.0,0.0,0.0,0.0,0.0,0.0,0.0,0.0,0.0,0.0,0.0,0.0,0.0,0.0,0.0,0.0,0.0,0.0,0.0,0.0,0.0,0.0,0.0,0.0,0.0,0.0,0.0,0.0,0.0,0.0,0.0,0.0,0.0,0.0,0.7618159651756287,0.0,0.0,0.0,0.0,0.0,0.0,0.0,0.0,0.0,0.0,0.0
0.0,0.0,0.0,0.0,0.0,0.0,0.0,0.4263103197105519,0.0,0.0,0.0,0.0,0.0,0.0,0.0,0.0,0.0,0.0,0.0,0.0,0.0,0.0,0.0,0.0,0.0,0.0,0.0,0.0,0.0,0.0,0.0,0.0,0.0,0.0,0.0,0.0,0.0,0.0,0.3744891882182507,0.0,0.0,0.0,0.0,0.0,0.6914635896682739,0.0,0.0,0.0,0.0,0.521489763039817,0.0,0.0,0.0,0.545049250125885,0.0,0.0,0.0,0.0,0.0,0.0,0.0,0.0,0.0,0.0,0.0,0.0,0.0,0.0,0.0,0.0,0.0,0.0,0.0,0.0,0.0,0.0,0.0,0.0,0.0,0.0,0.0,0.0,0.0,0.0,0.0,0.0,0.0,0.0,0.5093662228164497,0.0,0.0,0.0,0.0,0.0,0.0,0.0,0.0,0.0,0.0,0.0
0.0,0.0,0.0,0.0,0.0,0.0,0.0,0.4093583886455383,0.0,0.0,0.0,0.0,0.0,0.0,0.23750045895576477,0.0,0.0,0.0,0.0,0.0,0.0,0.0,0.0,0.0,0.0,0.0,0.0,0.0,0.0,0.0,0.0,0.0,0.20386053112464264,0.0,0.0,0.0,0.0,0.0,0.335235170452308,0.0,0.0,0.0,0.14807823300361633,0.0,0.0,0.0,0.0,0.0,0.0,0.5086443084395427,0.0,0.0,0.0,0.5348426103591919,0.0,0.0,0.0,0.0,0.0,0.0,0.0,0.0,0.0,0.0,0.0,0.0,0.0,0.0,0.0,0.0,0.0,0.0,0.0,0.0,0.0,0.0,0.0,0.0,0.0,0.0,0.0,0.0,0.0,0.0,0.0,0.0,0.0,0.0,0.40745163942784046,0.0,0.0,0.2397186046997284,0.0,0.0,0.0,0.0,0.0,0.0,0.0,0.0
0.0,0.0,0.0,0.0,0.0,0.0,0.0,-0.006602145798907383,0.0,0.0,0.0,0.0,0.0,0.0,0.0,0.0,0.0,0.0,0.0,0.0,0.0,0.0,0.0,0.6379170417785645,0.0,0.07455789179345995,0.0,0.0,0.0,0.0,0.0,0.0,0.0,0.0,0.0,0.0,0.0,0.0,0.07655575229897418,0.0,0.0,0.0,0.0,0.1668269783258438,0.0,0.0,0.0,0.0,0.0,0.0,0.0,0.0,0.0,0.0,0.0,0.0,0.0,0.0,0.0,0.0,0.0,0.0,0.0,0.0,0.0,0.0,0.3067442136795506,0.0,0.0,0.0,0.0,0.0,0.0,0.0,0.0,0.0,0.0,0.0,0.0,0.0,0.0,0.0,0.0,0.0,0.0,0.0,0.0,0.0,0.12560961110820212,0.0,0.0,0.0,0.0,0.0,0.0,0.0,0.08490478004499913,0.0,0.0,0.0
0.0,0.0,0.0,0.0,0.0,0.06233719107187426,0.05459560753381176,0.050759282301409615,0.0,0.0,0.0,0.0,0.0,0.0,0.0,0.0,0.0,0.0,0.0,0.06438257206008752,0.0,0.0,0.0,0.0,0.0,0.06474591548031554,0.12140932396764725,0.0,0.0,0.0,0.0,0.0,0.6036007955998208,0.0,0.0,0.0,0.0,0.0,0.0,0.0,0.16419563612197052,0.0,0.14893978968876048,0.0,0.13863719579800354,0.0,0.0,0.0,0.0,0.0,0.0,0.0,0.0,0.0,0.0,0.0,0.0,0.0,0.0,0.0,0.10711017885661459,0.0,0.0,0.0,0.0,0.0,0.0,0.0,0.0,0.0,0.0,0.0,0.0,0.0,0.0,0.0,0.0,0.0,0.0,0.0,0.0,0.0,0.0,0.0,0.0,0.0,0.0,0.0,0.0,0.0,0.0,0.0,0.0,0.0,0.0,0.0,0.1236639642766626,0.0,0.16605812311172485,0.6099475026130676
0.0,0.5732622801013463,0.0,0.0,0.0,0.1401879778864135,0.10868092815806316,0.3581239121516852,0.49332382003455216,0.5840110002051802,0.0,0.0,0.0,0.0,0.5468256033313419,0.018472438497341148,0.18339939415454865,0.0,0.0,0.4509600080383703,0.0,0.0,0.0,0.32134933347220807,0.0,0.26057714484177885,0.0,0.16312253541346908,0.0,0.12924520670704925,0.0,0.0,0.3858183729984533,0.0,0.0,0.0,0.0,0.5803356683487877,0.31431820589099624,0.0,0.07571155274338345,0.290948229633043,0.07696108305071198,0.19598651800956138,0.4797369055783108,0.5973657975563853,0.0,0.0,0.0,0.264555527223436,0.0,0.0,0.0,0.24599843759438997,0.0,0.0,0.37113913739764703,0.0,0.0,0.0,0.12548531341502014,0.0,0.0,0.0,0.0,0.0,0.17182578549698563,0.0,0.0,0.0,0.0,0.4514465387056937,0.0,0.6037201285362244,0.0,0.0,0.0,0.0,0.0,0.42039032282489835,0.0,0.0,0.0,0.0,0.11577793153112484,0.0,0.0,0.0,0.4302256898487481,0.0,0.0,0.42209331234787795,0.0,0.0,0.0,0.0,0.6623024864734228,0.0,0.0,0.3742881959564276
0.0,0.14347070508978854,0.0,0.0,0.0,0.47456624484618837,0.4740381073582203,0.035235676502711526,0.12346445729070556,0.47348934412002563,0.0,0.0,0.4954522033011912,0.0,0.35821345062432897,0.19885798027110255,0.6145421943479263,0.0,0.0,0.25164182041672445,0.09334304913531266,0.0,0.0,0.10814056870579176,0.0,0.20197576203146533,0.41742763523861487,0.061941795299384234,0.7667726278305054,0.05689015648698072,0.0,0.0,0.2663741943230345,0.0,0.46522919967055404,0.0,0.0,0.0,0.2738016900989254,0.0,0.29954480802772765,0.16651569872286195,0.12564165283277454,0.2799849856891554,0.3565140055974996,0.052140501563524684,0.0,0.0,0.0,0.27466962054018496,0.0,0.0,0.0,0.15671899799989877,0.15988677485770708,0.0,0.1181145977641096,0.22019427600547115,0.0,0.0,0.23100317699203055,0.14749549329280853,0.0,0.6185580492019653,0.0,0.0,0.08460506053519959,0.0,0.0,0.0,0.0,0.0,0.0,0.0,0.0,0.0,0.0,0.0,0.0,0.0,0.0,0.0,0.0,0.0,0.1213348046748449,0.0,0.31634756907120476,0.0,0.49889442715854365,0.0,0.0,0.34389274065474473,0.0,0.0,0.0,0.061509735873152595,0.16332796098292446,0.831638753414154,0.42882064731385827,0.31395654172028087
0.0,0.0,0.0,0.0,0.0,0.0,0.0,0.13227815926074982,0.0,0.0,0.0,0.0,0.0,0.0,0.0,0.0,0.0,0.0,0.0,0.0,0.0,0.0,0.0,0.0,0.0,0.0,0.0,0.0,0.0,0.0,0.0,0.0,0.0,0.0,0.0,0.0,0.0,0.0,0.0,0.0,0.0,0.0,0.0,0.0,0.0,0.0,0.0,0.0,0.0,0.0,0.0,0.0,0.0,0.0,0.0,0.0,0.0,0.0,0.0,0.0,0.0,0.0,0.0,0.0,0.0,0.0,0.0,0.0,0.0,0.0,0.0,0.0,0.0,0.0,0.0,0.0,0.0,0.0,0.0,0.0,0.0,0.0,0.0,0.0,0.0,0.0,0.0,0.0,0.0,0.0,0.0,0.0,0.0,0.0,0.0,0.0,0.0,0.0,0.0,0.0
0.0,0.20502957701683044,0.0,0.0,0.0,0.116703658918437,0.13416894182313635,0.13568859886568108,0.1764392629079481,0.0,0.0,0.0,0.0,0.0,0.0,0.0,0.0,0.0,0.0,0.2672901449416942,0.6328535676002502,0.0,0.0,0.3592069773912002,0.0,0.1655842202298956,0.253533166575492,0.20151203084110186,0.0,0.21262933399326522,0.0,0.0,0.12284777103731574,0.0,0.0,0.0,0.0,0.0,0.09724156694474531,0.0,0.04480415114650163,0.2315065389010739,0.045543591069777734,0.1574292178638943,0.10657971236504873,0.3535057268496685,0.0,0.0,0.0,0.39067540517031124,0.0,0.0,0.0,0.2165881033217243,0.0,0.0,0.4182589426793027,0.0,0.0,0.0,0.11969958215956383,0.0,0.0,0.0,0.0,0.0,0.32336485276230803,0.0,0.0,0.0,0.0,0.0,0.0,0.0,0.0,0.0,0.0,0.0,0.0,0.0,0.0,0.0,0.0,0.0,0.12741679269636222,0.0,0.0,0.0,0.12430650401228746,0.0,0.0,0.0,0.0,0.0,0.0,0.41702790031044046,0.14576409281550828,0.0,0.0,0.16929316790525617
0.0,0.3083668101065843,0.0,0.0,0.0,0.11111063795174694,0.10339167192039733,0.1301651153657464,0.26536665330004894,0.3204409538074291,0.0,0.0,0.0,0.0,0.30519556594099106,0.0,0.0,0.0,0.0,0.1847311144717407,0.04725102340841136,0.0,0.0,0.16123705523143725,0.0,0.23358970704056714,0.07765201871249744,0.2080671420741832,0.0,0.1630688195073029,0.0,0.0,0.3071615465397029,0.0,0.0,0.0,0.0,0.3161961570300569,0.13412378953579468,0.0,0.042614716077532214,0.2813891233874554,0.04331802194496774,0.12021722016490412,0.20371390777721543,0.3362310365444015,0.0,0.0,0.0,0.19040109102678476,0.0,0.0,0.0,0.266713344718952,0.0,0.0,0.2462559332128565,0.0,0.0,0.0,0.10485167893118634,0.0,0.0,0.0,0.0,0.0,0.45115797698831206,0.4107629060745239,0.0,0.0,0.0,0.2515482090634192,0.0,0.36179207321033147,0.0,0.0,0.0,0.0,0.0,0.2330438428330573,0.0,0.0,0.0,0.0,0.06956418021196994,0.0,0.0,0.0,0.18750310346362448,0.0,0.0,0.33070668029716227,0.0,0.0,0.0,0.07370145768559941,0.13978909162744307,0.0,0.0,0.335443852961246
0.0,0.0,0.0,0.0,0.0,0.15675647026418882,0.15622139864463852,0.0823648322342688,0.0,0.0,0.0,0.0,0.8009793162345886,0.0,0.3742747765590738,0.289002038371419,0.6709944605827332,0.0,0.0,0.161879564936181,0.0,0.0,0.0,0.0,0.0,0.2657529349740584,0.4685067262446578,0.0,0.0,0.0,0.0,0.0,0.1690756483829066,0.0,0.7521189001917783,0.0,0.0,0.0,0.37603280377694426,0.0,0.35386367957768394,0.0,0.14436955505308963,0.23138942796382622,0.14172830235409972,0.0,0.0,0.0,0.0,0.4403674299414444,0.0,0.0,0.0,0.0,0.0,0.0,0.0,0.3008369884163624,0.0,0.0,0.27870083812214075,0.0,0.0,0.0,0.0,0.0,0.0,0.0,0.0,0.0,0.0,0.0,0.0,0.0,0.0,0.0,0.0,0.0,0.0,0.0,0.0,0.0,0.0,0.0,0.0,0.0,0.3314134478569031,0.0,0.5187055912402548,0.0,0.0,0.37703776637768943,0.0,0.0,0.0,0.0,0.16202334137004282,0.0,0.49373323600048874,0.21830450457157619
0.0,0.0,0.0,0.0,0.0,0.0,0.0,-0.006601059189418404,0.0,0.0,0.0,0.0,0.0,0.0,0.0,0.0,0.0,0.0,0.0,0.0,0.0,0.0,0.0,0.35124303856790107,0.0,0.07454562073566018,0.0,0.0,0.0,0.0,0.0,0.0,0.0,0.0,0.0,0.0,0.0,0.0,0.0765431524247185,0.0,0.0,0.0,0.0,0.16679952122580577,0.0,0.0,0.0,0.0,0.0,0.0,0.0,0.0,0.0,0.0,0.0,0.0,0.35545021295547485,0.0,0.0,0.0,0.0,0.0,0.0,0.0,0.0,0.0,0.30370510628485575,0.0,0.0,0.0,0.0,0.0,0.0,0.0,0.0,0.0,0.0,0.0,0.0,0.0,0.0,0.0,0.0,0.0,0.0,0.0,0.0,0.0,0.12558893773934687,0.0,0.0,0.0,0.0,0.0,0.0,0.0,0.0848908060519268,0.0,0.0,0.0
0.0,0.10100926881054129,0.0,0.6836976408958435,0.7904821752541961,0.3915711767072194,0.3871630843317154,0.2396071961240689,0.10007635048984756,0.3613748604846411,0.0,0.22357690674074426,0.6094660130690073,0.0,0.2748858452663683,0.1711343741071648,0.5952602429916451,0.4817618914974877,0.0,0.39188594348401273,0.21187220607981383,0.0,0.6917701922861603,0.42167098551488014,0.0,0.560554574329487,0.26323523839306623,0.033091262501144844,0.0,0.2430803509555451,0.0,0.0,0.3704383555721732,0.0,0.5626362225877223,0.2219694398438064,0.0,0.0,0.15205437694162166,0.646370846170396,0.3458875603611685,0.15035909085016078,0.24387128527050184,0.5428339524938409,0.1848195635008479,0.2823333234758244,0.0,0.0,0.25279703736305237,0.22710944133017985,0.0,0.0,0.0,0.1301994546754559,0.13620643660150134,0.0,0.5949529491284176,0.3057926945990475,0.0,0.0,0.4413251274230537,0.0,0.0,0.5991302728652954,0.0,0.0,0.11246341388646598,0.0,0.0,0.0,0.0,0.22617605592061774,0.5199913085903916,0.0,0.0,0.0,0.0,0.21408483857570793,0.0,0.1929454035002709,0.07111949353739622,0.0,0.0,0.0,0.07444003948120054,0.0,0.6653266678466855,0.0,0.3770479847476307,0.0,0.0,0.23844920000202807,0.12485258281230927,0.0,0.0,0.15238096003811413,0.06498006907841844,0.508208530760696,0.36491906195477997,0.28336644791378596
0.0,0.0,0.0,0.0,0.0,0.0,0.0,0.0,0.0,0.0,0.0,0.0,0.0,0.0,0.0,0.0,0.0,0.0,0.0,0.0,0.0,0.0,0.0,0.0,0.0,0.0,0.0,0.0,0.0,0.0,0.0,0.0,0.0,0.0,0.0,0.0,0.0,0.0,0.0,0.0,0.0,0.0,0.0,0.0,0.0,0.0,0.0,0.0,0.0,0.0,0.0,0.0,0.0,0.0,0.0,0.0,0.0,0.0,0.0,0.0,0.0,0.0,0.0,0.0,0.0,0.0,0.0,0.0,0.0,0.0,0.0,0.0,0.0,0.0,0.0,0.0,0.0,0.0,0.0,0.0,0.0,0.0,0.0,0.0,0.0,0.0,0.0,0.0,0.0,0.0,0.0,0.0,0.0,0.0,0.0,0.0,0.0,0.0,0.0,0.0
0.0,0.5605178405305082,0.0,0.0,0.0,0.1374481552956739,0.1284394145576589,0.3761001484425984,0.4823565266480523,0.5727525152954627,0.0,0.0,0.0,0.0,0.5358263270528408,0.0,0.0,0.0,0.0,0.6533508231123275,0.11503235250711441,0.0,0.0,0.29546955515518925,0.0,0.36795742752675364,0.1890434057315029,0.15949608837974602,0.0,0.12637190109481317,0.0,0.0,0.37806190094186537,0.0,0.0,0.0,0.0,0.573016462031184,0.24137912165310305,0.0,0.0757987188255442,0.309380470639696,0.07704968770674268,0.22549100266865574,0.4734508652977138,0.598053539840133,0.0,0.0,0.0,0.1695935668622807,0.0,0.0,0.0,0.24044438259760295,0.0,0.0,0.4634715870483118,0.0,0.0,0.0,0.12372786160415092,0.0,0.0,0.0,0.0,0.0,0.10034238407171239,0.0,0.0,0.0,0.0,0.4446097772251731,0.0,0.5893722176551819,0.0,0.0,0.0,0.0,0.0,0.41426976350079964,0.0,0.0,0.0,0.0,0.12661777874877106,0.0,0.0,0.0,0.33408094625267426,0.0,0.0,0.41597247070710064,0.0,0.0,0.0,0.17942578698240075,0.1933069523090813,0.0,0.0,0.3667652309570194
0.0,0.4383250958004448,0.0,0.0,0.0,0.10558326453162209,0.05782459479448547,0.13984309203457926,0.3772029281938075,0.549420960829692,0.0,0.0,0.4357864595530973,0.0,0.3688207855421791,0.2649580045219371,0.0,0.25991677843305167,0.0,0.19359799137454417,0.0,0.0,0.0,0.2807302371204441,0.3357429170819515,0.1161421390603212,0.3270729230181823,0.12472598223221626,0.0,0.3222274533855498,0.0,0.0,0.5129300205818487,0.0,0.39864335702748216,0.130737900602266,0.0,0.436119633261682,-0.012552297828788028,0.46717411982058366,0.298445447070512,0.31522131232734285,0.19306813303238302,0.433760463329908,0.11416473624663379,0.4431825210871349,0.0,0.0,0.0,0.19873121171523894,0.0,0.0,0.0,0.27456342949318835,0.33832650948507187,0.0,0.2838289901943096,0.3112529545285998,0.0,0.0,0.17330851575241518,0.0,0.0,0.0,0.0,0.0,0.29622284890299694,0.0,0.0,0.0,0.0,0.3866546119096716,0.3081696414154038,0.46196915345531053,0.0,0.0,0.0,0.3665120601654053,0.0,0.3950793212563366,0.0,0.0,0.0,0.0,0.12757047581436415,0.0,0.591973602771759,0.0,0.2127769708362124,0.5852910876274109,0.0,0.16669958608763463,0.0,0.32707905769348145,0.0,0.0,0.21872672919788283,0.0,0.36734007750696596,0.5004946185758492
0.6080186033819122,0.4351929768770091,0.07680398607687162,0.423721147362909,0.1890665282960833,0.2806055472826754,0.2550953556469271,-0.04537079868435428,0.44722079053711616,0.1490853144396754,0.08700700688814395,0.22435444365582755,0.3615121409713536,0.28726144101946005,0.25812769774522815,0.13648689408582715,0.3734140636280558,0.38915512319829326,0.0,0.0825301892874405,0.08664817402418293,0.0,0.39211551982264703,0.062131099027815356,0.0741849216872462,0.14382148527027278,0.14886747563105723,0.04307868724604039,0.43241290854524794,0.2151876627604058,0.0,0.0,0.18800507400317396,0.0,0.42486900104603426,0.033247708140697455,0.1452389226388373,0.3901873026285284,-0.14041073816289634,0.37450441082258457,0.08822102337377889,0.28878509672405106,0.0003411651076397973,0.08029057499659098,0.06555433088079278,0.10597509039389177,0.0955471436520992,0.0,0.05973353675275764,-0.200524303729929,0.049603982053347095,0.40982958329656477,0.3526592118371341,0.03517698013223766,0.0956665955469824,0.0,0.04666909792019386,0.023050304674474345,0.0,0.0,0.09962278632366864,0.12478620923748855,0.09235728216681896,0.03576287016178679,0.1813475460445833,0.050591171932780774,-0.016203771484210358,0.09265569106055815,0.4527283047263908,0.0,0.4116705431639448,0.37120582651119827,0.39701793192585727,0.43428663353082314,0.0,0.7082511186599731,0.1420381068633354,0.17887113391006737,0.0,0.5034763149397674,-0.0027289431980859202,0.0,0.16658908128738403,0.35913499971323615,-0.11483955317742606,0.0,0.36033785611012026,0.0,-0.14845930757440673,0.4670260635081473,0.0,-0.025203169293536342,0.690254367297723,0.6156678110811536,0.1061090809193122,0.19526239834329281,-0.1465976349907247,0.3524347867110312,0.1866496475193724,0.18143999814719552
0.0,0.0,0.0,0.0,0.0,0.04690564789321911,0.04109541447989735,0.03817232436470197,0.0,0.0,0.0,0.0,0.0,0.0,0.0,0.0,0.0,0.0,0.0,0.04844464877325044,0.0,0.0,0.0,0.2674153745174408,0.0,0.04871700158377274,0.09148315776918992,0.0,0.8672943711280823,0.0,0.0,0.0,0.0,0.0,0.0,0.0,0.0,0.0,0.0,0.0,0.12341267700130487,0.0,0.03378277967317597,0.0,0.03213520843893285,0.0,0.0,0.0,0.0,0.0,0.0,0.0,0.0,0.0,0.0,0.0,0.0,0.0,0.0,0.0,0.08052761545353083,0.0,0.0,0.0,0.0,0.0,0.26454029974232984,0.0,0.0,0.0,0.0,0.0,0.0,0.0,0.0,0.0,0.0,0.0,0.0,0.0,0.0,0.0,0.0,0.0,0.0,0.0,0.0,0.0,0.0,0.0,0.0,0.0,0.0,0.0,0.0,0.0,0.0,0.0,0.12512648105621338,0.0
0.0,0.0,0.0,0.0,0.0,0.0,0.0,0.0,0.0,0.0,0.0,0.0,0.0,0.0,0.0,0.0,0.0,0.0,0.0,0.0,0.0,0.0,0.0,0.2285644474042936,0.0,0.7980884313583374,0.0,0.0,0.0,0.0,0.0,0.0,0.0,0.0,0.0,0.0,0.0,0.0,0.0,0.0,0.0,0.0,0.0,0.0,0.0,0.0,0.0,0.0,0.0,0.0,0.0,0.0,0.0,0.0,0.0,0.0,0.0,0.0,0.0,0.0,0.0,0.0,0.0,0.0,0.0,0.0,0.22215534034177337,0.0,0.0,0.0,0.0,0.0,0.0,0.0,0.0,0.0,0.0,0.0,0.0,0.7161068320274353,0.0,0.0,0.0,0.0,0.0,0.0,0.0,0.0,0.0,0.0,0.0,0.0,0.0,0.0,0.0,0.0,0.0,0.0,0.0,0.0
0.0,0.0,0.0,0.0,0.0,0.41850531777144784,0.4132825323368493,0.5730781887941295,0.0,0.1106906309723854,0.0,0.0,0.0,0.0,0.5326237216051366,0.0,0.0,0.8434211015701294,0.0,0.4108359727045595,0.0,0.0,0.0,0.0,0.0,0.23997894426259941,0.07261392903301633,0.0,0.0,0.0,0.0,0.0,0.14840908088306898,0.0,0.0,0.0,0.0,0.0,0.26587536453441285,0.0,0.022952158181888116,0.12763908682435177,0.01541348063230036,0.2899836301803589,0.29477320685717634,0.0,0.0,0.0,0.0,0.0,0.0,0.0,0.0,0.0,0.0,0.0,0.0,0.0,0.0,0.0,0.34523563544716135,0.0,0.0,0.0,0.0,0.0,0.0,0.0,0.0,0.0,0.0,0.0,0.0,0.0,0.0,0.0,0.0,0.0,0.0,0.0,0.0,0.0,0.0,0.0,0.0,0.0,0.0,0.0,0.21833837296720304,0.0,0.0,0.4664295092052483,0.0,0.0,0.0,0.0,0.27437250806865776,0.0,0.0993180125951767,0.05120876742922831
0.0,0.6526899337768555,0.0,0.0,0.0,0.16167586338314655,0.12508063472712028,0.4695563549253069,0.5616756982021798,0.7115755081176758,0.0,0.0,0.0,0.0,0.7109282267077788,0.0,0.0,0.0,0.0,0.5222129713046794,0.0,0.0,0.0,0.3330758502888437,0.0,0.35586858581322584,0.0,0.18572377868243395,0.0,0.14715261815531733,0.0,0.0,0.4733860923531593,0.0,0.0,0.0,0.0,0.6752077341079712,0.30517256069157084,0.0,0.09590167518615544,0.32805822774063387,0.09748441976510808,0.23052564904066242,0.5206218576454711,0.7566663026809692,0.0,0.0,0.0,0.22201374279987998,0.0,0.0,0.0,0.30882235552093107,0.0,0.0,0.46682604323714827,0.0,0.0,0.0,0.14852773585260065,0.0,0.0,0.0,0.0,0.0,0.1347805095378163,0.0,0.0,0.0,0.0,0.5757652777342059,0.0,0.0,0.0,0.0,0.0,0.0,0.0,0.5252905685633029,0.0,0.0,0.0,0.0,0.14665262012333002,0.0,0.0,0.0,0.44774412760684323,0.0,0.0,0.4580576075506403,0.0,0.0,0.0,0.0,0.1770186385414649,0.0,0.0,0.44772779162321724
0.0,0.0,0.0,0.0,0.6959003210067749,0.28224153071929664,0.6438756824264706,0.10729371724764183,0.0,0.0,0.0,0.0,0.5102135989918111,0.0,0.31051854288622094,0.12092319649183891,0.0,0.0,0.0,0.3201605229449028,0.1839086940453427,0.0,0.0,0.0314830301421865,0.0,0.4581110426189817,0.38116772796999987,0.0,0.0,0.47416654229164124,0.0,0.0,0.08488729807885598,0.0,0.4107556463369028,0.0,0.0,0.5963704586029053,0.04176661202621822,0.0,0.17798016227486474,0.21977161587373684,0.10569623776218656,0.10080331671993657,0.3088856646510734,0.2830652873548617,0.0,0.0,0.0,0.1704755962250583,0.0,0.0,0.0,0.06010880604099715,0.11028142140754138,0.0,0.1142640524636907,0.0,0.0,0.0,0.31468301474286026,0.0,0.0,0.0,0.0,0.0,0.23766827717618394,0.0,0.0,0.0,0.0,0.5884728682109426,0.0,0.0,0.0,0.0,0.0,0.0,0.0,0.5211988819802436,0.0,0.0,0.0,0.0,0.07197922075640893,0.0,0.0,0.0,0.03430507675164199,0.0,0.0,0.2669401074835401,0.0,0.0,0.0,0.17486361393802885,0.060386211920478335,0.5736203254192276,0.3966780826359433,0.18016120753121445
0.0,0.0,0.0,0.0,0.0,0.19917458026910426,0.246905580101956,0.30861213841516516,0.0,0.2843608700415611,0.0,0.0,0.35563085177714227,0.3148547003225888,0.4975111219778463,0.25376834921930047,0.0,0.5031687059502269,0.0,0.17244080401107031,0.2642239527564181,0.0,0.3433397081017171,0.19500162337650798,0.26175047826958675,0.28739331791272005,0.32922908715482263,0.0,0.0,0.0,0.0,0.0,0.270703547837876,0.0,0.41517835842036555,0.0,0.0,0.3679576170560459,0.1300582236505682,0.0,0.19684985304940397,0.216251798930212,-0.11483911909824729,0.327691922932735,0.03639081622429315,0.31381452204476107,0.0,0.0,0.0,0.12797983566669657,0.0,0.0,0.4749031364917755,0.16395360051056942,0.08121445521322534,0.0,0.3333878432863897,0.15956228945184364,0.0,0.0,0.17246505936528997,0.0,0.0,0.0,0.0,0.0,0.09595102441188502,0.0,0.0,0.0,0.0,0.3913630751554328,0.5965806463859133,0.0,0.0,0.0,0.0,0.0,0.0,0.4549653364505854,0.03529806057525339,0.0,0.0,0.35576578974723816,0.11790497374212838,0.0,0.35544192266533253,0.0,0.2247333041955631,0.0,0.0,0.24505981471668087,0.0,0.7884253263473511,0.0,0.2967893195978285,0.14229703004070474,0.2558767893113668,0.31550578785301153,0.295629363082006
0.0,0.0,0.5407280325889587,0.0,0.0,0.03019039000794941,0.025935248900228934,0.1968205743485949,0.0,0.07855209134543892,0.0,0.0,0.0,0.11299063945377705,0.07375935849014438,0.05390074691677754,0.5351412771214541,0.0,0.0,0.057798978702790216,0.0,0.0,0.0,0.024094170661224795,0.0,0.010116319018962894,0.054439016582887904,0.47722044587135315,0.0,0.0,0.0,0.0,0.3350676512354991,0.0,0.0,0.0,0.0,0.12625004351139069,0.41530121267600667,0.0,0.0841442973646631,0.062126631111791245,0.07747731591690649,0.0,0.6490984975784475,0.08300479725316955,0.0,0.0,0.0,0.5114303006926926,0.0,0.0,0.11481801976842565,0.5515194444390907,0.7044858336448669,0.0,0.0,0.4483923870410038,0.0,0.0,0.05416160986467804,0.0,0.0,0.0,0.0,0.0,0.09057921652584605,0.0,0.0,0.0,0.0,0.07591520482034042,0.0,0.0,0.0,0.0,0.0,0.0,0.0,0.07548855659086176,0.0,0.0,0.0,0.0,0.09078624745549928,0.0,0.0,0.0,0.4974986810956549,0.0,0.0,0.10952184917280312,0.0,0.0,0.0,0.0,0.07675525274801046,0.0,0.07445919820961519,0.34103722403521547
0.0,0.0,0.0,0.0,0.0,0.3828195417447459,0.3336047833204874,0.31341109254362176,0.0,0.06644221021876895,0.0,0.0,0.0,0.0,0.4767723384119967,0.40271681547164917,0.0,0.5062647275671281,0.0,0.30655181276296695,0.0,0.0,0.0,0.0,0.0,0.21884752517232375,0.043586615192626986,0.0,0.0,0.0,0.0,0.0,0.12188883875969998,0.0,0.0,0.0,0.0,0.0,0.20627045417821835,0.0,0.013777065913337291,0.07661554518585217,0.009251963886895843,0.27578260403547006,0.2671052398764289,0.0,0.0,0.0,0.0,0.46224525570869446,0.0,0.0,0.0,0.0,0.0,0.0,0.0,0.0,0.0,0.0,0.5144330999270532,0.0,0.0,0.0,0.0,0.0,0.0,0.0,0.0,0.0,0.0,0.0,0.6002514362335205,0.0,0.0,0.0,0.0,0.0,0.0,0.0,0.0,0.0,0.0,0.0,0.0,0.0,0.0,0.0,0.2076459454635841,0.0,0.0,0.360756274143572,0.0,0.0,0.0,0.0,0.21646153448276392,0.0,0.05961577970411369,0.030738136197142617
0.0,0.30167703340738694,0.29678273331129285,0.0,0.0,0.09756377643161226,0.10479622080725101,-0.06842982257876772,0.25960973136225335,0.27816268008884637,0.0,0.0,0.2983604259687959,0.2888160856521559,0.23140480810118286,0.1126466701798192,0.3042609339440664,0.21152669179513028,0.0,0.08403865628918736,0.0,0.0,0.0,0.15397992219186044,0.07491111915415674,0.5775936650529118,0.2085682300009028,0.22704923948631314,0.0,0.1387301477392292,0.26573087575950716,0.0,0.1795086154133001,0.0,0.27854271211681564,0.14891486699389778,0.0,0.34530389380064425,0.2169116185413268,0.1158646343888563,0.08541265292341027,0.16641619634556773,0.1524586089701861,0.16008633033429914,0.18252331709677957,0.25105257286854454,0.0,0.3148083984851837,0.0,0.3337936158133855,0.0,0.0,0.11014349602116326,0.2873172546973005,0.25566551157877176,0.0,0.20310763939305101,0.19604897065040738,0.32569023409439346,0.0,0.1729284908573381,0.0,0.0,0.0,0.0,0.0,0.11162177410686566,0.0,0.0,0.0,0.0,0.31443215465801155,0.25079606308325464,0.37277540582841984,0.0,0.0,0.2958939506201692,0.0,0.0,0.29471069125879684,0.2680735289705094,0.0,0.0,0.0,0.05390410986153517,0.0,0.0,0.0,0.15289705822400176,0.1451590210199356,0.0,0.18539445178646605,0.0,0.1348132734255775,0.0,0.0,0.05749965917760623,0.0,0.2304877472876008,0.14751482541968558
0.0,0.0,0.0,0.0,0.0,0.0,0.0,0.0,0.0,0.0,0.0,0.0,0.0,0.0,0.0,0.0,0.0,0.0,0.0,0.0,0.0,0.0,0.0,0.31917646527290344,0.0,0.0,0.0,0.0,0.0,0.0,0.0,0.0,0.0,0.0,0.0,0.0,0.0,0.0,0.0,0.0,0.0,0.0,0.0,0.0,0.0,0.0,0.0,0.0,0.0,0.0,0.0,0.0,0.0,0.0,0.0,0.0,0.0,0.0,0.0,0.0,0.0,0.0,0.0,0.0,0.0,0.0,0.310226533815924,0.0,0.0,0.0,0.0,0.0,0.0,0.0,0.0,0.0,0.0,0.0,0.0,0.0,0.0,0.0,0.0,0.0,0.0,0.0,0.0,0.0,0.0,0.0,0.0,0.0,0.0,0.0,0.0,0.0,0.0,0.0,0.0,0.0
0.0,0.0,0.0,0.0,0.0,0.20014605452376721,0.15568624765171227,0.11348881537589764,0.0,0.0,0.0,0.0,0.0,0.0,0.0,0.0,0.0,0.0,0.0,0.14615123572116,0.0,0.0,0.0,0.2660286787503594,0.0,0.4648708476771868,0.2208155277028112,0.0,0.0,0.0,0.0,0.0,0.0,0.0,0.0,0.0,0.0,0.0,0.0,0.0,0.21354018213973092,0.0,0.802160256512318,0.0,0.13712069802325613,0.0,0.0,0.0,0.0,0.0,0.0,0.0,0.0,0.0,0.0,0.0,0.0,0.0,0.0,0.0,0.18872052599044864,0.0,0.0,0.0,0.0,0.0,0.1736243475041217,0.0,0.0,0.0,0.0,0.4295780062675476,0.0,0.0,0.0,0.0,0.0,0.0,0.0,0.42488399264586363,0.0,0.0,0.0,0.0,0.0,0.0,0.0,0.0,0.0,0.0,0.0,0.0,0.0,0.0,0.0,0.0,0.7934936285018921,0.0,0.3020213842391968,0.0
0.0,0.2560351989449451,0.22871526586215937,0.0,0.0,0.10416068498791575,0.14784423339163696,-0.11828636726599423,0.22033241465755776,0.12428006709283976,0.7216275334358215,0.0,0.3349463220955974,0.32980890440435984,0.12446270219109737,0.35735461528327644,0.27670144219840925,0.2940584715509209,0.0,-0.04325757332803232,0.38254734214910585,0.0,0.33946894880591383,0.1959484357145821,0.0,0.1113719093166837,0.17369456158887867,0.2167000191169079,0.7927323631854506,0.10055503250229983,0.0,0.42131686210632324,0.12470141209486046,0.0,0.4391530703624545,0.0,0.0,0.2540359768681119,0.0880519248681942,0.0,0.24111534632591433,0.11265768951649939,-0.12653788790362755,0.2643157345237472,0.028006908233188396,0.15106094056761585,0.0,0.0,0.0,0.24369266168940468,0.0,0.0,0.09715627641623012,0.3304863523036204,0.3086078867222002,0.0,0.2858189693163308,0.18728730626914122,0.3709742457878704,0.0,0.24224592843209491,0.0,0.0,0.35802456736564636,0.0,0.0,0.06257459829412075,0.0,0.0,0.0,0.8012199401855469,0.17269754756798084,0.34864964962756545,0.29041218457472395,0.0,0.0,0.30142226285084917,0.4895744829869457,0.0,0.17026960669818178,0.03490011564528621,0.0,0.0,0.3146621867836217,0.05306314460748307,0.0,0.3579417443759263,0.0,0.1873185809398784,0.0,0.0,0.16132055619107596,0.0,0.0,0.0,0.36783806056701784,0.020072453720344913,0.3360136339811157,0.25972554367601924,0.07587081835357357
0.14455423763522057,0.3184503947358957,0.46103853555910135,0.12867035528769707,0.19518840866975895,0.12103759211749644,0.48992277958089003,0.09764945304304465,0.28148734039937473,0.06348992037915507,0.18333035268964376,0.23672034270002953,0.16955698502350702,0.11123439818325029,0.10860006003443173,0.1297781244399156,0.3790937244704112,0.2901600622815445,0.0,0.1805500895058149,0.20245513990483133,0.0,0.14483115053463672,0.020375215706994715,0.26621892320373325,0.04341274702214536,-0.07788722116252414,0.31558543742674783,0.12288398552590662,0.14594204058532065,0.0,0.0,0.06576213004621759,0.0,0.18589965170278874,0.2242804591783434,0.30602940917015076,0.25926974626573207,0.06250708366707212,0.10538099507225707,0.017052952762746723,-0.043620191080148155,0.017650203061534798,0.10356345825836864,0.5067082879186006,-0.006605542273619466,0.3339561915499152,0.0,0.22154330702930528,0.32119762280268255,0.18642029433786877,0.12757738311264874,0.09789677712172641,0.41459425807948846,0.4832279262948733,0.0,0.15479314791779697,0.3229488540161643,0.0,0.0,0.2035783430340921,0.2629339931176258,0.3437264718634789,0.13324515026988526,0.21731259113106383,0.18819774647620743,0.026006477185959165,0.34292408521667817,0.07630336389708445,0.0,0.11463320029476785,0.1545452275415611,0.14730463270867036,0.3280730735391241,0.0,0.0,0.8526255488395691,0.21361598911974153,0.0,0.19080307472774752,0.02901359624510607,0.0,0.0,0.033106546917850865,0.1517361447906853,0.0,0.1267233337112048,0.0,0.1446137234535554,0.1074614818280569,0.0,0.08692658584303478,0.07065710109513158,0.1858110313424426,0.22357986930317253,0.143642227339556,-0.018201523824917312,0.19525032632534822,0.01731056706923062,0.1068919231059427
0.0,0.0,0.0,0.0,0.0,0.32701452638944917,0.30804176576352826,0.07260533651492342,0.0,0.3158397094234148,0.0,0.0,0.3953063089270241,0.44993191957473755,0.32722855217549374,0.23542099144502154,0.0,0.39168627190419714,0.0,0.28257851319764304,0.26572486758232117,0.0,0.4422557055950165,0.18990729803513365,0.0,0.3479071013994759,0.2914692746168578,0.0,0.0,0.0,0.0,0.0,0.28492026437758133,0.0,0.4306186334349539,0.0,0.0,0.7247334718704224,0.2956012772503174,0.0,0.38217787247012025,0.20310498685875827,-0.025342362732991515,0.42337758304887,0.35911844040065627,0.5324435260750321,0.0,0.0,0.0,0.5007228086625831,0.0,0.0,0.0,0.06977117383162157,0.12800893463390173,0.0,0.32184071176762263,0.20148920756275635,0.0,0.0,0.38787469633427457,0.0,0.0,0.0,0.0,0.0,0.09941472328737054,0.0,0.0,0.0,0.0,0.45532008621242004,0.46440179309603025,0.0,0.0,0.0,0.0,0.0,0.0,0.45265750395879883,0.0454674141017779,0.0,0.0,0.0,0.12792722799747372,0.0,0.4446465425259998,0.0,0.3662656789574943,0.0,0.0,0.34444320433717945,0.0,0.0,0.0,0.6281194018884566,0.251578040925135,0.4512905634180431,0.3421032957192423,0.2844242714565586
0.0,0.0,0.0,0.0,0.0,0.0,0.0,0.0,0.0,0.0,0.0,0.0,0.0,0.0,0.0,0.0,0.0,0.0,0.0,0.4474577009677887,0.0,0.0,0.0,0.0,0.0,0.0,0.0,0.0,0.0,0.0,0.0,0.0,0.0,0.0,0.0,0.0,0.0,0.0,0.0,0.0,0.0,0.0,0.0,0.0,0.0,0.0,0.0,0.0,0.0,0.0,0.0,0.0,0.0,0.0,0.0,0.0,0.0,0.0,0.0,0.0,0.0,0.0,0.0,0.0,0.0,0.0,0.0,0.0,0.0,0.0,0.0,0.0,0.0,0.0,0.0,0.0,0.0,0.0,0.0,0.0,0.0,0.0,0.0,0.0,0.0,0.0,0.0,0.0,0.0,0.0,0.0,0.0,0.0,0.0,0.0,0.0,0.0,0.0,0.0,0.0
0.0,0.3766884958299474,0.0,0.0,0.0,0.02478758016411295,0.03601084761208075,0.1461776793887759,0.3706024996680319,0.4134236801920208,0.0,0.0,0.40760585287442624,0.0,0.3467345100530043,0.5007589772456531,0.4444769028322231,0.21003708982597002,0.0,0.04587753544143355,0.03167920450810593,0.0,0.0,0.13180883930330767,0.37454290097696014,0.0700328119543323,0.19202791665901203,0.1259800540041999,0.0,0.2754959805306601,0.0,0.0,0.3550113946592487,0.0,0.41046580716875025,0.11417652555799161,0.0,0.5645938569984987,-0.10856793029887328,0.40799429687952776,0.20485029622689221,0.18639219400474538,0.19294202673936375,0.47715965659760073,0.09291563580352227,0.32152308476573804,0.7968142628669739,0.0,0.0,0.1388552906984014,0.0,0.0,0.0,0.18330750559038844,0.2639571920298845,0.0,0.20005695257082678,0.23876219838362914,0.0,0.0,0.07114532478545846,0.0,0.2788344538177778,0.0,0.0,0.0,0.13517042804229312,0.2753938680524391,0.5462779998779297,0.0,0.0,0.3367304572193713,0.24902992044538705,0.43381133430836133,0.0,0.0,0.0,0.2819379179560806,0.0,0.3192890308782736,0.0,0.0,0.0,0.0,-0.06414459270710796,0.0,0.5477560029488586,0.0,0.24549528708137514,0.5111486609277671,0.0,0.09639340097991439,0.4408591091632843,0.754395509580263,0.0,0.2553826939848212,0.16921513400188476,0.0,0.2566892762807933,0.2827256304578778
0.0,0.0,0.0,0.0,0.0,0.12059356265845125,0.09166889410776027,0.1209013215934803,0.0,0.0,0.0,0.0,0.0,0.0,0.0,0.0,0.0,0.0,0.0,0.12459433196212692,0.0,0.0,0.0,0.0,0.0,0.43830711423657565,0.11463088353491244,0.0,0.0,0.0,0.0,0.0,0.2611168103217392,0.0,0.0,0.0,0.0,0.0,0.39194419599563285,0.0,0.445123326573434,0.0,0.11835722167635682,0.6981896162033081,0.12852412623655224,0.0,0.0,0.0,0.0,0.0,0.0,0.0,0.0,0.0,0.0,0.0,0.0,0.3063260614871979,0.0,0.0,0.3866381241309479,0.0,0.0,0.0,0.0,0.0,0.0,0.0,0.0,0.0,0.0,0.0,0.0,0.0,0.0,0.0,0.0,0.0,0.0,0.0,0.0,0.0,0.0,0.0,0.0,0.0,0.0,0.0,0.678455272433844,0.0,0.0,0.0,0.0,0.0,0.0,0.0,0.4145127018201472,0.0,0.15678688216334002,0.29187698127377537
0.0,0.0,0.0,0.0,0.0,0.08866416524890097,0.13692274941253516,0.1994879217711794,0.0,0.22028625088678996,0.0,0.0,0.34150181284330117,0.3282430972060304,0.15670529408962428,0.20763042414405009,0.0,0.530232774750626,0.0,0.5470663863622013,0.0,0.0,0.0,-0.04114820976638243,0.060226100008488645,-0.060852132501759804,0.6194388392650982,0.0,0.0,0.0,0.3705795407295227,0.0,0.15303359620394746,0.0,0.3118684372200452,0.0,0.0,0.0,0.028083073151396173,0.0,0.09793407673783397,0.1464944872803941,0.05044752208098818,0.050504419071679935,0.08756771532499541,0.0,0.0,0.0,0.0,0.14718735260430477,0.0,0.0,0.0,0.03659784407677218,0.0,0.0,0.05090187767604615,0.0,0.0,0.0,0.592912442634708,0.0,0.0,0.0,0.1432039588689804,0.0,0.2008428265364478,0.0,0.0,0.0,0.0,0.02819682714870017,0.05602316878396128,0.0,0.0,0.0,0.0,0.0,0.0,0.02775999363293808,0.0,0.0,0.0,0.0,0.007475807201780554,0.0,0.0,0.0,0.032617970450160995,0.0,0.0,0.16252125637679296,0.0,0.0547422395292676,0.0,0.0,0.08673541421073451,0.0,0.2354830375391231,0.1665429834517754
0.0,0.0,0.0,0.0,0.0,0.0,0.0,0.09709007292985916,0.0,0.0,0.0,0.0,0.0,0.0,0.0,0.0,0.0,0.0,0.0,0.0,0.0,0.0,0.0,0.0,0.0,0.0,0.0,0.0,0.0,0.0,0.0,0.0,0.0,0.0,0.0,0.0,0.0,0.0,0.4683651626110077,0.0,0.0,0.0,0.0,0.0,0.0,0.0,0.0,0.0,0.0,0.0,0.0,0.0,0.0,0.0,0.0,0.0,0.0,0.0,0.0,0.0,0.0,0.0,0.0,0.0,0.0,0.0,0.0,0.0,0.0,0.0,0.0,0.0,0.0,0.0,0.0,0.0,0.0,0.0,0.0,0.0,0.0,0.0,0.0,0.0,0.0,0.0,0.0,0.0,0.0,0.0,0.0,0.0,0.0,0.0,0.0,0.0,0.0,0.0,0.0,0.0
0.0,0.5151669358198774,0.0,0.0,0.0,0.24323967244769365,0.24783916033261927,0.17320023709072574,0.4433295710459566,0.6643268157829993,0.0,0.0,0.7445636346858464,0.0,0.5163806088040352,0.20051122817520137,0.0,0.0,0.0,0.3526044690141918,0.0,0.0,0.0,0.23131694559347257,0.0,0.15731444776303802,0.37769931386280486,0.1465914288260337,0.0,0.33788638122141745,0.0,0.0,0.325982497314495,0.0,0.681102728974499,0.2233724438419813,0.0,0.5329401932238298,0.1039974492690702,0.7981910705566406,0.1289677443958278,0.2876415951086059,0.3156390809945458,0.18195346074506555,0.2507944672273702,0.5972352880251108,0.0,0.0,0.0,0.2196960494211983,0.0,0.0,0.0,0.2972963417916754,0.4134264794236704,0.0,0.368464916968706,0.0,0.0,0.0,0.26973652682049126,0.0,0.0,0.0,0.0,0.0,0.249960132079984,0.0,0.0,0.0,0.0,0.46528297834036025,0.0,0.7892981171607971,0.0,0.0,0.0,0.0,0.0,0.42236810453824536,0.0,0.0,0.0,0.0,0.11575263694004201,0.0,0.0,0.0,0.26140104527725816,0.0,0.0,0.2544805419048779,0.0,0.0,0.0,0.0,0.06370334032336467,0.0,0.37988956472341956,0.3745373692713715
0.22332821225427324,0.11534836693311737,0.0,0.15717664332116574,0.5185725056188362,0.027934086030388803,0.06954157352836739,-0.07818381684801186,0.10512620227282565,-0.06266892483946568,0.0,0.2024933867145126,0.22992965330436763,0.0,0.06345862308211007,0.08216237245878584,0.1751571054467253,0.11991824994424219,0.0,-0.014083289585341639,0.1600027666541978,0.24555933475494385,0.15903245860364218,-0.08625223149089675,0.2257553073755116,0.1399801095814965,0.23396345152593662,0.23515954717844637,0.18019522670770027,0.11110684349566839,0.0,0.0,-0.1204629578517522,0.0,0.2141033109421463,0.14617502499162038,0.0,0.2351440275167201,-0.1504313213085044,0.006062966696048194,0.09825164087849603,0.028231897212891252,0.05201576100058986,-0.0727446163288504,0.048344286963373034,0.08134760049252646,0.0,0.0,0.23302422056682415,-0.013720680532503707,0.2880089282989502,0.14460983136888939,0.0,0.07028586079964122,0.0753218789790108,0.0,-0.0025592065240539336,0.17278176757964808,0.0,0.0,0.14252013759521032,0.0,0.0,0.16939146565783977,0.0,0.2298920369466515,0.028062147562969545,0.0,0.11788442958777133,0.0,0.1771018830414343,0.23639229184137153,0.09580135374009556,0.08303658114883983,0.0,0.0,0.0,0.15978747060744553,0.0,0.26740562726866635,0.03817028436727493,0.0,0.0,0.0,0.058681242811023875,0.0,0.041161046732648754,0.0,-0.17418436508889293,0.10520306503141383,0.0,0.1066872526312318,0.05565237432845403,0.2472139445268975,0.0,0.1418894613184547,-0.1286296917491994,0.38690154334208315,0.2206271559384689,-0.05649782762954268
0.0,0.0,0.0,0.0,0.0,0.0,0.0,0.0,0.0,0.0,0.0,0.0,0.0,0.0,0.0,0.0,0.0,0.0,0.0,0.0,0.0,0.0,0.0,0.0,0.0,0.0,0.0,0.0,0.0,0.0,0.0,0.0,0.0,0.0,0.0,0.0,0.0,0.0,0.0,0.0,0.0,0.0,0.0,0.0,0.0,0.0,0.0,0.0,0.0,0.0,0.0,0.0,0.0,0.0,0.0,0.0,0.0,0.0,0.0,0.0,0.0,0.0,0.0,0.0,0.0,0.0,0.0,0.0,0.0,0.0,0.0,0.0,0.0,0.0,0.0,0.0,0.0,0.0,0.0,0.0,0.0,0.0,0.0,0.0,0.0,0.0,0.0,0.0,0.0,0.0,0.0,0.0,0.0,0.0,0.0,0.0,0.0,0.0,0.0,0.0
0.0,0.8090282678604126,0.0,0.0,0.0,0.6585175091466775,0.5211557418083709,0.4051885356561008,0.8015561090978167,0.012316149823571378,0.0,0.0,0.4702647030353546,0.0,0.32256541811309375,0.27699287569689157,0.6334152817726135,0.09384444338284423,0.0,0.419109673502118,0.0,0.0,0.0,0.45284633029283705,0.0,0.12622310264392728,0.4621362471688204,0.26504267477502563,0.0,0.18239997526608498,0.0,0.0,0.5473141870056213,0.0,0.4706091223491864,0.0,0.0,0.0,0.30174436579940445,0.0,0.20539190600157736,0.2565358699701919,0.13109526367678104,0.27199064349135604,0.4533006318540825,0.39603662449757415,0.0,0.0,0.0,0.32588349860911214,0.0,0.0,0.0,0.2688458859720484,0.0,0.0,0.45148557771259057,0.0,0.0,0.0,0.21319895650678078,0.0,0.0,0.0,0.0,0.0,0.28481804027926966,0.0,0.0,0.0,0.0,0.0,0.11126641627550171,0.0,0.0,0.0,0.0,0.18536634743213654,0.0,0.7142404317855835,0.0,0.0,0.0,0.0,0.0767574932854604,0.0,0.0,0.0,0.495846995378576,0.0,0.0,0.30278877735400356,0.0,0.0,0.0,0.46720126271247864,0.16512789914565235,0.0,0.4704229595072731,0.5971871856752891
0.0,0.0,0.0,0.0,0.0,0.16131462708243868,0.14292632214793966,0.6884818153700967,0.0,0.41654921562866276,0.0,0.0,0.0,0.0,0.3892214456426728,0.0,0.0,0.22735986421067622,0.0,0.1578959415325523,0.0,0.0,0.0,0.25817198687135456,0.3319914638996124,0.40144360240908467,0.019574436795588675,0.0,0.0,0.0,0.0,0.0,0.4244741859060579,0.0,0.0,0.0,0.0,0.0,0.1857425132468261,0.0,0.059980172946931615,0.2619068989323692,0.05250463307463646,0.26764511499843735,0.10856592919591099,0.0,0.0,0.0,0.0,0.25998412643341573,0.0,0.0,0.0,0.31302754536404453,0.0,0.0,0.0,0.0,0.0,0.0,0.1398084133602029,0.0,0.0,0.0,0.0,0.0,0.18819812844111466,0.0,0.0,0.0,0.0,0.5150835514068604,0.26956862211227417,0.0,0.0,0.0,0.0,0.0,0.0,0.5071037259645976,0.0,0.0,0.0,0.0,0.04120977742873233,0.0,0.0,0.0,0.2594273104294651,0.0,0.0,0.3217687329101009,0.0,0.0,0.0,0.0,0.2860285697377686,0.0,0.026773019806211273,0.3993307508599171
0.0,0.0,0.0,0.0,0.29206048841503396,0.30248953300482473,0.33641990892545437,0.11352482441895168,0.0,0.05215659148344258,0.6152811050415039,0.7293558716773987,0.30462490462251535,0.0,0.19433125438757703,0.42033452849465425,0.0,0.4067277670092309,0.0,0.2951088008457718,0.18470858264413353,0.0,0.0,0.05572371663511608,0.8372780680656433,0.16184921963564375,0.4515543432633226,0.24232490360736847,0.0,0.18269098495587324,0.0,0.0,0.4913519059136715,0.0,0.36571003465715035,0.18416522207687208,0.0,0.0,0.05144117644412266,0.17917415542720683,0.0919663904374421,0.1663605478805112,0.06397965791920725,0.3034021878305907,0.222561315367279,0.15818514120707153,0.0,0.0,0.0,0.24291751501072711,0.0,0.0,0.0,0.36478962091722167,0.20409370002338978,0.0,0.09147786762135883,0.0,0.0,0.0,0.43062028176691447,0.0,0.0,0.0,0.0,0.0,0.09236772603057013,0.0,0.0,0.0,0.0,0.14488271479215525,0.47119246701606,0.0,0.0,0.0,0.0,0.47386160783446485,0.0,0.10375150190534474,0.0,0.0,0.0,0.0,0.31922627495963457,0.0,0.0,0.0,0.46518703210301177,0.0,0.0,0.097278293315669,0.0,0.0,0.0,0.11985167564786285,0.16452154184774678,0.29352818142135817,0.5010258731776218,0.19281464157600528
0.0,0.0,0.0,0.0,0.0,0.0228642340998415,0.054029228203077276,0.24959279435745144,0.0,0.0,0.0,0.0,0.0,0.0,0.0,0.0,0.0,0.0,0.0,0.09714448722562936,0.0,0.0,0.0,0.40464104380257027,0.0,0.09779816080525822,0.33766308426856995,0.0,0.0,0.0,0.0,0.0,0.0,0.0,0.0,0.0,0.0,0.0,0.0756465841029501,0.0,0.1074368192467432,0.29988684448907676,0.10920993783839054,0.16484575838641558,0.0156643594448928,0.8476788401603699,0.0,0.0,0.0,0.6658822894096375,0.0,0.0,0.0,0.0,0.0,0.0,0.41746681928634644,0.0,0.0,0.0,0.06264516740704562,0.0,0.0,0.0,0.0,0.0,0.30034087723394676,0.0,0.0,0.0,0.0,0.0,0.0,0.0,0.0,0.0,0.0,0.0,0.0,0.0,0.0,0.0,0.0,0.0,0.16429213576997093,0.0,0.0,0.0,0.12411788435867528,0.0,0.0,0.0,0.0,0.0,0.0,0.0,0.08389645965901596,0.0,0.0,0.0
0.0,0.0,0.0,0.0,0.0,0.0,0.0,0.0,0.0,0.0,0.0,0.0,0.0,0.0,0.0,0.0,0.0,0.0,0.0,0.0,0.0,0.0,0.0,0.0,0.0,0.0,0.0,0.0,0.0,0.0,0.0,0.0,0.0,0.0,0.0,0.0,0.0,0.0,0.0,0.0,0.0,0.0,0.0,0.0,0.0,0.0,0.0,0.0,0.0,0.0,0.0,0.0,0.0,0.0,0.0,0.0,0.0,0.0,0.0,0.0,0.0,0.0,0.0,0.0,0.0,0.0,0.0,0.0,0.0,0.0,0.0,0.0,0.0,0.0,0.0,0.0,0.0,0.0,0.0,0.0,0.0,0.0,0.0,0.0,0.0,0.0,0.0,0.0,0.0,0.0,0.0,0.0,0.0,0.0,0.0,0.0,0.0,0.0,0.0,0.0
0.0,0.0,0.0,0.0,0.0,0.0,0.0,0.08196032451259992,0.0,0.0,0.0,0.0,0.0,0.0,0.0,0.0,0.0,0.0,0.0,0.0,0.0,0.0,0.0,0.0,0.0,0.0,0.0,0.0,0.0,0.0,0.0,0.0,0.0,0.0,0.0,0.0,0.0,0.0,0.07199744874500685,0.0,0.0,0.0,0.0,0.0,0.13293738757329976,0.0,0.0,0.0,0.0,0.10025905598007112,0.0,0.0,0.0,0.10478848704858379,0.19225507974624634,0.0,0.0,0.0,0.0,0.0,0.0,0.0,0.0,0.0,0.0,0.0,0.0,0.0,0.0,0.0,0.0,0.0,0.0,0.0,0.0,0.0,0.0,0.0,0.0,0.0,0.0,0.0,0.0,0.0,0.0,0.0,0.0,0.0,0.09792824378762083,0.0,0.0,0.0,0.0,0.0,0.0,0.0,0.0,0.0,0.0,0.0
0.0,0.0,0.0,0.0,0.0,0.21414628209952102,0.2239826506250754,0.12184077552045167,0.0,0.0,0.0,0.0,0.0,0.0,0.0,0.0,0.0,0.0,0.0,0.221058082754374,0.0,0.0,0.0,0.0,0.0,0.21975516377952906,0.7311254739761353,0.0,0.0,0.0,0.0,0.0,0.0,0.0,0.0,0.0,0.0,0.0,0.0,0.0,0.23109763860702515,0.0,0.15519320443036033,0.0,0.14671229842846842,0.0,0.0,0.0,0.0,0.0,0.0,0.0,0.0,0.0,0.0,0.0,0.0,0.0,0.0,0.0,0.203217963383254,0.0,0.0,0.0,0.0,0.0,0.0,0.0,0.0,0.0,0.0,0.0,0.0,0.0,0.0,0.0,0.0,0.0,0.0,0.0,0.0,0.0,0.0,0.0,0.0,0.0,0.0,0.0,0.0,0.0,0.0,0.0,0.0,0.0,0.0,0.0,0.0,0.0,0.0,0.0
0.0,0.0,0.0,0.0,0.0,0.0,0.0,0.0,0.0,0.0,0.0,0.0,0.0,0.0,0.0,0.0,0.0,0.0,0.0,0.0,0.0,0.0,0.0,0.0,0.0,0.0,0.0,0.0,0.0,0.0,0.0,0.0,0.7256510853767395,0.0,0.0,0.0,0.0,0.0,0.0,0.0,0.0,0.0,0.0,0.0,0.1572754830121994,0.0,0.0,0.0,0.0,0.0,0.0,0.0,0.0,0.0,0.0,0.0,0.0,0.0,0.0,0.0,0.0,0.0,0.0,0.0,0.0,0.0,0.0,0.0,0.0,0.0,0.0,0.0,0.0,0.0,0.0,0.0,0.0,0.0,0.0,0.0,0.0,0.0,0.0,0.0,0.0,0.0,0.0,0.0,0.0,0.0,0.0,0.0,0.0,0.0,0.0,0.0,0.202745258808136,0.0,0.0,0.0
